This is pdfTeX, Version 3.141592653-2.6-1.40.29 (TeX Live 2026/Arch Linux) (preloaded format=pdflatex 2026.6.2)  8 JUL 2026 19:27
entering extended mode
 restricted \write18 enabled.
 %&-line parsing enabled.
**main2.tex
(./main2.tex
LaTeX2e <2025-11-01>
L3 programming layer <2026-01-19>
(/usr/share/texmf-dist/tex/latex/base/article.cls
Document Class: article 2025/01/22 v1.4n Standard LaTeX document class
(/usr/share/texmf-dist/tex/latex/base/size12.clo
File: size12.clo 2025/01/22 v1.4n Standard LaTeX file (size option)
)
\c@part=\count275
\c@section=\count276
\c@subsection=\count277
\c@subsubsection=\count278
\c@paragraph=\count279
\c@subparagraph=\count280
\c@figure=\count281
\c@table=\count282
\abovecaptionskip=\skip49
\belowcaptionskip=\skip50
\bibindent=\dimen148
)
(/usr/share/texmf-dist/tex/latex/base/inputenc.sty
Package: inputenc 2024/02/08 v1.3d Input encoding file
\inpenc@prehook=\toks17
\inpenc@posthook=\toks18
)
(/usr/share/texmf-dist/tex/latex/base/fontenc.sty
Package: fontenc 2025/07/18 v2.1d Standard LaTeX package
)
(/usr/share/texmf-dist/tex/generic/babel/babel.sty
Package: babel 2026/02/14 v26.3 The multilingual framework for LuaLaTeX, pdfLaT
eX and XeLaTeX
\babel@savecnt=\count283
LaTeX Encoding Info:    Redeclaring text command \ij (encoding OT1) on input li
ne 2078.
LaTeX Encoding Info:    Redeclaring text command \IJ (encoding OT1) on input li
ne 2080.
LaTeX Encoding Info:    Redeclaring text command \ij (encoding T1) on input lin
e 2082.
LaTeX Encoding Info:    Redeclaring text command \IJ (encoding T1) on input lin
e 2083.
LaTeX Encoding Info:    Ignoring declaration for text command \ij (encoding ?) 
on input line 2084.
LaTeX Encoding Info:    Ignoring declaration for text command \IJ (encoding ?) 
on input line 2086.
LaTeX Encoding Info:    Ignoring declaration for text command \SS (encoding ?) 
on input line 2111.
\U@D=\dimen149
\l@unhyphenated=\language6

(/usr/share/texmf-dist/tex/generic/babel/txtbabel.def)
\bbl@readstream=\read2
\bbl@dirlevel=\count284

(/usr/share/texmf-dist/tex/generic/babel/locale/es/babel-spanish.tex)
Package babel Info: Importing font and identification data for spanish
(babel)             from babel-es.ini. Reported on input line 4330.

(/usr/share/texmf-dist/tex/generic/babel-spanish/spanish.ldf
Language: spanish.ldf 2021/05/27 v5.0q Spanish support from the babel system
\es@quottoks=\toks19
\es@quotdepth=\count285
Package babel Info: Making " an active character on input line 570.
Package babel Info: Making . an active character on input line 675.
Package babel Info: Making < an active character on input line 722.
Package babel Info: Making > an active character on input line 722.
))
LaTeX Encoding Info:    Redeclaring text command \guillemotleft (encoding OT1) 
on input line 13.
LaTeX Encoding Info:    Redeclaring text command \guillemotright (encoding OT1)
 on input line 13.

(/usr/share/texmf-dist/tex/latex/lm/lmodern.sty
Package: lmodern 2015/05/01 v1.6.1 Latin Modern Fonts
LaTeX Font Info:    Overwriting symbol font `operators' in version `normal'
(Font)                  OT1/cmr/m/n --> OT1/lmr/m/n on input line 22.
LaTeX Font Info:    Overwriting symbol font `letters' in version `normal'
(Font)                  OML/cmm/m/it --> OML/lmm/m/it on input line 23.
LaTeX Font Info:    Overwriting symbol font `symbols' in version `normal'
(Font)                  OMS/cmsy/m/n --> OMS/lmsy/m/n on input line 24.
LaTeX Font Info:    Overwriting symbol font `largesymbols' in version `normal'
(Font)                  OMX/cmex/m/n --> OMX/lmex/m/n on input line 25.
LaTeX Font Info:    Overwriting symbol font `operators' in version `bold'
(Font)                  OT1/cmr/bx/n --> OT1/lmr/bx/n on input line 26.
LaTeX Font Info:    Overwriting symbol font `letters' in version `bold'
(Font)                  OML/cmm/b/it --> OML/lmm/b/it on input line 27.
LaTeX Font Info:    Overwriting symbol font `symbols' in version `bold'
(Font)                  OMS/cmsy/b/n --> OMS/lmsy/b/n on input line 28.
LaTeX Font Info:    Overwriting symbol font `largesymbols' in version `bold'
(Font)                  OMX/cmex/m/n --> OMX/lmex/m/n on input line 29.
LaTeX Font Info:    Overwriting math alphabet `\mathbf' in version `normal'
(Font)                  OT1/cmr/bx/n --> OT1/lmr/bx/n on input line 31.
LaTeX Font Info:    Overwriting math alphabet `\mathsf' in version `normal'
(Font)                  OT1/cmss/m/n --> OT1/lmss/m/n on input line 32.
LaTeX Font Info:    Overwriting math alphabet `\mathit' in version `normal'
(Font)                  OT1/cmr/m/it --> OT1/lmr/m/it on input line 33.
LaTeX Font Info:    Overwriting math alphabet `\mathtt' in version `normal'
(Font)                  OT1/cmtt/m/n --> OT1/lmtt/m/n on input line 34.
LaTeX Font Info:    Overwriting math alphabet `\mathbf' in version `bold'
(Font)                  OT1/cmr/bx/n --> OT1/lmr/bx/n on input line 35.
LaTeX Font Info:    Overwriting math alphabet `\mathsf' in version `bold'
(Font)                  OT1/cmss/bx/n --> OT1/lmss/bx/n on input line 36.
LaTeX Font Info:    Overwriting math alphabet `\mathit' in version `bold'
(Font)                  OT1/cmr/bx/it --> OT1/lmr/bx/it on input line 37.
LaTeX Font Info:    Overwriting math alphabet `\mathtt' in version `bold'
(Font)                  OT1/cmtt/m/n --> OT1/lmtt/m/n on input line 38.
)
(/usr/share/texmf-dist/tex/latex/microtype/microtype.sty
Package: microtype 2026/03/01 v3.2d Micro-typographical refinements (RS)

(/usr/share/texmf-dist/tex/latex/graphics/keyval.sty
Package: keyval 2022/05/29 v1.15 key=value parser (DPC)
\KV@toks@=\toks20
)
(/usr/share/texmf-dist/tex/latex/etoolbox/etoolbox.sty
Package: etoolbox 2025/10/02 v2.5m e-TeX tools for LaTeX (JAW)
\etb@tempcnta=\count286
)
\MT@toks=\toks21
\MT@tempbox=\box53
\MT@count=\count287
LaTeX Info: Redefining \noprotrusionifhmode on input line 1084.
LaTeX Info: Redefining \leftprotrusion on input line 1085.
\MT@prot@toks=\toks22
LaTeX Info: Redefining \rightprotrusion on input line 1104.
LaTeX Info: Redefining \textls on input line 1449.
\MT@outer@kern=\dimen150
LaTeX Info: Redefining \microtypecontext on input line 2053.
LaTeX Info: Redefining \textmicrotypecontext on input line 2070.
\MT@listname@count=\count288

(/usr/share/texmf-dist/tex/latex/microtype/microtype-pdftex.def
File: microtype-pdftex.def 2026/03/01 v3.2d Definitions specific to pdftex (RS)

LaTeX Info: Redefining \lsstyle on input line 944.
LaTeX Info: Redefining \lslig on input line 944.
\MT@outer@space=\skip51
)
Package microtype Info: Loading configuration file microtype.cfg.

(/usr/share/texmf-dist/tex/latex/microtype/microtype.cfg
File: microtype.cfg 2026/03/01 v3.2d microtype main configuration file (RS)
)
LaTeX Info: Redefining \microtypesetup on input line 3065.
)
(/usr/share/texmf-dist/tex/latex/amsmath/amsmath.sty
Package: amsmath 2025/07/09 v2.17z AMS math features
\@mathmargin=\skip52

For additional information on amsmath, use the `?' option.
(/usr/share/texmf-dist/tex/latex/amsmath/amstext.sty
Package: amstext 2024/11/17 v2.01 AMS text

(/usr/share/texmf-dist/tex/latex/amsmath/amsgen.sty
File: amsgen.sty 1999/11/30 v2.0 generic functions
\@emptytoks=\toks23
\ex@=\dimen151
))
(/usr/share/texmf-dist/tex/latex/amsmath/amsbsy.sty
Package: amsbsy 1999/11/29 v1.2d Bold Symbols
\pmbraise@=\dimen152
)
(/usr/share/texmf-dist/tex/latex/amsmath/amsopn.sty
Package: amsopn 2022/04/08 v2.04 operator names
)
\inf@bad=\count289
LaTeX Info: Redefining \frac on input line 233.
\uproot@=\count290
\leftroot@=\count291
LaTeX Info: Redefining \overline on input line 398.
LaTeX Info: Redefining \colon on input line 409.
\classnum@=\count292
\DOTSCASE@=\count293
LaTeX Info: Redefining \ldots on input line 495.
LaTeX Info: Redefining \dots on input line 498.
LaTeX Info: Redefining \cdots on input line 619.
\Mathstrutbox@=\box54
\strutbox@=\box55
LaTeX Info: Redefining \big on input line 721.
LaTeX Info: Redefining \Big on input line 722.
LaTeX Info: Redefining \bigg on input line 723.
LaTeX Info: Redefining \Bigg on input line 724.
\big@size=\dimen153
LaTeX Font Info:    Redeclaring font encoding OML on input line 742.
LaTeX Font Info:    Redeclaring font encoding OMS on input line 743.
\macc@depth=\count294
LaTeX Info: Redefining \bmod on input line 904.
LaTeX Info: Redefining \pmod on input line 909.
LaTeX Info: Redefining \smash on input line 939.
LaTeX Info: Redefining \relbar on input line 969.
LaTeX Info: Redefining \Relbar on input line 970.
\c@MaxMatrixCols=\count295
\dotsspace@=\muskip17
\c@parentequation=\count296
\dspbrk@lvl=\count297
\tag@help=\toks24
\row@=\count298
\column@=\count299
\maxfields@=\count300
\andhelp@=\toks25
\eqnshift@=\dimen154
\alignsep@=\dimen155
\tagshift@=\dimen156
\tagwidth@=\dimen157
\totwidth@=\dimen158
\lineht@=\dimen159
\@envbody=\toks26
\multlinegap=\skip53
\multlinetaggap=\skip54
\mathdisplay@stack=\toks27
LaTeX Info: Redefining \[ on input line 2950.
LaTeX Info: Redefining \] on input line 2951.
)
(/usr/share/texmf-dist/tex/latex/amsfonts/amssymb.sty
Package: amssymb 2013/01/14 v3.01 AMS font symbols

(/usr/share/texmf-dist/tex/latex/amsfonts/amsfonts.sty
Package: amsfonts 2013/01/14 v3.01 Basic AMSFonts support
\symAMSa=\mathgroup4
\symAMSb=\mathgroup5
LaTeX Font Info:    Redeclaring math symbol \hbar on input line 98.
LaTeX Font Info:    Overwriting math alphabet `\mathfrak' in version `bold'
(Font)                  U/euf/m/n --> U/euf/b/n on input line 106.
))
(/usr/share/texmf-dist/tex/latex/geometry/geometry.sty
Package: geometry 2020/01/02 v5.9 Page Geometry

(/usr/share/texmf-dist/tex/generic/iftex/ifvtex.sty
Package: ifvtex 2019/10/25 v1.7 ifvtex legacy package. Use iftex instead.

(/usr/share/texmf-dist/tex/generic/iftex/iftex.sty
Package: iftex 2024/12/12 v1.0g TeX engine tests
))
\Gm@cnth=\count301
\Gm@cntv=\count302
\c@Gm@tempcnt=\count303
\Gm@bindingoffset=\dimen160
\Gm@wd@mp=\dimen161
\Gm@odd@mp=\dimen162
\Gm@even@mp=\dimen163
\Gm@layoutwidth=\dimen164
\Gm@layoutheight=\dimen165
\Gm@layouthoffset=\dimen166
\Gm@layoutvoffset=\dimen167
\Gm@dimlist=\toks28
)
(/usr/share/texmf-dist/tex/latex/graphics/graphicx.sty
Package: graphicx 2024/12/31 v1.2e Enhanced LaTeX Graphics (DPC,SPQR)

(/usr/share/texmf-dist/tex/latex/graphics/graphics.sty
Package: graphics 2024/08/06 v1.4g Standard LaTeX Graphics (DPC,SPQR)

(/usr/share/texmf-dist/tex/latex/graphics/trig.sty
Package: trig 2023/12/02 v1.11 sin cos tan (DPC)
)
(/usr/share/texmf-dist/tex/latex/graphics-cfg/graphics.cfg
File: graphics.cfg 2016/06/04 v1.11 sample graphics configuration
)
Package graphics Info: Driver file: pdftex.def on input line 106.

(/usr/share/texmf-dist/tex/latex/graphics-def/pdftex.def
File: pdftex.def 2025/09/29 v1.2d Graphics/color driver for pdftex
))
\Gin@req@height=\dimen168
\Gin@req@width=\dimen169
)
(/usr/share/texmf-dist/tex/latex/float/float.sty
Package: float 2001/11/08 v1.3d Float enhancements (AL)
\c@float@type=\count304
\float@exts=\toks29
\float@box=\box56
\@float@everytoks=\toks30
\@floatcapt=\box57
)
(/usr/share/texmf-dist/tex/latex/caption/caption.sty
Package: caption 2023/08/05 v3.6o Customizing captions (AR)

(/usr/share/texmf-dist/tex/latex/caption/caption3.sty
Package: caption3 2023/07/31 v2.4d caption3 kernel (AR)
\caption@tempdima=\dimen170
\captionmargin=\dimen171
\caption@leftmargin=\dimen172
\caption@rightmargin=\dimen173
\caption@width=\dimen174
\caption@indent=\dimen175
\caption@parindent=\dimen176
\caption@hangindent=\dimen177
Package caption Info: Standard document class detected.
)
\c@caption@flags=\count305
\c@continuedfloat=\count306
Package caption Info: float package is loaded.
)
(/usr/share/texmf-dist/tex/latex/caption/subcaption.sty
Package: subcaption 2023/07/28 v1.6b Sub-captions (AR)
Package caption Info: New subtype `subfigure' on input line 238.
\c@subfigure=\count307
Package caption Info: New subtype `subtable' on input line 238.
\c@subtable=\count308
)
(/usr/share/texmf-dist/tex/latex/xcolor/xcolor.sty
Package: xcolor 2024/09/29 v3.02 LaTeX color extensions (UK)

(/usr/share/texmf-dist/tex/latex/graphics-cfg/color.cfg
File: color.cfg 2016/01/02 v1.6 sample color configuration
)
Package xcolor Info: Driver file: pdftex.def on input line 274.

(/usr/share/texmf-dist/tex/latex/graphics/mathcolor.ltx)
Package xcolor Info: Model `cmy' substituted by `cmy0' on input line 1349.
Package xcolor Info: Model `hsb' substituted by `rgb' on input line 1353.
Package xcolor Info: Model `RGB' extended on input line 1365.
Package xcolor Info: Model `HTML' substituted by `rgb' on input line 1367.
Package xcolor Info: Model `Hsb' substituted by `hsb' on input line 1368.
Package xcolor Info: Model `tHsb' substituted by `hsb' on input line 1369.
Package xcolor Info: Model `HSB' substituted by `hsb' on input line 1370.
Package xcolor Info: Model `Gray' substituted by `gray' on input line 1371.
Package xcolor Info: Model `wave' substituted by `hsb' on input line 1372.
)
(/usr/share/texmf-dist/tex/latex/graphics/dvipsnam.def
File: dvipsnam.def 2016/06/17 v3.0m Driver-dependent file (DPC,SPQR)
)
(/usr/share/texmf-dist/tex/latex/colortbl/colortbl.sty
Package: colortbl 2024/10/29 v1.0k Color table columns (DPC)

(/usr/share/texmf-dist/tex/latex/tools/array.sty
Package: array 2025/09/25 v2.6n Tabular extension package (FMi)
\col@sep=\dimen178
\ar@mcellbox=\box58
\extrarowheight=\dimen179
\NC@list=\toks31
\extratabsurround=\skip55
\backup@length=\skip56
\ar@cellbox=\box59
)
\everycr=\toks32
\minrowclearance=\skip57
\rownum=\count309
)
(/usr/share/texmf-dist/tex/latex/pgf/frontendlayer/tikz.sty
(/usr/share/texmf-dist/tex/latex/pgf/basiclayer/pgf.sty
(/usr/share/texmf-dist/tex/latex/pgf/utilities/pgfrcs.sty
(/usr/share/texmf-dist/tex/generic/pgf/utilities/pgfutil-common.tex
\pgfutil@everybye=\toks33
\pgfutil@tempdima=\dimen180
\pgfutil@tempdimb=\dimen181
)
(/usr/share/texmf-dist/tex/generic/pgf/utilities/pgfutil-latex.def
\pgfutil@abb=\box60
)
(/usr/share/texmf-dist/tex/generic/pgf/utilities/pgfrcs.code.tex
(/usr/share/texmf-dist/tex/generic/pgf/pgf.revision.tex)
Package: pgfrcs 2025-08-29 v3.1.11a (3.1.11a)
))
Package: pgf 2025-08-29 v3.1.11a (3.1.11a)

(/usr/share/texmf-dist/tex/latex/pgf/basiclayer/pgfcore.sty
(/usr/share/texmf-dist/tex/latex/pgf/systemlayer/pgfsys.sty
(/usr/share/texmf-dist/tex/generic/pgf/systemlayer/pgfsys.code.tex
Package: pgfsys 2025-08-29 v3.1.11a (3.1.11a)

(/usr/share/texmf-dist/tex/generic/pgf/utilities/pgfkeys.code.tex
\pgfkeys@pathtoks=\toks34
\pgfkeys@temptoks=\toks35

(/usr/share/texmf-dist/tex/generic/pgf/utilities/pgfkeyslibraryfiltered.code.te
x
\pgfkeys@tmptoks=\toks36
))
\pgf@x=\dimen182
\pgf@y=\dimen183
\pgf@xa=\dimen184
\pgf@ya=\dimen185
\pgf@xb=\dimen186
\pgf@yb=\dimen187
\pgf@xc=\dimen188
\pgf@yc=\dimen189
\pgf@xd=\dimen190
\pgf@yd=\dimen191
\w@pgf@writea=\write3
\r@pgf@reada=\read3
\c@pgf@counta=\count310
\c@pgf@countb=\count311
\c@pgf@countc=\count312
\c@pgf@countd=\count313
\t@pgf@toka=\toks37
\t@pgf@tokb=\toks38
\t@pgf@tokc=\toks39
\pgf@sys@id@count=\count314
 (/usr/share/texmf-dist/tex/generic/pgf/systemlayer/pgf.cfg
File: pgf.cfg 2025-08-29 v3.1.11a (3.1.11a)
)
Driver file for pgf: pgfsys-pdftex.def

(/usr/share/texmf-dist/tex/generic/pgf/systemlayer/pgfsys-pdftex.def
File: pgfsys-pdftex.def 2025-08-29 v3.1.11a (3.1.11a)

(/usr/share/texmf-dist/tex/generic/pgf/systemlayer/pgfsys-common-pdf.def
File: pgfsys-common-pdf.def 2025-08-29 v3.1.11a (3.1.11a)
)))
(/usr/share/texmf-dist/tex/generic/pgf/systemlayer/pgfsyssoftpath.code.tex
File: pgfsyssoftpath.code.tex 2025-08-29 v3.1.11a (3.1.11a)
\pgfsyssoftpath@smallbuffer@items=\count315
\pgfsyssoftpath@bigbuffer@items=\count316
)
(/usr/share/texmf-dist/tex/generic/pgf/systemlayer/pgfsysprotocol.code.tex
File: pgfsysprotocol.code.tex 2025-08-29 v3.1.11a (3.1.11a)
))
(/usr/share/texmf-dist/tex/generic/pgf/basiclayer/pgfcore.code.tex
Package: pgfcore 2025-08-29 v3.1.11a (3.1.11a)

(/usr/share/texmf-dist/tex/generic/pgf/math/pgfmath.code.tex
(/usr/share/texmf-dist/tex/generic/pgf/math/pgfmathutil.code.tex)
(/usr/share/texmf-dist/tex/generic/pgf/math/pgfmathparser.code.tex
\pgfmath@dimen=\dimen192
\pgfmath@count=\count317
\pgfmath@box=\box61
\pgfmath@toks=\toks40
\pgfmath@stack@operand=\toks41
\pgfmath@stack@operation=\toks42
)
(/usr/share/texmf-dist/tex/generic/pgf/math/pgfmathfunctions.code.tex)
(/usr/share/texmf-dist/tex/generic/pgf/math/pgfmathfunctions.basic.code.tex)
(/usr/share/texmf-dist/tex/generic/pgf/math/pgfmathfunctions.trigonometric.code
.tex)
(/usr/share/texmf-dist/tex/generic/pgf/math/pgfmathfunctions.random.code.tex)
(/usr/share/texmf-dist/tex/generic/pgf/math/pgfmathfunctions.comparison.code.te
x) (/usr/share/texmf-dist/tex/generic/pgf/math/pgfmathfunctions.base.code.tex)
(/usr/share/texmf-dist/tex/generic/pgf/math/pgfmathfunctions.round.code.tex)
(/usr/share/texmf-dist/tex/generic/pgf/math/pgfmathfunctions.misc.code.tex)
(/usr/share/texmf-dist/tex/generic/pgf/math/pgfmathfunctions.integerarithmetics
.code.tex) (/usr/share/texmf-dist/tex/generic/pgf/math/pgfmathcalc.code.tex)
(/usr/share/texmf-dist/tex/generic/pgf/math/pgfmathfloat.code.tex
\c@pgfmathroundto@lastzeros=\count318
))
(/usr/share/texmf-dist/tex/generic/pgf/math/pgfint.code.tex)
(/usr/share/texmf-dist/tex/generic/pgf/basiclayer/pgfcorepoints.code.tex
File: pgfcorepoints.code.tex 2025-08-29 v3.1.11a (3.1.11a)
\pgf@picminx=\dimen193
\pgf@picmaxx=\dimen194
\pgf@picminy=\dimen195
\pgf@picmaxy=\dimen196
\pgf@pathminx=\dimen197
\pgf@pathmaxx=\dimen198
\pgf@pathminy=\dimen199
\pgf@pathmaxy=\dimen256
\pgf@xx=\dimen257
\pgf@xy=\dimen258
\pgf@yx=\dimen259
\pgf@yy=\dimen260
\pgf@zx=\dimen261
\pgf@zy=\dimen262
)
(/usr/share/texmf-dist/tex/generic/pgf/basiclayer/pgfcorepathconstruct.code.tex
File: pgfcorepathconstruct.code.tex 2025-08-29 v3.1.11a (3.1.11a)
\pgf@path@lastx=\dimen263
\pgf@path@lasty=\dimen264
) (/usr/share/texmf-dist/tex/generic/pgf/basiclayer/pgfcorepathusage.code.tex
File: pgfcorepathusage.code.tex 2025-08-29 v3.1.11a (3.1.11a)
\pgf@shorten@end@additional=\dimen265
\pgf@shorten@start@additional=\dimen266
)
(/usr/share/texmf-dist/tex/generic/pgf/basiclayer/pgfcorescopes.code.tex
File: pgfcorescopes.code.tex 2025-08-29 v3.1.11a (3.1.11a)
\pgfpic=\box62
\pgf@hbox=\box63
\pgf@layerbox@main=\box64
\pgf@picture@serial@count=\count319
)
(/usr/share/texmf-dist/tex/generic/pgf/basiclayer/pgfcoregraphicstate.code.tex
File: pgfcoregraphicstate.code.tex 2025-08-29 v3.1.11a (3.1.11a)
\pgflinewidth=\dimen267
)
(/usr/share/texmf-dist/tex/generic/pgf/basiclayer/pgfcoretransformations.code.t
ex
File: pgfcoretransformations.code.tex 2025-08-29 v3.1.11a (3.1.11a)
\pgf@pt@x=\dimen268
\pgf@pt@y=\dimen269
\pgf@pt@temp=\dimen270
) (/usr/share/texmf-dist/tex/generic/pgf/basiclayer/pgfcorequick.code.tex
File: pgfcorequick.code.tex 2025-08-29 v3.1.11a (3.1.11a)
)
(/usr/share/texmf-dist/tex/generic/pgf/basiclayer/pgfcoreobjects.code.tex
File: pgfcoreobjects.code.tex 2025-08-29 v3.1.11a (3.1.11a)
)
(/usr/share/texmf-dist/tex/generic/pgf/basiclayer/pgfcorepathprocessing.code.te
x
File: pgfcorepathprocessing.code.tex 2025-08-29 v3.1.11a (3.1.11a)
) (/usr/share/texmf-dist/tex/generic/pgf/basiclayer/pgfcorearrows.code.tex
File: pgfcorearrows.code.tex 2025-08-29 v3.1.11a (3.1.11a)
\pgfarrowsep=\dimen271
)
(/usr/share/texmf-dist/tex/generic/pgf/basiclayer/pgfcoreshade.code.tex
File: pgfcoreshade.code.tex 2025-08-29 v3.1.11a (3.1.11a)
\pgf@max=\dimen272
\pgf@sys@shading@range@num=\count320
\pgf@shadingcount=\count321
)
(/usr/share/texmf-dist/tex/generic/pgf/basiclayer/pgfcoreimage.code.tex
File: pgfcoreimage.code.tex 2025-08-29 v3.1.11a (3.1.11a)
)
(/usr/share/texmf-dist/tex/generic/pgf/basiclayer/pgfcoreexternal.code.tex
File: pgfcoreexternal.code.tex 2025-08-29 v3.1.11a (3.1.11a)
\pgfexternal@startupbox=\box65
)
(/usr/share/texmf-dist/tex/generic/pgf/basiclayer/pgfcorelayers.code.tex
File: pgfcorelayers.code.tex 2025-08-29 v3.1.11a (3.1.11a)
)
(/usr/share/texmf-dist/tex/generic/pgf/basiclayer/pgfcoretransparency.code.tex
File: pgfcoretransparency.code.tex 2025-08-29 v3.1.11a (3.1.11a)
) (/usr/share/texmf-dist/tex/generic/pgf/basiclayer/pgfcorepatterns.code.tex
File: pgfcorepatterns.code.tex 2025-08-29 v3.1.11a (3.1.11a)
)
(/usr/share/texmf-dist/tex/generic/pgf/basiclayer/pgfcorerdf.code.tex
File: pgfcorerdf.code.tex 2025-08-29 v3.1.11a (3.1.11a)
)))
(/usr/share/texmf-dist/tex/generic/pgf/modules/pgfmoduleshapes.code.tex
File: pgfmoduleshapes.code.tex 2025-08-29 v3.1.11a (3.1.11a)
\pgfnodeparttextbox=\box66
)
(/usr/share/texmf-dist/tex/generic/pgf/modules/pgfmoduleplot.code.tex
File: pgfmoduleplot.code.tex 2025-08-29 v3.1.11a (3.1.11a)
)
(/usr/share/texmf-dist/tex/latex/pgf/compatibility/pgfcomp-version-0-65.sty
Package: pgfcomp-version-0-65 2025-08-29 v3.1.11a (3.1.11a)
\pgf@nodesepstart=\dimen273
\pgf@nodesepend=\dimen274
)
(/usr/share/texmf-dist/tex/latex/pgf/compatibility/pgfcomp-version-1-18.sty
Package: pgfcomp-version-1-18 2025-08-29 v3.1.11a (3.1.11a)
))
(/usr/share/texmf-dist/tex/latex/pgf/utilities/pgffor.sty
(/usr/share/texmf-dist/tex/latex/pgf/utilities/pgfkeys.sty
(/usr/share/texmf-dist/tex/generic/pgf/utilities/pgfkeys.code.tex))
(/usr/share/texmf-dist/tex/latex/pgf/math/pgfmath.sty
(/usr/share/texmf-dist/tex/generic/pgf/math/pgfmath.code.tex))
(/usr/share/texmf-dist/tex/generic/pgf/utilities/pgffor.code.tex
Package: pgffor 2025-08-29 v3.1.11a (3.1.11a)
\pgffor@iter=\dimen275
\pgffor@skip=\dimen276
\pgffor@stack=\toks43
\pgffor@toks=\toks44
))
(/usr/share/texmf-dist/tex/generic/pgf/frontendlayer/tikz/tikz.code.tex
Package: tikz 2025-08-29 v3.1.11a (3.1.11a)

(/usr/share/texmf-dist/tex/generic/pgf/libraries/pgflibraryplothandlers.code.te
x
File: pgflibraryplothandlers.code.tex 2025-08-29 v3.1.11a (3.1.11a)
\pgf@plot@mark@count=\count322
\pgfplotmarksize=\dimen277
)
\tikz@lastx=\dimen278
\tikz@lasty=\dimen279
\tikz@lastxsaved=\dimen280
\tikz@lastysaved=\dimen281
\tikz@lastmovetox=\dimen282
\tikz@lastmovetoy=\dimen283
\tikzleveldistance=\dimen284
\tikzsiblingdistance=\dimen285
\tikz@figbox=\box67
\tikz@figbox@bg=\box68
\tikz@tempbox=\box69
\tikz@tempbox@bg=\box70
\tikztreelevel=\count323
\tikznumberofchildren=\count324
\tikznumberofcurrentchild=\count325
\tikz@fig@count=\count326
 (/usr/share/texmf-dist/tex/generic/pgf/modules/pgfmodulematrix.code.tex
File: pgfmodulematrix.code.tex 2025-08-29 v3.1.11a (3.1.11a)
\pgfmatrixcurrentrow=\count327
\pgfmatrixcurrentcolumn=\count328
\pgf@matrix@numberofcolumns=\count329
)
\tikz@expandcount=\count330

(/usr/share/texmf-dist/tex/generic/pgf/frontendlayer/tikz/libraries/tikzlibrary
topaths.code.tex
File: tikzlibrarytopaths.code.tex 2025-08-29 v3.1.11a (3.1.11a)
))) (/usr/share/texmf-dist/tex/latex/booktabs/booktabs.sty
Package: booktabs 2020/01/12 v1.61803398 Publication quality tables
\heavyrulewidth=\dimen286
\lightrulewidth=\dimen287
\cmidrulewidth=\dimen288
\belowrulesep=\dimen289
\belowbottomsep=\dimen290
\aboverulesep=\dimen291
\abovetopsep=\dimen292
\cmidrulesep=\dimen293
\cmidrulekern=\dimen294
\defaultaddspace=\dimen295
\@cmidla=\count331
\@cmidlb=\count332
\@aboverulesep=\dimen296
\@belowrulesep=\dimen297
\@thisruleclass=\count333
\@lastruleclass=\count334
\@thisrulewidth=\dimen298
)
(/usr/share/texmf-dist/tex/latex/tools/tabularx.sty
Package: tabularx 2023/12/11 v2.12a `tabularx' package (DPC)
\TX@col@width=\dimen299
\TX@old@table=\dimen300
\TX@old@col=\dimen301
\TX@target=\dimen302
\TX@delta=\dimen303
\TX@cols=\count335
\TX@ftn=\toks45
)
(/usr/share/texmf-dist/tex/latex/tools/longtable.sty
Package: longtable 2025-10-13 v4.24 Multi-page Table package (DPC)
\LTleft=\skip58
\LTright=\skip59
\LTpre=\skip60
\LTpost=\skip61
\LTchunksize=\count336
\LTcapwidth=\dimen304
\LT@head=\box71
\LT@firsthead=\box72
\LT@foot=\box73
\LT@lastfoot=\box74
\LT@gbox=\box75
\LT@cols=\count337
\LT@rows=\count338
\c@LT@tables=\count339
\c@LT@chunks=\count340
\LT@p@ftn=\toks46
)
(/usr/share/texmf-dist/tex/latex/multirow/multirow.sty
Package: multirow 2024/11/12 v2.9 Span multiple rows of a table
\multirow@colwidth=\skip62
\multirow@cntb=\count341
\multirow@dima=\skip63
\bigstrutjot=\dimen305
)
(/usr/share/texmf-dist/tex/latex/listings/listings.sty
\lst@mode=\count342
\lst@gtempboxa=\box76
\lst@token=\toks47
\lst@length=\count343
\lst@currlwidth=\dimen306
\lst@column=\count344
\lst@pos=\count345
\lst@lostspace=\dimen307
\lst@width=\dimen308
\lst@newlines=\count346
\lst@lineno=\count347
\lst@maxwidth=\dimen309

(/usr/share/texmf-dist/tex/latex/listings/lstpatch.sty
File: lstpatch.sty 2025/11/14 1.11b (Carsten Heinz)
)
(/usr/share/texmf-dist/tex/latex/listings/lstmisc.sty
File: lstmisc.sty 2025/11/14 1.11b (Carsten Heinz)
\c@lstnumber=\count348
\lst@skipnumbers=\count349
\lst@framebox=\box77
)
(/usr/share/texmf-dist/tex/latex/listings/listings.cfg
File: listings.cfg 2025/11/14 1.11b listings configuration
))
Package: listings 2025/11/14 1.11b (Carsten Heinz)

==> First Aid for listings.sty no longer applied!
    Expected:
        2024/09/23 1.10c (Carsten Heinz)
    but found:
        2025/11/14 1.11b (Carsten Heinz)
    so I'm assuming it got fixed.
(/usr/share/texmf-dist/tex/latex/lstaddons/lstautogobble.sty
Package: lstautogobble 2012/05/03 v0.1 Implements 'autogobble' option for 'list
ings'
\lstag@spacecount=\count350
)
(/usr/share/texmf-dist/tex/latex/listings/lstlang1.sty
File: lstlang1.sty 2025/11/14 1.11b listings language file
)
(/usr/share/texmf-dist/tex/latex/hyperref/hyperref.sty
Package: hyperref 2026-01-29 v7.01p Hypertext links for LaTeX

(/usr/share/texmf-dist/tex/latex/kvsetkeys/kvsetkeys.sty
Package: kvsetkeys 2022-10-05 v1.19 Key value parser (HO)
)
(/usr/share/texmf-dist/tex/generic/kvdefinekeys/kvdefinekeys.sty
Package: kvdefinekeys 2019-12-19 v1.6 Define keys (HO)
)
(/usr/share/texmf-dist/tex/generic/pdfescape/pdfescape.sty
Package: pdfescape 2019/12/09 v1.15 Implements pdfTeX's escape features (HO)

(/usr/share/texmf-dist/tex/generic/ltxcmds/ltxcmds.sty
Package: ltxcmds 2023-12-04 v1.26 LaTeX kernel commands for general use (HO)
)
(/usr/share/texmf-dist/tex/generic/pdftexcmds/pdftexcmds.sty
Package: pdftexcmds 2020-06-27 v0.33 Utility functions of pdfTeX for LuaTeX (HO
)

(/usr/share/texmf-dist/tex/generic/infwarerr/infwarerr.sty
Package: infwarerr 2019/12/03 v1.5 Providing info/warning/error messages (HO)
)
Package pdftexcmds Info: \pdf@primitive is available.
Package pdftexcmds Info: \pdf@ifprimitive is available.
Package pdftexcmds Info: \pdfdraftmode found.
))
(/usr/share/texmf-dist/tex/latex/hycolor/hycolor.sty
Package: hycolor 2020-01-27 v1.10 Color options for hyperref/bookmark (HO)
)
(/usr/share/texmf-dist/tex/latex/hyperref/nameref.sty
Package: nameref 2026-01-29 v2.58 Cross-referencing by name of section

(/usr/share/texmf-dist/tex/latex/refcount/refcount.sty
Package: refcount 2019/12/15 v3.6 Data extraction from label references (HO)
)
(/usr/share/texmf-dist/tex/generic/gettitlestring/gettitlestring.sty
Package: gettitlestring 2019/12/15 v1.6 Cleanup title references (HO)

(/usr/share/texmf-dist/tex/latex/kvoptions/kvoptions.sty
Package: kvoptions 2022-06-15 v3.15 Key value format for package options (HO)
))
\c@section@level=\count351
)
(/usr/share/texmf-dist/tex/generic/stringenc/stringenc.sty
Package: stringenc 2019/11/29 v1.12 Convert strings between diff. encodings (HO
)
)
\@linkdim=\dimen310
\Hy@linkcounter=\count352
\Hy@pagecounter=\count353

(/usr/share/texmf-dist/tex/latex/hyperref/pd1enc.def
File: pd1enc.def 2026-01-29 v7.01p Hyperref: PDFDocEncoding definition (HO)
Now handling font encoding PD1 ...
... no UTF-8 mapping file for font encoding PD1
)
(/usr/share/texmf-dist/tex/generic/intcalc/intcalc.sty
Package: intcalc 2019/12/15 v1.3 Expandable calculations with integers (HO)
)
\Hy@SavedSpaceFactor=\count354

(/usr/share/texmf-dist/tex/latex/hyperref/puenc.def
File: puenc.def 2026-01-29 v7.01p Hyperref: PDF Unicode definition (HO)
Now handling font encoding PU ...
... no UTF-8 mapping file for font encoding PU
)
Package hyperref Info: Option `colorlinks' set `true' on input line 4072.
Package hyperref Info: Hyper figures OFF on input line 4201.
Package hyperref Info: Link nesting OFF on input line 4206.
Package hyperref Info: Hyper index ON on input line 4209.
Package hyperref Info: Plain pages OFF on input line 4216.
Package hyperref Info: Backreferencing OFF on input line 4221.
Package hyperref Info: Implicit mode ON; LaTeX internals redefined.
Package hyperref Info: Bookmarks ON on input line 4468.
\c@Hy@tempcnt=\count355

(/usr/share/texmf-dist/tex/latex/url/url.sty
\Urlmuskip=\muskip18
Package: url 2013/09/16  ver 3.4  Verb mode for urls, etc.
)
LaTeX Info: Redefining \url on input line 4807.
\XeTeXLinkMargin=\dimen311

(/usr/share/texmf-dist/tex/generic/bitset/bitset.sty
Package: bitset 2019/12/09 v1.3 Handle bit-vector datatype (HO)

(/usr/share/texmf-dist/tex/generic/bigintcalc/bigintcalc.sty
Package: bigintcalc 2019/12/15 v1.5 Expandable calculations on big integers (HO
)
))
\Fld@menulength=\count356
\Field@Width=\dimen312
\Fld@charsize=\dimen313
Package hyperref Info: Hyper figures OFF on input line 6084.
Package hyperref Info: Link nesting OFF on input line 6089.
Package hyperref Info: Hyper index ON on input line 6092.
Package hyperref Info: backreferencing OFF on input line 6099.
Package hyperref Info: Link coloring ON on input line 6102.
Package hyperref Info: Link coloring with OCG OFF on input line 6109.
Package hyperref Info: PDF/A mode OFF on input line 6114.
\Hy@abspage=\count357
\c@Item=\count358
\c@Hfootnote=\count359
)
Package hyperref Info: Driver (autodetected): hpdftex.

(/usr/share/texmf-dist/tex/latex/hyperref/hpdftex.def
File: hpdftex.def 2026-01-29 v7.01p Hyperref driver for pdfTeX
\Fld@listcount=\count360
\c@bookmark@seq@number=\count361

(/usr/share/texmf-dist/tex/latex/rerunfilecheck/rerunfilecheck.sty
Package: rerunfilecheck 2025-06-21 v1.11 Rerun checks for auxiliary files (HO)

(/usr/share/texmf-dist/tex/generic/uniquecounter/uniquecounter.sty
Package: uniquecounter 2019/12/15 v1.4 Provide unlimited unique counter (HO)
)
Package uniquecounter Info: New unique counter `rerunfilecheck' on input line 2
84.
)
\Hy@SectionHShift=\skip64
)
(/usr/share/texmf-dist/tex/latex/cleveref/cleveref.sty
Package: cleveref 2018/03/27 v0.21.4 Intelligent cross-referencing
Package cleveref Info: `hyperref' support loaded on input line 2370.
LaTeX Info: Redefining \cref on input line 2370.
LaTeX Info: Redefining \Cref on input line 2370.
LaTeX Info: Redefining \crefrange on input line 2370.
LaTeX Info: Redefining \Crefrange on input line 2370.
LaTeX Info: Redefining \cpageref on input line 2370.
LaTeX Info: Redefining \Cpageref on input line 2370.
LaTeX Info: Redefining \cpagerefrange on input line 2370.
LaTeX Info: Redefining \Cpagerefrange on input line 2370.
LaTeX Info: Redefining \labelcref on input line 2370.
LaTeX Info: Redefining \labelcpageref on input line 2370.
Package cleveref Info: `listings' support loaded on input line 3131.
)
==> First Aid for cleveref.sty applied!
(/usr/share/texmf-dist/tex/latex/fancyhdr/fancyhdr.sty
Package: fancyhdr 2025/02/07 v5.2 Extensive control of page headers and footers

\f@nch@headwidth=\skip65
\f@nch@offset@elh=\skip66
\f@nch@offset@erh=\skip67
\f@nch@offset@olh=\skip68
\f@nch@offset@orh=\skip69
\f@nch@offset@elf=\skip70
\f@nch@offset@erf=\skip71
\f@nch@offset@olf=\skip72
\f@nch@offset@orf=\skip73
\f@nch@height=\skip74
\f@nch@footalignment=\skip75
\f@nch@widthL=\skip76
\f@nch@widthC=\skip77
\f@nch@widthR=\skip78
\@temptokenb=\toks48
)

! LaTeX Error: There's no line here to end.

See the LaTeX manual or LaTeX Companion for explanation.
Type  H <return>  for immediate help.
 ...                                              
                                                  
l.97 
     
Your command was ignored.
Type  I <command> <return>  to replace it with another command,
or  <return>  to continue without it.

(/usr/share/texmf-dist/tex/latex/tcolorbox/tcolorbox.sty
Package: tcolorbox 2025/11/28 version 6.9.0 text color boxes

(/usr/share/texmf-dist/tex/latex/tools/verbatim.sty
Package: verbatim 2024-01-22 v1.5x LaTeX2e package for verbatim enhancements
\every@verbatim=\toks49
\verbatim@line=\toks50
\verbatim@in@stream=\read4
)
(/usr/share/texmf-dist/tex/latex/environ/environ.sty
Package: environ 2014/05/04 v0.3 A new way to define environments

(/usr/share/texmf-dist/tex/latex/trimspaces/trimspaces.sty
Package: trimspaces 2009/09/17 v1.1 Trim spaces around a token list
))
\tcb@titlebox=\box78
\tcb@upperbox=\box79
\tcb@lowerbox=\box80
\tcb@phantombox=\box81
\c@tcbbreakpart=\count362
\c@tcblayer=\count363
\c@tcolorbox@number=\count364
\l__tcobox_tmpa_box=\box82
\l__tcobox_tmpa_dim=\dimen314
\tcb@temp=\box83
\tcb@temp=\box84
\tcb@temp=\box85
\tcb@temp=\box86
)
(/usr/share/texmf-dist/tex/latex/tcolorbox/tcbbreakable.code.tex
Library (tcolorbox): 'tcbbreakable.code.tex' version '6.9.0'
(/usr/share/texmf-dist/tex/latex/pdfcol/pdfcol.sty
Package: pdfcol 2022-09-21 v1.7 Handle new color stacks for pdfTeX (HO)
)
Package pdfcol Info: New color stack `tcb@breakable' = 1 on input line 23.
\tcb@testbox=\box87
\tcb@totalupperbox=\box88
\tcb@totallowerbox=\box89
)
(/usr/share/texmf-dist/tex/latex/tcolorbox/tcbskins.code.tex
Library (tcolorbox): 'tcbskins.code.tex' version '6.9.0'
(/usr/share/texmf-dist/tex/latex/tikzfill/tikzfill.image.sty
Package: tikzfill.image 2023/08/08 v1.0.1 Image filling library for TikZ

(/usr/share/texmf-dist/tex/latex/tikzfill/tikzfill-common.sty
Package: tikzfill-common 2023/08/08 v1.0.1 Auxiliary code for tikzfill
)
(/usr/share/texmf-dist/tex/latex/tikzfill/tikzlibraryfill.image.code.tex
File: tikzlibraryfill.image.code.tex 2023/08/08 v1.0.1 Image filling library
\l__tikzfill_img_box=\box90
))
(/usr/share/texmf-dist/tex/latex/tcolorbox/tcbskinsjigsaw.code.tex
Library (tcolorbox): 'tcbskinsjigsaw.code.tex' version '6.9.0'
)) (/usr/share/texmf-dist/tex/latex/enumitem/enumitem.sty
Package: enumitem 2025/02/06 v3.11 Customized lists
\labelindent=\skip79
\enit@outerparindent=\dimen315
\enit@toks=\toks51
\enit@inbox=\box91
\enit@count@id=\count365
\enitdp@description=\count366
)
(/usr/share/texmf-dist/tex/latex/biblatex/biblatex.sty
Package: biblatex 2025/07/10 v3.21 programmable bibliographies (PK/MW)

(/usr/share/texmf-dist/tex/latex/logreq/logreq.sty
Package: logreq 2010/08/04 v1.0 xml request logger
\lrq@indent=\count367

(/usr/share/texmf-dist/tex/latex/logreq/logreq.def
File: logreq.def 2010/08/04 v1.0 logreq spec v1.0
))
(/usr/share/texmf-dist/tex/latex/base/ifthen.sty
Package: ifthen 2024/03/16 v1.1e Standard LaTeX ifthen package (DPC)
)
\c@tabx@nest=\count368
\c@listtotal=\count369
\c@listcount=\count370
\c@liststart=\count371
\c@liststop=\count372
\c@citecount=\count373
\c@citetotal=\count374
\c@multicitecount=\count375
\c@multicitetotal=\count376
\c@instcount=\count377
\c@maxnames=\count378
\c@minnames=\count379
\c@maxitems=\count380
\c@minitems=\count381
\c@citecounter=\count382
\c@maxcitecounter=\count383
\c@savedcitecounter=\count384
\c@uniquelist=\count385
\c@uniquename=\count386
\c@refsection=\count387
\c@refsegment=\count388
\c@maxextratitle=\count389
\c@maxextratitleyear=\count390
\c@maxextraname=\count391
\c@maxextradate=\count392
\c@maxextraalpha=\count393
\c@abbrvpenalty=\count394
\c@highnamepenalty=\count395
\c@lownamepenalty=\count396
\c@maxparens=\count397
\c@parenlevel=\count398
\blx@tempcnta=\count399
\blx@tempcntb=\count400
\blx@tempcntc=\count401
\c@blx@maxsection=\count402
\blx@maxsegment@0=\count403
\blx@notetype=\count404
\blx@parenlevel@text=\count405
\blx@parenlevel@foot=\count406
\blx@sectionciteorder@0=\count407
\blx@sectionciteorderinternal@0=\count408
\blx@entrysetcounter=\count409
\blx@biblioinstance=\count410
\labelnumberwidth=\skip80
\labelalphawidth=\skip81
\biblabelsep=\skip82
\bibitemsep=\skip83
\bibnamesep=\skip84
\bibinitsep=\skip85
\bibparsep=\skip86
\bibhang=\skip87
\blx@bcfin=\read5
\blx@bcfout=\write4
\blx@langwohyphens=\language7
\c@mincomprange=\count411
\c@maxcomprange=\count412
\c@mincompwidth=\count413
Package biblatex Info: Trying to load biblatex default data model...
Package biblatex Info: ... file 'blx-dm.def' found.

(/usr/share/texmf-dist/tex/latex/biblatex/blx-dm.def
File: blx-dm.def 2025/07/10 v3.21 biblatex datamodel (PK/MW)
)
Package biblatex Info: Trying to load biblatex style data model...
Package biblatex Info: ... file 'ieee.dbx' not found.
Package biblatex Info: Trying to load biblatex custom data model...
Package biblatex Info: ... file 'biblatex-dm.cfg' not found.
\c@afterword=\count414
\c@savedafterword=\count415
\c@annotator=\count416
\c@savedannotator=\count417
\c@author=\count418
\c@savedauthor=\count419
\c@bookauthor=\count420
\c@savedbookauthor=\count421
\c@commentator=\count422
\c@savedcommentator=\count423
\c@editor=\count424
\c@savededitor=\count425
\c@editora=\count426
\c@savededitora=\count427
\c@editorb=\count428
\c@savededitorb=\count429
\c@editorc=\count430
\c@savededitorc=\count431
\c@foreword=\count432
\c@savedforeword=\count433
\c@holder=\count434
\c@savedholder=\count435
\c@introduction=\count436
\c@savedintroduction=\count437
\c@namea=\count438
\c@savednamea=\count439
\c@nameb=\count440
\c@savednameb=\count441
\c@namec=\count442
\c@savednamec=\count443
\c@translator=\count444
\c@savedtranslator=\count445
\c@shortauthor=\count446
\c@savedshortauthor=\count447
\c@shorteditor=\count448
\c@savedshorteditor=\count449
\c@labelname=\count450
\c@savedlabelname=\count451
\c@institution=\count452
\c@savedinstitution=\count453
\c@lista=\count454
\c@savedlista=\count455
\c@listb=\count456
\c@savedlistb=\count457
\c@listc=\count458
\c@savedlistc=\count459
\c@listd=\count460
\c@savedlistd=\count461
\c@liste=\count462
\c@savedliste=\count463
\c@listf=\count464
\c@savedlistf=\count465
\c@location=\count466
\c@savedlocation=\count467
\c@organization=\count468
\c@savedorganization=\count469
\c@origlocation=\count470
\c@savedoriglocation=\count471
\c@origpublisher=\count472
\c@savedorigpublisher=\count473
\c@publisher=\count474
\c@savedpublisher=\count475
\c@language=\count476
\c@savedlanguage=\count477
\c@origlanguage=\count478
\c@savedoriglanguage=\count479
\c@pageref=\count480
\c@savedpageref=\count481
\shorthandwidth=\skip88
\shortjournalwidth=\skip89
\shortserieswidth=\skip90
\shorttitlewidth=\skip91
\shortauthorwidth=\skip92
\shorteditorwidth=\skip93
\locallabelnumberwidth=\skip94
\locallabelalphawidth=\skip95
\localshorthandwidth=\skip96
\localshortjournalwidth=\skip97
\localshortserieswidth=\skip98
\localshorttitlewidth=\skip99
\localshortauthorwidth=\skip100
\localshorteditorwidth=\skip101
Package biblatex Info: Trying to load compatibility code...
Package biblatex Info: ... file 'blx-compat.def' found.

(/usr/share/texmf-dist/tex/latex/biblatex/blx-compat.def
File: blx-compat.def 2025/07/10 v3.21 biblatex compatibility (PK/MW)
)
Package biblatex Info: Trying to load generic definitions...
Package biblatex Info: ... file 'biblatex.def' found.

(/usr/share/texmf-dist/tex/latex/biblatex/biblatex.def
File: biblatex.def 2025/07/10 v3.21 biblatex compatibility (PK/MW)
\c@textcitecount=\count482
\c@textcitetotal=\count483
\c@textcitemaxnames=\count484
\c@biburlbigbreakpenalty=\count485
\c@biburlbreakpenalty=\count486
\c@biburlnumpenalty=\count487
\c@biburlucpenalty=\count488
\c@biburllcpenalty=\count489
\biburlbigskip=\muskip19
\biburlnumskip=\muskip20
\biburlucskip=\muskip21
\biburllcskip=\muskip22
\c@smartand=\count490
)
Package biblatex Info: Trying to load bibliography style 'ieee'...
Package biblatex Info: ... file 'ieee.bbx' found.

(/usr/share/texmf-dist/tex/latex/biblatex-ieee/ieee.bbx
File: ieee.bbx 2025-08-01 v1.4f biblatex bibliography style
Package biblatex Info: Trying to load bibliography style 'numeric-comp'...
Package biblatex Info: ... file 'numeric-comp.bbx' found.

(/usr/share/texmf-dist/tex/latex/biblatex/bbx/numeric-comp.bbx
File: numeric-comp.bbx 2025/07/10 v3.21 biblatex bibliography style (PK/MW)
Package biblatex Info: Trying to load bibliography style 'numeric'...
Package biblatex Info: ... file 'numeric.bbx' found.

(/usr/share/texmf-dist/tex/latex/biblatex/bbx/numeric.bbx
File: numeric.bbx 2025/07/10 v3.21 biblatex bibliography style (PK/MW)
Package biblatex Info: Trying to load bibliography style 'standard'...
Package biblatex Info: ... file 'standard.bbx' found.

(/usr/share/texmf-dist/tex/latex/biblatex/bbx/standard.bbx
File: standard.bbx 2025/07/10 v3.21 biblatex bibliography style (PK/MW)
\c@bbx:relatedcount=\count491
\c@bbx:relatedtotal=\count492
))))
Package biblatex Info: Trying to load citation style 'ieee'...
Package biblatex Info: ... file 'ieee.cbx' found.

(/usr/share/texmf-dist/tex/latex/biblatex-ieee/ieee.cbx
File: ieee.cbx 2025-08-01 v1.4f biblatex citation style
Package biblatex Info: Trying to load citation style 'numeric-verb'...
Package biblatex Info: ... file 'numeric-verb.cbx' found.

(/usr/share/texmf-dist/tex/latex/biblatex/cbx/numeric-verb.cbx
File: numeric-verb.cbx 2025/07/10 v3.21 biblatex citation style (PK/MW)
Package biblatex Info: Redefining '\cite'.
Package biblatex Info: Redefining '\parencite'.
Package biblatex Info: Redefining '\footcite'.
Package biblatex Info: Redefining '\footcitetext'.
Package biblatex Info: Redefining '\smartcite'.
Package biblatex Info: Redefining '\textcite'.
Package biblatex Info: Redefining '\supercite'.
Package biblatex Info: Redefining '\parencites'.
Package biblatex Info: Redefining '\smartcites'.
Package biblatex Info: Redefining '\textcites'.
))
Package biblatex Info: Trying to load configuration file...
Package biblatex Info: ... file 'biblatex.cfg' found.

(/usr/share/texmf-dist/tex/latex/biblatex/biblatex.cfg
File: biblatex.cfg 
)
Package biblatex Info: Input encoding 'utf8' detected.
Package biblatex Info: Document encoding is UTF8 ....

(/usr/share/texmf-dist/tex/latex/l3kernel/expl3.sty
Package: expl3 2026-01-19 L3 programming layer (loader) 

(/usr/share/texmf-dist/tex/latex/l3backend/l3backend-pdftex.def
File: l3backend-pdftex.def 2025-10-09 L3 backend support: PDF output (pdfTeX)
\l__color_backend_stack_int=\count493
))
Package biblatex Info: ... and expl3
(biblatex)             2026-01-19 L3 programming layer (loader) 
(biblatex)             is new enough (at least 2020/04/06),
(biblatex)             setting 'casechanger=expl3'.

(/usr/share/texmf-dist/tex/latex/biblatex/blx-case-expl3.sty
(/usr/share/texmf-dist/tex/latex/l3packages/xparse/xparse.sty
Package: xparse 2025-10-09 L3 Experimental document command parser
)
Package: blx-case-expl3 2025/07/10 v3.21 expl3 case changing code for biblatex
))

Package biblatex Warning: 'babel/polyglossia' detected but 'csquotes' missing.
(biblatex)                Loading 'csquotes' recommended.

\@quotelevel=\count494
\@quotereset=\count495
LaTeX Font Info:    Trying to load font information for T1+lmr on input line 16
3.
(/usr/share/texmf-dist/tex/latex/lm/t1lmr.fd
File: t1lmr.fd 2015/05/01 v1.6.1 Font defs for Latin Modern
) (./main2.aux
LaTeX Info: Redefining \. on input line 12.
LaTeX Info: Redefining \% on input line 12.
Package babel Info: 'spanish' activates 'spanish' shorthands.
(babel)             Reported on input line 12.
)
\openout1 = `main2.aux'.

LaTeX Font Info:    Checking defaults for OML/cmm/m/it on input line 163.
LaTeX Font Info:    ... okay on input line 163.
LaTeX Font Info:    Checking defaults for OMS/cmsy/m/n on input line 163.
LaTeX Font Info:    ... okay on input line 163.
LaTeX Font Info:    Checking defaults for OT1/cmr/m/n on input line 163.
LaTeX Font Info:    ... okay on input line 163.
LaTeX Font Info:    Checking defaults for T1/cmr/m/n on input line 163.
LaTeX Font Info:    ... okay on input line 163.
LaTeX Font Info:    Checking defaults for TS1/cmr/m/n on input line 163.
LaTeX Font Info:    ... okay on input line 163.
LaTeX Font Info:    Checking defaults for OMX/cmex/m/n on input line 163.
LaTeX Font Info:    ... okay on input line 163.
LaTeX Font Info:    Checking defaults for U/cmr/m/n on input line 163.
LaTeX Font Info:    ... okay on input line 163.
LaTeX Font Info:    Checking defaults for PD1/pdf/m/n on input line 163.
LaTeX Font Info:    ... okay on input line 163.
LaTeX Font Info:    Checking defaults for PU/pdf/m/n on input line 163.
LaTeX Font Info:    ... okay on input line 163.
LaTeX Info: Redefining \. on input line 163.
LaTeX Info: Redefining \% on input line 163.
LaTeX Info: Redefining \microtypecontext on input line 163.
Package microtype Info: Applying patch `item' on input line 163.
Package microtype Info: Applying patch `toc' on input line 163.
Package microtype Info: Applying patch `eqnum' on input line 163.
Package microtype Info: Applying patch `footnote' on input line 163.
Package microtype Info: Applying patch `verbatim' on input line 163.
LaTeX Info: Redefining \microtypesetup on input line 163.
Package microtype Info: Generating PDF output.
Package microtype Info: Character protrusion enabled (level 2).
Package microtype Info: Using default protrusion set `alltext'.
Package microtype Info: Automatic font expansion enabled (level 2),
(microtype)             stretch: 20, shrink: 20, step: 1, non-selected.
Package microtype Info: Using default expansion set `alltext-nott'.
Package microtype Info: Patching command `\showhyphens'.
Package microtype Info: No adjustment of tracking.
Package microtype Info: No adjustment of interword spacing.
Package microtype Info: No adjustment of character kerning.

(/usr/share/texmf-dist/tex/latex/microtype/mt-cmr.cfg
File: mt-cmr.cfg 2013/05/19 v2.2 microtype config. file: Computer Modern Roman 
(RS)
)
*geometry* driver: auto-detecting
*geometry* detected driver: pdftex
*geometry* verbose mode - [ preamble ] result:
* driver: pdftex
* paper: a4paper
* layout: <same size as paper>
* layoutoffset:(h,v)=(0.0pt,0.0pt)
* modes: 
* h-part:(L,W,R)=(85.35826pt, 426.79135pt, 85.35826pt)
* v-part:(T,H,B)=(71.13188pt, 702.78308pt, 71.13188pt)
* \paperwidth=597.50787pt
* \paperheight=845.04684pt
* \textwidth=426.79135pt
* \textheight=702.78308pt
* \oddsidemargin=13.08827pt
* \evensidemargin=13.08827pt
* \topmargin=-38.1381pt
* \headheight=12.0pt
* \headsep=25.0pt
* \topskip=12.0pt
* \footskip=30.0pt
* \marginparwidth=35.0pt
* \marginparsep=10.0pt
* \columnsep=10.0pt
* \skip\footins=10.8pt plus 4.0pt minus 2.0pt
* \hoffset=0.0pt
* \voffset=0.0pt
* \mag=1000
* \@twocolumnfalse
* \@twosidefalse
* \@mparswitchfalse
* \@reversemarginfalse
* (1in=72.27pt=25.4mm, 1cm=28.453pt)

(/usr/share/texmf-dist/tex/context/base/mkii/supp-pdf.mkii
[Loading MPS to PDF converter (version 2006.09.02).]
\scratchcounter=\count496
\scratchdimen=\dimen316
\scratchbox=\box92
\nofMPsegments=\count497
\nofMParguments=\count498
\everyMPshowfont=\toks52
\MPscratchCnt=\count499
\MPscratchDim=\dimen317
\MPnumerator=\count500
\makeMPintoPDFobject=\count501
\everyMPtoPDFconversion=\toks53
) (/usr/share/texmf-dist/tex/latex/epstopdf-pkg/epstopdf-base.sty
Package: epstopdf-base 2020-01-24 v2.11 Base part for package epstopdf
Package epstopdf-base Info: Redefining graphics rule for `.eps' on input line 4
85.

(/usr/share/texmf-dist/tex/latex/latexconfig/epstopdf-sys.cfg
File: epstopdf-sys.cfg 2010/07/13 v1.3 Configuration of (r)epstopdf for TeX Liv
e
))
Package caption Info: Begin \AtBeginDocument code.
Package caption Info: hyperref package is loaded.
Package caption Info: listings package is loaded.
Package caption Info: longtable package is loaded.

(/usr/share/texmf-dist/tex/latex/caption/ltcaption.sty
Package: ltcaption 2021/01/08 v1.4c longtable captions (AR)
)
Package caption Info: End \AtBeginDocument code.
\c@lstlisting=\count502
Package hyperref Info: Link coloring ON on input line 163.
 (./main2.out)
(./main2.out)
\@outlinefile=\write5
\openout5 = `main2.out'.

Package biblatex Info: Trying to load language 'spanish'...
Package biblatex Info: ... file 'spanish.lbx' found.
 (/usr/share/texmf-dist/tex/latex/biblatex/lbx/spanish.lbx
File: spanish.lbx 2025/07/10 v3.21 biblatex localization (PK/MW)
)
Package biblatex Info: Input encoding 'utf8' detected.
Package biblatex Info: Automatic encoding selection.
(biblatex)             Assuming data encoding 'utf8'.
\openout4 = `main2.bcf'.

Package biblatex Info: Trying to load bibliographic data...
Package biblatex Info: ... file 'main2.bbl' not found.

No file main2.bbl.
Package biblatex Info: Reference section=0 on input line 163.
Package biblatex Info: Reference segment=0 on input line 163.
Package microtype Info: Character `029' is missing
(microtype)             in font `T1/lmr/m/sc/14.4'.
(microtype)             Ignoring protrusion settings for this character.
LaTeX Font Info:    Trying to load font information for OT1+lmr on input line 1
66.
(/usr/share/texmf-dist/tex/latex/lm/ot1lmr.fd
File: ot1lmr.fd 2015/05/01 v1.6.1 Font defs for Latin Modern
)
LaTeX Font Info:    Trying to load font information for OML+lmm on input line 1
66.

(/usr/share/texmf-dist/tex/latex/lm/omllmm.fd
File: omllmm.fd 2015/05/01 v1.6.1 Font defs for Latin Modern
)
LaTeX Font Info:    Trying to load font information for OMS+lmsy on input line 
166.

(/usr/share/texmf-dist/tex/latex/lm/omslmsy.fd
File: omslmsy.fd 2015/05/01 v1.6.1 Font defs for Latin Modern
)
LaTeX Font Info:    Trying to load font information for OMX+lmex on input line 
166.

(/usr/share/texmf-dist/tex/latex/lm/omxlmex.fd
File: omxlmex.fd 2015/05/01 v1.6.1 Font defs for Latin Modern
)
LaTeX Font Info:    External font `lmex10' loaded for size
(Font)              <14.4> on input line 166.
LaTeX Font Info:    External font `lmex10' loaded for size
(Font)              <10> on input line 166.
LaTeX Font Info:    External font `lmex10' loaded for size
(Font)              <7> on input line 166.
LaTeX Font Info:    Trying to load font information for U+msa on input line 166
.

(/usr/share/texmf-dist/tex/latex/amsfonts/umsa.fd
File: umsa.fd 2013/01/14 v3.01 AMS symbols A
)
(/usr/share/texmf-dist/tex/latex/microtype/mt-msa.cfg
File: mt-msa.cfg 2006/02/04 v1.1 microtype config. file: AMS symbols (a) (RS)
)
LaTeX Font Info:    Trying to load font information for U+msb on input line 166
.

(/usr/share/texmf-dist/tex/latex/amsfonts/umsb.fd
File: umsb.fd 2013/01/14 v3.01 AMS symbols B
)
(/usr/share/texmf-dist/tex/latex/microtype/mt-msb.cfg
File: mt-msb.cfg 2005/06/01 v1.0 microtype config. file: AMS symbols (b) (RS)
)
LaTeX Font Info:    Trying to load font information for T1+lmtt on input line 1
66.

(/usr/share/texmf-dist/tex/latex/lm/t1lmtt.fd
File: t1lmtt.fd 2015/05/01 v1.6.1 Font defs for Latin Modern
)
Package microtype Info: Loading generic protrusion settings for font family
(microtype)             `lmtt' (encoding: T1).
(microtype)             For optimal results, create family-specific settings.
(microtype)             See the microtype manual for details.
 (./main2.toc
LaTeX Info: Redefining \sptext on input line 1.
LaTeX Info: Redefining \. on input line 1.
LaTeX Info: Redefining \% on input line 1.
LaTeX Font Info:    External font `lmex10' loaded for size
(Font)              <12> on input line 3.
LaTeX Font Info:    External font `lmex10' loaded for size
(Font)              <8> on input line 3.
LaTeX Font Info:    External font `lmex10' loaded for size
(Font)              <6> on input line 3.


Package fancyhdr Warning: \headheight is too small (12.0pt): 
(fancyhdr)                Make it at least 13.59999pt, for example:
(fancyhdr)                \setlength{\headheight}{13.59999pt}.
(fancyhdr)                You might also make \topmargin smaller:
(fancyhdr)                \addtolength{\topmargin}{-1.59999pt}.

[1{/var/lib/texmf/fonts/map/pdftex/updmap/pdftex.map}{/usr/share/texmf-dist/fon
ts/enc/dvips/lm/lm-ec.enc}

]
LaTeX Font Info:    Font shape `T1/lmtt/bx/n' in size <12> not available
(Font)              Font shape `T1/lmtt/b/n' tried instead on input line 29.


Package fancyhdr Warning: \headheight is too small (12.0pt): 
(fancyhdr)                Make it at least 13.59999pt, for example:
(fancyhdr)                \setlength{\headheight}{13.59999pt}.
(fancyhdr)                You might also make \topmargin smaller:
(fancyhdr)                \addtolength{\topmargin}{-1.59999pt}.

[2])
\tf@toc=\write6
\openout6 = `main2.toc'.



LaTeX Warning: Citation 'date2003introduction' on page 3 undefined on input lin
e 227.


LaTeX Warning: Citation 'codasyl1971' on page 3 undefined on input line 234.


Overfull \hbox (26.59344pt too wide) in paragraph at lines 232--238
\T1/lmr/m/n/12 (-20) mi-t�a re-la-cio-nes muchos-a-muchos me-dian-te pun-te-ros
 f�-si-cos en-tre re-gis-tros [].
 []


Package fancyhdr Warning: \headheight is too small (12.0pt): 
(fancyhdr)                Make it at least 13.59999pt, for example:
(fancyhdr)                \setlength{\headheight}{13.59999pt}.
(fancyhdr)                You might also make \topmargin smaller:
(fancyhdr)                \addtolength{\topmargin}{-1.59999pt}.

[3]

LaTeX Warning: Citation 'codd1970' on page 4 undefined on input line 253.


! Package pgfkeys Error: I do not know the key '/tcb/1970' and I am going to ig
nore it. Perhaps you misspelled it.

See the pgfkeys package documentation for explanation.
Type  H <return>  for immediate help.
 ...                                              
                                                  
l.255 ...definicion}{Modelo Relacional Codd, 1970}
                                                  
This error message was generated by an \errmessage
command, so I can't give any explicit help.
Pretend that you're Hercule Poirot: Examine all clues,
and deduce the truth by order and method.


LaTeX Warning: Citation 'codd1985' on page 4 undefined on input line 284.


Package fancyhdr Warning: \headheight is too small (12.0pt): 
(fancyhdr)                Make it at least 13.59999pt, for example:
(fancyhdr)                \setlength{\headheight}{13.59999pt}.
(fancyhdr)                You might also make \topmargin smaller:
(fancyhdr)                \addtolength{\topmargin}{-1.59999pt}.

[4]

LaTeX Warning: Citation 'chamberlin1974' on page 5 undefined on input line 314.



LaTeX Warning: Citation 'date2003introduction' on page 5 undefined on input lin
e 351.


Package fancyhdr Warning: \headheight is too small (12.0pt): 
(fancyhdr)                Make it at least 13.59999pt, for example:
(fancyhdr)                \setlength{\headheight}{13.59999pt}.
(fancyhdr)                You might also make \topmargin smaller:
(fancyhdr)                \addtolength{\topmargin}{-1.59999pt}.

[5]

Package fancyhdr Warning: \headheight is too small (12.0pt): 
(fancyhdr)                Make it at least 13.59999pt, for example:
(fancyhdr)                \setlength{\headheight}{13.59999pt}.
(fancyhdr)                You might also make \topmargin smaller:
(fancyhdr)                \addtolength{\topmargin}{-1.59999pt}.

[6]
LaTeX Font Info:    Font shape `T1/lmtt/bx/n' in size <14.4> not available
(Font)              Font shape `T1/lmtt/b/n' tried instead on input line 407.
Package hyperref Info: bookmark level for unknown lstlisting defaults to 0 on i
nput line 416.
LaTeX Font Info:    Font shape `T1/lmtt/bx/n' in size <10.95> not available
(Font)              Font shape `T1/lmtt/b/n' tried instead on input line 417.


Package fancyhdr Warning: \headheight is too small (12.0pt): 
(fancyhdr)                Make it at least 13.59999pt, for example:
(fancyhdr)                \setlength{\headheight}{13.59999pt}.
(fancyhdr)                You might also make \topmargin smaller:
(fancyhdr)                \addtolength{\topmargin}{-1.59999pt}.

[7]

! LaTeX Error: Invalid UTF-8 byte sequence (�\expandafter).

See the LaTeX manual or LaTeX Companion for explanation.
Type  H <return>  for immediate help.
 ...                                              
                                                  
l.464 ...ASE tienda_online; -- ver la definición 
                                                  completa
The document does not appear to be in UTF-8 encoding.
Try adding \UseRawInputEncoding as the first line of the file
or specify an encoding such as \usepackage [latin1]{inputenc}
in the document preamble.
Alternatively, save the file in UTF-8 using your editor or another tool


! LaTeX Error: Invalid UTF-8 byte "B3.

See the LaTeX manual or LaTeX Companion for explanation.
Type  H <return>  for immediate help.
 ...                                              
                                                  
l.464 ...ASE tienda_online; -- ver la definición 
                                                  completa
The document does not appear to be in UTF-8 encoding.
Try adding \UseRawInputEncoding as the first line of the file
or specify an encoding such as \usepackage [latin1]{inputenc}
in the document preamble.
Alternatively, save the file in UTF-8 using your editor or another tool


! LaTeX Error: Invalid UTF-8 byte sequence (�\lst@FillFixed@).

See the LaTeX manual or LaTeX Companion for explanation.
Type  H <return>  for immediate help.
 ...                                              
                                                  
l.485 			-- No genera error si no existe (útil 
                                                en scripts de despliegue)
The document does not appear to be in UTF-8 encoding.
Try adding \UseRawInputEncoding as the first line of the file
or specify an encoding such as \usepackage [latin1]{inputenc}
in the document preamble.
Alternatively, save the file in UTF-8 using your editor or another tool


! LaTeX Error: Invalid UTF-8 byte "BA.

See the LaTeX manual or LaTeX Companion for explanation.
Type  H <return>  for immediate help.
 ...                                              
                                                  
l.485 			-- No genera error si no existe (útil 
                                                en scripts de despliegue)
The document does not appear to be in UTF-8 encoding.
Try adding \UseRawInputEncoding as the first line of the file
or specify an encoding such as \usepackage [latin1]{inputenc}
in the document preamble.
Alternatively, save the file in UTF-8 using your editor or another tool


Package fancyhdr Warning: \headheight is too small (12.0pt): 
(fancyhdr)                Make it at least 13.59999pt, for example:
(fancyhdr)                \setlength{\headheight}{13.59999pt}.
(fancyhdr)                You might also make \topmargin smaller:
(fancyhdr)                \addtolength{\topmargin}{-1.59999pt}.

[8]
Underfull \hbox (badness 10000) in paragraph at lines 555--555
[]|\T1/lmr/m/n/12 (+20) MySQL al-ma-ce-na boo-lea-nos co-mo
 []


Package fancyhdr Warning: \headheight is too small (12.0pt): 
(fancyhdr)                Make it at least 13.59999pt, for example:
(fancyhdr)                \setlength{\headheight}{13.59999pt}.
(fancyhdr)                You might also make \topmargin smaller:
(fancyhdr)                \addtolength{\topmargin}{-1.59999pt}.

[9]

Package fancyhdr Warning: \headheight is too small (12.0pt): 
(fancyhdr)                Make it at least 13.59999pt, for example:
(fancyhdr)                \setlength{\headheight}{13.59999pt}.
(fancyhdr)                You might also make \topmargin smaller:
(fancyhdr)                \addtolength{\topmargin}{-1.59999pt}.

[10{/usr/share/texmf-dist/fonts/enc/dvips/lm/lm-mathsy.enc}{/usr/share/texmf-di
st/fonts/enc/dvips/lm/lm-rm.enc}{/usr/share/texmf-dist/fonts/enc/dvips/lm/lm-ma
thit.enc}]

Package fancyhdr Warning: \headheight is too small (12.0pt): 
(fancyhdr)                Make it at least 13.59999pt, for example:
(fancyhdr)                \setlength{\headheight}{13.59999pt}.
(fancyhdr)                You might also make \topmargin smaller:
(fancyhdr)                \addtolength{\topmargin}{-1.59999pt}.

[11]

! LaTeX Error: Invalid UTF-8 byte sequence (�\lst@FillFixed@).

See the LaTeX manual or LaTeX Companion for explanation.
Type  H <return>  for immediate help.
 ...                                              
                                                  
l.666 		-- Clave primaria simple (columna única)
                                                 
The document does not appear to be in UTF-8 encoding.
Try adding \UseRawInputEncoding as the first line of the file
or specify an encoding such as \usepackage [latin1]{inputenc}
in the document preamble.
Alternatively, save the file in UTF-8 using your editor or another tool


! LaTeX Error: Invalid UTF-8 byte "BA.

See the LaTeX manual or LaTeX Companion for explanation.
Type  H <return>  for immediate help.
 ...                                              
                                                  
l.666 		-- Clave primaria simple (columna única)
                                                 
The document does not appear to be in UTF-8 encoding.
Try adding \UseRawInputEncoding as the first line of the file
or specify an encoding such as \usepackage [latin1]{inputenc}
in the document preamble.
Alternatively, save the file in UTF-8 using your editor or another tool


! LaTeX Error: Invalid UTF-8 byte sequence (�\lst@FillFixed@).

See the LaTeX manual or LaTeX Companion for explanation.
Type  H <return>  for immediate help.
 ...                                              
                                                  
l.678 ...te_id, curso_id)   -- par debe ser único
                                                  
The document does not appear to be in UTF-8 encoding.
Try adding \UseRawInputEncoding as the first line of the file
or specify an encoding such as \usepackage [latin1]{inputenc}
in the document preamble.
Alternatively, save the file in UTF-8 using your editor or another tool


! LaTeX Error: Invalid UTF-8 byte "BA.

See the LaTeX manual or LaTeX Companion for explanation.
Type  H <return>  for immediate help.
 ...                                              
                                                  
l.678 ...te_id, curso_id)   -- par debe ser único
                                                  
The document does not appear to be in UTF-8 encoding.
Try adding \UseRawInputEncoding as the first line of the file
or specify an encoding such as \usepackage [latin1]{inputenc}
in the document preamble.
Alternatively, save the file in UTF-8 using your editor or another tool


Package fancyhdr Warning: \headheight is too small (12.0pt): 
(fancyhdr)                Make it at least 13.59999pt, for example:
(fancyhdr)                \setlength{\headheight}{13.59999pt}.
(fancyhdr)                You might also make \topmargin smaller:
(fancyhdr)                \addtolength{\topmargin}{-1.59999pt}.

[12]

Package fancyhdr Warning: \headheight is too small (12.0pt): 
(fancyhdr)                Make it at least 13.59999pt, for example:
(fancyhdr)                \setlength{\headheight}{13.59999pt}.
(fancyhdr)                You might also make \topmargin smaller:
(fancyhdr)                \addtolength{\topmargin}{-1.59999pt}.

[13]

! LaTeX Error: Invalid UTF-8 byte sequence (�\expandafter).

See the LaTeX manual or LaTeX Companion for explanation.
Type  H <return>  for immediate help.
 ...                                              
                                                  
l.739 		-- DEFAULT con valores estáticos
                                         
The document does not appear to be in UTF-8 encoding.
Try adding \UseRawInputEncoding as the first line of the file
or specify an encoding such as \usepackage [latin1]{inputenc}
in the document preamble.
Alternatively, save the file in UTF-8 using your editor or another tool


! LaTeX Error: Invalid UTF-8 byte "A1.

See the LaTeX manual or LaTeX Companion for explanation.
Type  H <return>  for immediate help.
 ...                                              
                                                  
l.739 		-- DEFAULT con valores estáticos
                                         
The document does not appear to be in UTF-8 encoding.
Try adding \UseRawInputEncoding as the first line of the file
or specify an encoding such as \usepackage [latin1]{inputenc}
in the document preamble.
Alternatively, save the file in UTF-8 using your editor or another tool


Package fancyhdr Warning: \headheight is too small (12.0pt): 
(fancyhdr)                Make it at least 13.59999pt, for example:
(fancyhdr)                \setlength{\headheight}{13.59999pt}.
(fancyhdr)                You might also make \topmargin smaller:
(fancyhdr)                \addtolength{\topmargin}{-1.59999pt}.

[14]

Package fancyhdr Warning: \headheight is too small (12.0pt): 
(fancyhdr)                Make it at least 13.59999pt, for example:
(fancyhdr)                \setlength{\headheight}{13.59999pt}.
(fancyhdr)                You might also make \topmargin smaller:
(fancyhdr)                \addtolength{\topmargin}{-1.59999pt}.

[15]

! LaTeX Error: Invalid UTF-8 byte sequence (�\expandafter).

See the LaTeX manual or LaTeX Companion for explanation.
Type  H <return>  for immediate help.
 ...                                              
                                                  
l.833 		-- Agregar una columna en una posición 
                                                específica
The document does not appear to be in UTF-8 encoding.
Try adding \UseRawInputEncoding as the first line of the file
or specify an encoding such as \usepackage [latin1]{inputenc}
in the document preamble.
Alternatively, save the file in UTF-8 using your editor or another tool


! LaTeX Error: Invalid UTF-8 byte "B3.

See the LaTeX manual or LaTeX Companion for explanation.
Type  H <return>  for immediate help.
 ...                                              
                                                  
l.833 		-- Agregar una columna en una posición 
                                                específica
The document does not appear to be in UTF-8 encoding.
Try adding \UseRawInputEncoding as the first line of the file
or specify an encoding such as \usepackage [latin1]{inputenc}
in the document preamble.
Alternatively, save the file in UTF-8 using your editor or another tool


! LaTeX Error: Invalid UTF-8 byte sequence (�\expandafter).

See the LaTeX manual or LaTeX Companion for explanation.
Type  H <return>  for immediate help.
 ...                                              
                                                  
l.833 ... una columna en una posición específica
                                                  
The document does not appear to be in UTF-8 encoding.
Try adding \UseRawInputEncoding as the first line of the file
or specify an encoding such as \usepackage [latin1]{inputenc}
in the document preamble.
Alternatively, save the file in UTF-8 using your editor or another tool


! LaTeX Error: Invalid UTF-8 byte "AD.

See the LaTeX manual or LaTeX Companion for explanation.
Type  H <return>  for immediate help.
 ...                                              
                                                  
l.833 ... una columna en una posición específica
                                                  
The document does not appear to be in UTF-8 encoding.
Try adding \UseRawInputEncoding as the first line of the file
or specify an encoding such as \usepackage [latin1]{inputenc}
in the document preamble.
Alternatively, save the file in UTF-8 using your editor or another tool


! LaTeX Error: Invalid UTF-8 byte sequence (�\lst@FillFixed@).

See the LaTeX manual or LaTeX Companion for explanation.
Type  H <return>  for immediate help.
 ...                                              
                                                  
l.845 		-- Agregar índice 
                           UNIQUE
The document does not appear to be in UTF-8 encoding.
Try adding \UseRawInputEncoding as the first line of the file
or specify an encoding such as \usepackage [latin1]{inputenc}
in the document preamble.
Alternatively, save the file in UTF-8 using your editor or another tool


! LaTeX Error: Invalid UTF-8 byte "AD.

See the LaTeX manual or LaTeX Companion for explanation.
Type  H <return>  for immediate help.
 ...                                              
                                                  
l.845 		-- Agregar índice 
                           UNIQUE
The document does not appear to be in UTF-8 encoding.
Try adding \UseRawInputEncoding as the first line of the file
or specify an encoding such as \usepackage [latin1]{inputenc}
in the document preamble.
Alternatively, save the file in UTF-8 using your editor or another tool


! LaTeX Error: Invalid UTF-8 byte sequence (�\expandafter).

See the LaTeX manual or LaTeX Companion for explanation.
Type  H <return>  for immediate help.
 ...                                              
                                                  
l.849 		-- Agregar clave foránea
                                 
The document does not appear to be in UTF-8 encoding.
Try adding \UseRawInputEncoding as the first line of the file
or specify an encoding such as \usepackage [latin1]{inputenc}
in the document preamble.
Alternatively, save the file in UTF-8 using your editor or another tool


! LaTeX Error: Invalid UTF-8 byte "A1.

See the LaTeX manual or LaTeX Companion for explanation.
Type  H <return>  for immediate help.
 ...                                              
                                                  
l.849 		-- Agregar clave foránea
                                 
The document does not appear to be in UTF-8 encoding.
Try adding \UseRawInputEncoding as the first line of the file
or specify an encoding such as \usepackage [latin1]{inputenc}
in the document preamble.
Alternatively, save the file in UTF-8 using your editor or another tool


Package fancyhdr Warning: \headheight is too small (12.0pt): 
(fancyhdr)                Make it at least 13.59999pt, for example:
(fancyhdr)                \setlength{\headheight}{13.59999pt}.
(fancyhdr)                You might also make \topmargin smaller:
(fancyhdr)                \addtolength{\topmargin}{-1.59999pt}.

[16]

! LaTeX Error: Invalid UTF-8 byte sequence (�\expandafter).

See the LaTeX manual or LaTeX Companion for explanation.
Type  H <return>  for immediate help.
 ...                                              
                                                  
l.891 		-- Ampliar el tamaño 
                              de un VARCHAR
The document does not appear to be in UTF-8 encoding.
Try adding \UseRawInputEncoding as the first line of the file
or specify an encoding such as \usepackage [latin1]{inputenc}
in the document preamble.
Alternatively, save the file in UTF-8 using your editor or another tool


! LaTeX Error: Invalid UTF-8 byte "B1.

See the LaTeX manual or LaTeX Companion for explanation.
Type  H <return>  for immediate help.
 ...                                              
                                                  
l.891 		-- Ampliar el tamaño 
                              de un VARCHAR
The document does not appear to be in UTF-8 encoding.
Try adding \UseRawInputEncoding as the first line of the file
or specify an encoding such as \usepackage [latin1]{inputenc}
in the document preamble.
Alternatively, save the file in UTF-8 using your editor or another tool


! LaTeX Error: Invalid UTF-8 byte sequence (�\expandafter).

See the LaTeX manual or LaTeX Companion for explanation.
Type  H <return>  for immediate help.
 ...                                              
                                                  
l.895 		-- Cambiar tipo y agregar restricción
                                              
The document does not appear to be in UTF-8 encoding.
Try adding \UseRawInputEncoding as the first line of the file
or specify an encoding such as \usepackage [latin1]{inputenc}
in the document preamble.
Alternatively, save the file in UTF-8 using your editor or another tool


! LaTeX Error: Invalid UTF-8 byte "B3.

See the LaTeX manual or LaTeX Companion for explanation.
Type  H <return>  for immediate help.
 ...                                              
                                                  
l.895 		-- Cambiar tipo y agregar restricción
                                              
The document does not appear to be in UTF-8 encoding.
Try adding \UseRawInputEncoding as the first line of the file
or specify an encoding such as \usepackage [latin1]{inputenc}
in the document preamble.
Alternatively, save the file in UTF-8 using your editor or another tool


! LaTeX Error: Invalid UTF-8 byte sequence (�\expandafter).

See the LaTeX manual or LaTeX Companion for explanation.
Type  H <return>  for immediate help.
 ...                                              
                                                  
l.899 		-- Cambiar posición 
                             de la columna
The document does not appear to be in UTF-8 encoding.
Try adding \UseRawInputEncoding as the first line of the file
or specify an encoding such as \usepackage [latin1]{inputenc}
in the document preamble.
Alternatively, save the file in UTF-8 using your editor or another tool


! LaTeX Error: Invalid UTF-8 byte "B3.

See the LaTeX manual or LaTeX Companion for explanation.
Type  H <return>  for immediate help.
 ...                                              
                                                  
l.899 		-- Cambiar posición 
                             de la columna
The document does not appear to be in UTF-8 encoding.
Try adding \UseRawInputEncoding as the first line of the file
or specify an encoding such as \usepackage [latin1]{inputenc}
in the document preamble.
Alternatively, save the file in UTF-8 using your editor or another tool


! LaTeX Error: Invalid UTF-8 byte sequence (�\expandafter).

See the LaTeX manual or LaTeX Companion for explanation.
Type  H <return>  for immediate help.
 ...                                              
                                                  
l.925 		-- Eliminar una restricción 
                                     antes de poder borrar la columna
The document does not appear to be in UTF-8 encoding.
Try adding \UseRawInputEncoding as the first line of the file
or specify an encoding such as \usepackage [latin1]{inputenc}
in the document preamble.
Alternatively, save the file in UTF-8 using your editor or another tool


! LaTeX Error: Invalid UTF-8 byte "B3.

See the LaTeX manual or LaTeX Companion for explanation.
Type  H <return>  for immediate help.
 ...                                              
                                                  
l.925 		-- Eliminar una restricción 
                                     antes de poder borrar la columna
The document does not appear to be in UTF-8 encoding.
Try adding \UseRawInputEncoding as the first line of the file
or specify an encoding such as \usepackage [latin1]{inputenc}
in the document preamble.
Alternatively, save the file in UTF-8 using your editor or another tool


Package fancyhdr Warning: \headheight is too small (12.0pt): 
(fancyhdr)                Make it at least 13.59999pt, for example:
(fancyhdr)                \setlength{\headheight}{13.59999pt}.
(fancyhdr)                You might also make \topmargin smaller:
(fancyhdr)                \addtolength{\topmargin}{-1.59999pt}.

[17]

Package fancyhdr Warning: \headheight is too small (12.0pt): 
(fancyhdr)                Make it at least 13.59999pt, for example:
(fancyhdr)                \setlength{\headheight}{13.59999pt}.
(fancyhdr)                You might also make \topmargin smaller:
(fancyhdr)                \addtolength{\topmargin}{-1.59999pt}.

[18]
LaTeX Font Info:    Font shape `T1/lmtt/bx/n' in size <17.28> not available
(Font)              Font shape `T1/lmtt/b/n' tried instead on input line 943.


Package fancyhdr Warning: \headheight is too small (12.0pt): 
(fancyhdr)                Make it at least 13.59999pt, for example:
(fancyhdr)                \setlength{\headheight}{13.59999pt}.
(fancyhdr)                You might also make \topmargin smaller:
(fancyhdr)                \addtolength{\topmargin}{-1.59999pt}.

[19]
Overfull \hbox (0.94553pt too wide) in paragraph at lines 1011--1013
[]\T1/lmr/m/n/12 (-20) Para ilus-trar to-dos los ejem-plos de es-ta sec-ci�n us
a-re-mos una ta-bla lla-ma-da \T1/lmtt/m/n/12 empleados
 []


! LaTeX Error: Invalid UTF-8 byte sequence (�\expandafter).

See the LaTeX manual or LaTeX Companion for explanation.
Type  H <return>  for immediate help.
 ...                                              
                                                  
l.1025 		('Ana García'
                       ,      'Ventas',     'Gerente',    55000.00, '2018-03...

The document does not appear to be in UTF-8 encoding.
Try adding \UseRawInputEncoding as the first line of the file
or specify an encoding such as \usepackage [latin1]{inputenc}
in the document preamble.
Alternatively, save the file in UTF-8 using your editor or another tool


! LaTeX Error: Invalid UTF-8 byte "AD.

See the LaTeX manual or LaTeX Companion for explanation.
Type  H <return>  for immediate help.
 ...                                              
                                                  
l.1025 		('Ana García'
                       ,      'Ventas',     'Gerente',    55000.00, '2018-03...

The document does not appear to be in UTF-8 encoding.
Try adding \UseRawInputEncoding as the first line of the file
or specify an encoding such as \usepackage [latin1]{inputenc}
in the document preamble.
Alternatively, save the file in UTF-8 using your editor or another tool


! LaTeX Error: Invalid UTF-8 byte sequence (�\expandafter).

See the LaTeX manual or LaTeX Companion for explanation.
Type  H <return>  for immediate help.
 ...                                              
                                                  
l.1027 		('Sofía 
                  Ramírez',   'TI',         'Desarrolladora', 48000.00, '20...

The document does not appear to be in UTF-8 encoding.
Try adding \UseRawInputEncoding as the first line of the file
or specify an encoding such as \usepackage [latin1]{inputenc}
in the document preamble.
Alternatively, save the file in UTF-8 using your editor or another tool


! LaTeX Error: Invalid UTF-8 byte "AD.

See the LaTeX manual or LaTeX Companion for explanation.
Type  H <return>  for immediate help.
 ...                                              
                                                  
l.1027 		('Sofía 
                  Ramírez',   'TI',         'Desarrolladora', 48000.00, '20...

The document does not appear to be in UTF-8 encoding.
Try adding \UseRawInputEncoding as the first line of the file
or specify an encoding such as \usepackage [latin1]{inputenc}
in the document preamble.
Alternatively, save the file in UTF-8 using your editor or another tool


! LaTeX Error: Invalid UTF-8 byte sequence (�\expandafter).

See the LaTeX manual or LaTeX Companion for explanation.
Type  H <return>  for immediate help.
 ...                                              
                                                  
l.1027 		('Sofía Ramírez'
                           ,   'TI',         'Desarrolladora', 48000.00, '20...

The document does not appear to be in UTF-8 encoding.
Try adding \UseRawInputEncoding as the first line of the file
or specify an encoding such as \usepackage [latin1]{inputenc}
in the document preamble.
Alternatively, save the file in UTF-8 using your editor or another tool


! LaTeX Error: Invalid UTF-8 byte "AD.

See the LaTeX manual or LaTeX Companion for explanation.
Type  H <return>  for immediate help.
 ...                                              
                                                  
l.1027 		('Sofía Ramírez'
                           ,   'TI',         'Desarrolladora', 48000.00, '20...

The document does not appear to be in UTF-8 encoding.
Try adding \UseRawInputEncoding as the first line of the file
or specify an encoding such as \usepackage [latin1]{inputenc}
in the document preamble.
Alternatively, save the file in UTF-8 using your editor or another tool


Package fancyhdr Warning: \headheight is too small (12.0pt): 
(fancyhdr)                Make it at least 13.59999pt, for example:
(fancyhdr)                \setlength{\headheight}{13.59999pt}.
(fancyhdr)                You might also make \topmargin smaller:
(fancyhdr)                \addtolength{\topmargin}{-1.59999pt}.

[20]

! LaTeX Error: Invalid UTF-8 byte sequence (�\expandafter).

See the LaTeX manual or LaTeX Companion for explanation.
Type  H <return>  for immediate help.
 ...                                              
                                                  
l.1051 		-- Sólo 
                  nombre, departamento y salario
The document does not appear to be in UTF-8 encoding.
Try adding \UseRawInputEncoding as the first line of the file
or specify an encoding such as \usepackage [latin1]{inputenc}
in the document preamble.
Alternatively, save the file in UTF-8 using your editor or another tool


! LaTeX Error: Invalid UTF-8 byte "B3.

See the LaTeX manual or LaTeX Companion for explanation.
Type  H <return>  for immediate help.
 ...                                              
                                                  
l.1051 		-- Sólo 
                  nombre, departamento y salario
The document does not appear to be in UTF-8 encoding.
Try adding \UseRawInputEncoding as the first line of the file
or specify an encoding such as \usepackage [latin1]{inputenc}
in the document preamble.
Alternatively, save the file in UTF-8 using your editor or another tool


Package fancyhdr Warning: \headheight is too small (12.0pt): 
(fancyhdr)                Make it at least 13.59999pt, for example:
(fancyhdr)                \setlength{\headheight}{13.59999pt}.
(fancyhdr)                You might also make \topmargin smaller:
(fancyhdr)                \addtolength{\topmargin}{-1.59999pt}.

[21]

Package fancyhdr Warning: \headheight is too small (12.0pt): 
(fancyhdr)                Make it at least 13.59999pt, for example:
(fancyhdr)                \setlength{\headheight}{13.59999pt}.
(fancyhdr)                You might also make \topmargin smaller:
(fancyhdr)                \addtolength{\topmargin}{-1.59999pt}.

[22]

! LaTeX Error: Invalid UTF-8 byte sequence (�\lst@FillFixed@).

See the LaTeX manual or LaTeX Companion for explanation.
Type  H <return>  for immediate help.
 ...                                              
                                                  
l.1180 		-- ¿Qué 
                   departamentos existen en la empresa?
The document does not appear to be in UTF-8 encoding.
Try adding \UseRawInputEncoding as the first line of the file
or specify an encoding such as \usepackage [latin1]{inputenc}
in the document preamble.
Alternatively, save the file in UTF-8 using your editor or another tool


! LaTeX Error: Invalid UTF-8 byte "BF.

See the LaTeX manual or LaTeX Companion for explanation.
Type  H <return>  for immediate help.
 ...                                              
                                                  
l.1180 		-- ¿Qué 
                   departamentos existen en la empresa?
The document does not appear to be in UTF-8 encoding.
Try adding \UseRawInputEncoding as the first line of the file
or specify an encoding such as \usepackage [latin1]{inputenc}
in the document preamble.
Alternatively, save the file in UTF-8 using your editor or another tool


! LaTeX Error: Invalid UTF-8 byte sequence (�\lst@EC�).

See the LaTeX manual or LaTeX Companion for explanation.
Type  H <return>  for immediate help.
 ...                                              
                                                  
l.1180 		-- ¿Qué 
                   departamentos existen en la empresa?
The document does not appear to be in UTF-8 encoding.
Try adding \UseRawInputEncoding as the first line of the file
or specify an encoding such as \usepackage [latin1]{inputenc}
in the document preamble.
Alternatively, save the file in UTF-8 using your editor or another tool


! LaTeX Error: Invalid UTF-8 byte sequence (�\expandafter).

See the LaTeX manual or LaTeX Companion for explanation.
Type  H <return>  for immediate help.
 ...                                              
                                                  
l.1181 		-- Sin DISTINCT aparecerían 
                                      10 filas (una por empleado)
The document does not appear to be in UTF-8 encoding.
Try adding \UseRawInputEncoding as the first line of the file
or specify an encoding such as \usepackage [latin1]{inputenc}
in the document preamble.
Alternatively, save the file in UTF-8 using your editor or another tool


! LaTeX Error: Invalid UTF-8 byte "AD.

See the LaTeX manual or LaTeX Companion for explanation.
Type  H <return>  for immediate help.
 ...                                              
                                                  
l.1181 		-- Sin DISTINCT aparecerían 
                                      10 filas (una por empleado)
The document does not appear to be in UTF-8 encoding.
Try adding \UseRawInputEncoding as the first line of the file
or specify an encoding such as \usepackage [latin1]{inputenc}
in the document preamble.
Alternatively, save the file in UTF-8 using your editor or another tool


! LaTeX Error: Invalid UTF-8 byte sequence (�\lst@FillFixed@).

See the LaTeX manual or LaTeX Companion for explanation.
Type  H <return>  for immediate help.
 ...                                              
                                                  
l.1187 		-- Combinaciones únicas 
                                  de departamento + cargo
The document does not appear to be in UTF-8 encoding.
Try adding \UseRawInputEncoding as the first line of the file
or specify an encoding such as \usepackage [latin1]{inputenc}
in the document preamble.
Alternatively, save the file in UTF-8 using your editor or another tool


! LaTeX Error: Invalid UTF-8 byte "BA.

See the LaTeX manual or LaTeX Companion for explanation.
Type  H <return>  for immediate help.
 ...                                              
                                                  
l.1187 		-- Combinaciones únicas 
                                  de departamento + cargo
The document does not appear to be in UTF-8 encoding.
Try adding \UseRawInputEncoding as the first line of the file
or specify an encoding such as \usepackage [latin1]{inputenc}
in the document preamble.
Alternatively, save the file in UTF-8 using your editor or another tool


Package fancyhdr Warning: \headheight is too small (12.0pt): 
(fancyhdr)                Make it at least 13.59999pt, for example:
(fancyhdr)                \setlength{\headheight}{13.59999pt}.
(fancyhdr)                You might also make \topmargin smaller:
(fancyhdr)                \addtolength{\topmargin}{-1.59999pt}.

[23]

! LaTeX Error: Invalid UTF-8 byte sequence (�\expandafter).

See the LaTeX manual or LaTeX Companion for explanation.
Type  H <return>  for immediate help.
 ...                                              
                                                  
l.1224 		-- Empleados que ingresaron después 
                                              del 1 de enero de 2020
The document does not appear to be in UTF-8 encoding.
Try adding \UseRawInputEncoding as the first line of the file
or specify an encoding such as \usepackage [latin1]{inputenc}
in the document preamble.
Alternatively, save the file in UTF-8 using your editor or another tool


! LaTeX Error: Invalid UTF-8 byte "A9.

See the LaTeX manual or LaTeX Companion for explanation.
Type  H <return>  for immediate help.
 ...                                              
                                                  
l.1224 		-- Empleados que ingresaron después 
                                              del 1 de enero de 2020
The document does not appear to be in UTF-8 encoding.
Try adding \UseRawInputEncoding as the first line of the file
or specify an encoding such as \usepackage [latin1]{inputenc}
in the document preamble.
Alternatively, save the file in UTF-8 using your editor or another tool


! LaTeX Error: Invalid UTF-8 byte sequence (�\lst@FillFixed@\lst@EC�).

See the LaTeX manual or LaTeX Companion for explanation.
Type  H <return>  for immediate help.
 ...                                              
                                                  
l.1238 		-- Orden ascendente (A → 
                                    Z, menor → mayor): por defecto
The document does not appear to be in UTF-8 encoding.
Try adding \UseRawInputEncoding as the first line of the file
or specify an encoding such as \usepackage [latin1]{inputenc}
in the document preamble.
Alternatively, save the file in UTF-8 using your editor or another tool


! LaTeX Error: Invalid UTF-8 byte "92.

See the LaTeX manual or LaTeX Companion for explanation.
Type  H <return>  for immediate help.
 ...                                              
                                                  
l.1238 		-- Orden ascendente (A → 
                                    Z, menor → mayor): por defecto
The document does not appear to be in UTF-8 encoding.
Try adding \UseRawInputEncoding as the first line of the file
or specify an encoding such as \usepackage [latin1]{inputenc}
in the document preamble.
Alternatively, save the file in UTF-8 using your editor or another tool


! LaTeX Error: Invalid UTF-8 byte sequence (�\lst@FillFixed@\lst@EC�).

See the LaTeX manual or LaTeX Companion for explanation.
Type  H <return>  for immediate help.
 ...                                              
                                                  
l.1238 		-- Orden ascendente (A → Z, menor → 
                                                 mayor): por defecto
The document does not appear to be in UTF-8 encoding.
Try adding \UseRawInputEncoding as the first line of the file
or specify an encoding such as \usepackage [latin1]{inputenc}
in the document preamble.
Alternatively, save the file in UTF-8 using your editor or another tool


! LaTeX Error: Invalid UTF-8 byte "92.

See the LaTeX manual or LaTeX Companion for explanation.
Type  H <return>  for immediate help.
 ...                                              
                                                  
l.1238 		-- Orden ascendente (A → Z, menor → 
                                                 mayor): por defecto
The document does not appear to be in UTF-8 encoding.
Try adding \UseRawInputEncoding as the first line of the file
or specify an encoding such as \usepackage [latin1]{inputenc}
in the document preamble.
Alternatively, save the file in UTF-8 using your editor or another tool


! LaTeX Error: Invalid UTF-8 byte sequence (�\lst@FillFixed@\lst@EC�).

See the LaTeX manual or LaTeX Companion for explanation.
Type  H <return>  for immediate help.
 ...                                              
                                                  
l.1243 		-- Orden descendente (mayor → 
                                         menor)
The document does not appear to be in UTF-8 encoding.
Try adding \UseRawInputEncoding as the first line of the file
or specify an encoding such as \usepackage [latin1]{inputenc}
in the document preamble.
Alternatively, save the file in UTF-8 using your editor or another tool


! LaTeX Error: Invalid UTF-8 byte "92.

See the LaTeX manual or LaTeX Companion for explanation.
Type  H <return>  for immediate help.
 ...                                              
                                                  
l.1243 		-- Orden descendente (mayor → 
                                         menor)
The document does not appear to be in UTF-8 encoding.
Try adding \UseRawInputEncoding as the first line of the file
or specify an encoding such as \usepackage [latin1]{inputenc}
in the document preamble.
Alternatively, save the file in UTF-8 using your editor or another tool


! LaTeX Error: Invalid UTF-8 byte sequence (�\expandafter\lst@FillFixed@).

See the LaTeX manual or LaTeX Companion for explanation.
Type  H <return>  for immediate help.
 ...                                              
                                                  
l.1250 		-- Primero por departamento (A→Z)
                                            ,
The document does not appear to be in UTF-8 encoding.
Try adding \UseRawInputEncoding as the first line of the file
or specify an encoding such as \usepackage [latin1]{inputenc}
in the document preamble.
Alternatively, save the file in UTF-8 using your editor or another tool


! LaTeX Error: Invalid UTF-8 byte "86.

See the LaTeX manual or LaTeX Companion for explanation.
Type  H <return>  for immediate help.
 ...                                              
                                                  
l.1250 		-- Primero por departamento (A→Z)
                                            ,
The document does not appear to be in UTF-8 encoding.
Try adding \UseRawInputEncoding as the first line of the file
or specify an encoding such as \usepackage [latin1]{inputenc}
in the document preamble.
Alternatively, save the file in UTF-8 using your editor or another tool


! LaTeX Error: Invalid UTF-8 byte "92.

See the LaTeX manual or LaTeX Companion for explanation.
Type  H <return>  for immediate help.
 ...                                              
                                                  
l.1250 		-- Primero por departamento (A→Z)
                                            ,
The document does not appear to be in UTF-8 encoding.
Try adding \UseRawInputEncoding as the first line of the file
or specify an encoding such as \usepackage [latin1]{inputenc}
in the document preamble.
Alternatively, save the file in UTF-8 using your editor or another tool


! LaTeX Error: Invalid UTF-8 byte sequence (�\expandafter\lst@FillFixed@).

See the LaTeX manual or LaTeX Companion for explanation.
Type  H <return>  for immediate help.
 ...                                              
                                                  
l.1251 ...departamento por salario (mayor→menor)
                                                  
The document does not appear to be in UTF-8 encoding.
Try adding \UseRawInputEncoding as the first line of the file
or specify an encoding such as \usepackage [latin1]{inputenc}
in the document preamble.
Alternatively, save the file in UTF-8 using your editor or another tool


! LaTeX Error: Invalid UTF-8 byte "86.

See the LaTeX manual or LaTeX Companion for explanation.
Type  H <return>  for immediate help.
 ...                                              
                                                  
l.1251 ...departamento por salario (mayor→menor)
                                                  
The document does not appear to be in UTF-8 encoding.
Try adding \UseRawInputEncoding as the first line of the file
or specify an encoding such as \usepackage [latin1]{inputenc}
in the document preamble.
Alternatively, save the file in UTF-8 using your editor or another tool


! LaTeX Error: Invalid UTF-8 byte "92.

See the LaTeX manual or LaTeX Companion for explanation.
Type  H <return>  for immediate help.
 ...                                              
                                                  
l.1251 ...departamento por salario (mayor→menor)
                                                  
The document does not appear to be in UTF-8 encoding.
Try adding \UseRawInputEncoding as the first line of the file
or specify an encoding such as \usepackage [latin1]{inputenc}
in the document preamble.
Alternatively, save the file in UTF-8 using your editor or another tool


Package fancyhdr Warning: \headheight is too small (12.0pt): 
(fancyhdr)                Make it at least 13.59999pt, for example:
(fancyhdr)                \setlength{\headheight}{13.59999pt}.
(fancyhdr)                You might also make \topmargin smaller:
(fancyhdr)                \addtolength{\topmargin}{-1.59999pt}.

[24]

! LaTeX Error: Invalid UTF-8 byte sequence (�\expandafter).

See the LaTeX manual or LaTeX Companion for explanation.
Type  H <return>  for immediate help.
 ...                                              
                                                  
l.1291 ...ue contienen 'ar' en cualquier posición
                                                  
The document does not appear to be in UTF-8 encoding.
Try adding \UseRawInputEncoding as the first line of the file
or specify an encoding such as \usepackage [latin1]{inputenc}
in the document preamble.
Alternatively, save the file in UTF-8 using your editor or another tool


! LaTeX Error: Invalid UTF-8 byte "B3.

See the LaTeX manual or LaTeX Companion for explanation.
Type  H <return>  for immediate help.
 ...                                              
                                                  
l.1291 ...ue contienen 'ar' en cualquier posición
                                                  
The document does not appear to be in UTF-8 encoding.
Try adding \UseRawInputEncoding as the first line of the file
or specify an encoding such as \usepackage [latin1]{inputenc}
in the document preamble.
Alternatively, save the file in UTF-8 using your editor or another tool


Package fancyhdr Warning: \headheight is too small (12.0pt): 
(fancyhdr)                Make it at least 13.59999pt, for example:
(fancyhdr)                \setlength{\headheight}{13.59999pt}.
(fancyhdr)                You might also make \topmargin smaller:
(fancyhdr)                \addtolength{\topmargin}{-1.59999pt}.

[25]

Package fancyhdr Warning: \headheight is too small (12.0pt): 
(fancyhdr)                Make it at least 13.59999pt, for example:
(fancyhdr)                \setlength{\headheight}{13.59999pt}.
(fancyhdr)                You might also make \topmargin smaller:
(fancyhdr)                \addtolength{\topmargin}{-1.59999pt}.

[26]

! LaTeX Error: Invalid UTF-8 byte sequence (�\expandafter).

See the LaTeX manual or LaTeX Companion for explanation.
Type  H <return>  for immediate help.
 ...                                              
                                                  
l.1391 		-- Número 
                    de empleados y salario promedio por departamento
The document does not appear to be in UTF-8 encoding.
Try adding \UseRawInputEncoding as the first line of the file
or specify an encoding such as \usepackage [latin1]{inputenc}
in the document preamble.
Alternatively, save the file in UTF-8 using your editor or another tool


! LaTeX Error: Invalid UTF-8 byte "BA.

See the LaTeX manual or LaTeX Companion for explanation.
Type  H <return>  for immediate help.
 ...                                              
                                                  
l.1391 		-- Número 
                    de empleados y salario promedio por departamento
The document does not appear to be in UTF-8 encoding.
Try adding \UseRawInputEncoding as the first line of the file
or specify an encoding such as \usepackage [latin1]{inputenc}
in the document preamble.
Alternatively, save the file in UTF-8 using your editor or another tool


! LaTeX Error: Invalid UTF-8 byte sequence (�\expandafter).

See the LaTeX manual or LaTeX Companion for explanation.
Type  H <return>  for immediate help.
 ...                                              
                                                  
l.1421 		-- Departamentos con más 
                                   de 2 empleados
The document does not appear to be in UTF-8 encoding.
Try adding \UseRawInputEncoding as the first line of the file
or specify an encoding such as \usepackage [latin1]{inputenc}
in the document preamble.
Alternatively, save the file in UTF-8 using your editor or another tool


! LaTeX Error: Invalid UTF-8 byte "A1.

See the LaTeX manual or LaTeX Companion for explanation.
Type  H <return>  for immediate help.
 ...                                              
                                                  
l.1421 		-- Departamentos con más 
                                   de 2 empleados
The document does not appear to be in UTF-8 encoding.
Try adding \UseRawInputEncoding as the first line of the file
or specify an encoding such as \usepackage [latin1]{inputenc}
in the document preamble.
Alternatively, save the file in UTF-8 using your editor or another tool


Package fancyhdr Warning: \headheight is too small (12.0pt): 
(fancyhdr)                Make it at least 13.59999pt, for example:
(fancyhdr)                \setlength{\headheight}{13.59999pt}.
(fancyhdr)                You might also make \topmargin smaller:
(fancyhdr)                \addtolength{\topmargin}{-1.59999pt}.

[27]

Package fancyhdr Warning: \headheight is too small (12.0pt): 
(fancyhdr)                Make it at least 13.59999pt, for example:
(fancyhdr)                \setlength{\headheight}{13.59999pt}.
(fancyhdr)                You might also make \topmargin smaller:
(fancyhdr)                \addtolength{\topmargin}{-1.59999pt}.

[28]

Package fancyhdr Warning: \headheight is too small (12.0pt): 
(fancyhdr)                Make it at least 13.59999pt, for example:
(fancyhdr)                \setlength{\headheight}{13.59999pt}.
(fancyhdr)                You might also make \topmargin smaller:
(fancyhdr)                \addtolength{\topmargin}{-1.59999pt}.

[29]

Package fancyhdr Warning: \headheight is too small (12.0pt): 
(fancyhdr)                Make it at least 13.59999pt, for example:
(fancyhdr)                \setlength{\headheight}{13.59999pt}.
(fancyhdr)                You might also make \topmargin smaller:
(fancyhdr)                \addtolength{\topmargin}{-1.59999pt}.

[30]

Package fancyhdr Warning: \headheight is too small (12.0pt): 
(fancyhdr)                Make it at least 13.59999pt, for example:
(fancyhdr)                \setlength{\headheight}{13.59999pt}.
(fancyhdr)                You might also make \topmargin smaller:
(fancyhdr)                \addtolength{\topmargin}{-1.59999pt}.

[31]

! LaTeX Error: Invalid UTF-8 byte sequence (�\expandafter).

See the LaTeX manual or LaTeX Companion for explanation.
Type  H <return>  for immediate help.
 ...                                              
                                                  
l.1654 			('Teclado mecánico'
                              ,  850.00, 40, 3),
The document does not appear to be in UTF-8 encoding.
Try adding \UseRawInputEncoding as the first line of the file
or specify an encoding such as \usepackage [latin1]{inputenc}
in the document preamble.
Alternatively, save the file in UTF-8 using your editor or another tool


! LaTeX Error: Invalid UTF-8 byte "A1.

See the LaTeX manual or LaTeX Companion for explanation.
Type  H <return>  for immediate help.
 ...                                              
                                                  
l.1654 			('Teclado mecánico'
                              ,  850.00, 40, 3),
The document does not appear to be in UTF-8 encoding.
Try adding \UseRawInputEncoding as the first line of the file
or specify an encoding such as \usepackage [latin1]{inputenc}
in the document preamble.
Alternatively, save the file in UTF-8 using your editor or another tool


! LaTeX Error: Invalid UTF-8 byte sequence (�\expandafter).

See the LaTeX manual or LaTeX Companion for explanation.
Type  H <return>  for immediate help.
 ...                                              
                                                  
l.1656 			('Silla ergonómica'
                              , 5400.00,  8, 5);
The document does not appear to be in UTF-8 encoding.
Try adding \UseRawInputEncoding as the first line of the file
or specify an encoding such as \usepackage [latin1]{inputenc}
in the document preamble.
Alternatively, save the file in UTF-8 using your editor or another tool


! LaTeX Error: Invalid UTF-8 byte "B3.

See the LaTeX manual or LaTeX Companion for explanation.
Type  H <return>  for immediate help.
 ...                                              
                                                  
l.1656 			('Silla ergonómica'
                              , 5400.00,  8, 5);
The document does not appear to be in UTF-8 encoding.
Try adding \UseRawInputEncoding as the first line of the file
or specify an encoding such as \usepackage [latin1]{inputenc}
in the document preamble.
Alternatively, save the file in UTF-8 using your editor or another tool


Package fancyhdr Warning: \headheight is too small (12.0pt): 
(fancyhdr)                Make it at least 13.59999pt, for example:
(fancyhdr)                \setlength{\headheight}{13.59999pt}.
(fancyhdr)                You might also make \topmargin smaller:
(fancyhdr)                \addtolength{\topmargin}{-1.59999pt}.

[32]

Package fancyhdr Warning: \headheight is too small (12.0pt): 
(fancyhdr)                Make it at least 13.59999pt, for example:
(fancyhdr)                \setlength{\headheight}{13.59999pt}.
(fancyhdr)                You might also make \topmargin smaller:
(fancyhdr)                \addtolength{\topmargin}{-1.59999pt}.

[33]

Package fancyhdr Warning: \headheight is too small (12.0pt): 
(fancyhdr)                Make it at least 13.59999pt, for example:
(fancyhdr)                \setlength{\headheight}{13.59999pt}.
(fancyhdr)                You might also make \topmargin smaller:
(fancyhdr)                \addtolength{\topmargin}{-1.59999pt}.

[34]

! LaTeX Error: Invalid UTF-8 byte sequence (�\expandafter).

See the LaTeX manual or LaTeX Companion for explanation.
Type  H <return>  for immediate help.
 ...                                              
                                                  
l.1806 		VALUES ('Laura Mendoza', 'Ingeniería'
                                               ),
The document does not appear to be in UTF-8 encoding.
Try adding \UseRawInputEncoding as the first line of the file
or specify an encoding such as \usepackage [latin1]{inputenc}
in the document preamble.
Alternatively, save the file in UTF-8 using your editor or another tool


! LaTeX Error: Invalid UTF-8 byte "AD.

See the LaTeX manual or LaTeX Companion for explanation.
Type  H <return>  for immediate help.
 ...                                              
                                                  
l.1806 		VALUES ('Laura Mendoza', 'Ingeniería'
                                               ),
The document does not appear to be in UTF-8 encoding.
Try adding \UseRawInputEncoding as the first line of the file
or specify an encoding such as \usepackage [latin1]{inputenc}
in the document preamble.
Alternatively, save the file in UTF-8 using your editor or another tool


Package fancyhdr Warning: \headheight is too small (12.0pt): 
(fancyhdr)                Make it at least 13.59999pt, for example:
(fancyhdr)                \setlength{\headheight}{13.59999pt}.
(fancyhdr)                You might also make \topmargin smaller:
(fancyhdr)                \addtolength{\topmargin}{-1.59999pt}.

[35]

! LaTeX Error: Invalid UTF-8 byte sequence (�\expandafter).

See the LaTeX manual or LaTeX Companion for explanation.
Type  H <return>  for immediate help.
 ...                                              
                                                  
l.1846 		VALUES ('Miguel Ríos'
                               ),
The document does not appear to be in UTF-8 encoding.
Try adding \UseRawInputEncoding as the first line of the file
or specify an encoding such as \usepackage [latin1]{inputenc}
in the document preamble.
Alternatively, save the file in UTF-8 using your editor or another tool


! LaTeX Error: Invalid UTF-8 byte "AD.

See the LaTeX manual or LaTeX Companion for explanation.
Type  H <return>  for immediate help.
 ...                                              
                                                  
l.1846 		VALUES ('Miguel Ríos'
                               ),
The document does not appear to be in UTF-8 encoding.
Try adding \UseRawInputEncoding as the first line of the file
or specify an encoding such as \usepackage [latin1]{inputenc}
in the document preamble.
Alternatively, save the file in UTF-8 using your editor or another tool


! LaTeX Error: Invalid UTF-8 byte sequence (�\expandafter).

See the LaTeX manual or LaTeX Companion for explanation.
Type  H <return>  for immediate help.
 ...                                              
                                                  
l.1847 		('Sofía 
                  Castillo'),
The document does not appear to be in UTF-8 encoding.
Try adding \UseRawInputEncoding as the first line of the file
or specify an encoding such as \usepackage [latin1]{inputenc}
in the document preamble.
Alternatively, save the file in UTF-8 using your editor or another tool


! LaTeX Error: Invalid UTF-8 byte "AD.

See the LaTeX manual or LaTeX Companion for explanation.
Type  H <return>  for immediate help.
 ...                                              
                                                  
l.1847 		('Sofía 
                  Castillo'),
The document does not appear to be in UTF-8 encoding.
Try adding \UseRawInputEncoding as the first line of the file
or specify an encoding such as \usepackage [latin1]{inputenc}
in the document preamble.
Alternatively, save the file in UTF-8 using your editor or another tool


! LaTeX Error: Invalid UTF-8 byte sequence (�\expandafter).

See the LaTeX manual or LaTeX Companion for explanation.
Type  H <return>  for immediate help.
 ...                                              
                                                  
l.1848 		('Héctor 
                   Núñez');
The document does not appear to be in UTF-8 encoding.
Try adding \UseRawInputEncoding as the first line of the file
or specify an encoding such as \usepackage [latin1]{inputenc}
in the document preamble.
Alternatively, save the file in UTF-8 using your editor or another tool


! LaTeX Error: Invalid UTF-8 byte "A9.

See the LaTeX manual or LaTeX Companion for explanation.
Type  H <return>  for immediate help.
 ...                                              
                                                  
l.1848 		('Héctor 
                   Núñez');
The document does not appear to be in UTF-8 encoding.
Try adding \UseRawInputEncoding as the first line of the file
or specify an encoding such as \usepackage [latin1]{inputenc}
in the document preamble.
Alternatively, save the file in UTF-8 using your editor or another tool


! LaTeX Error: Invalid UTF-8 byte sequence (�\expandafter).

See the LaTeX manual or LaTeX Companion for explanation.
Type  H <return>  for immediate help.
 ...                                              
                                                  
l.1848 		('Héctor Núñez'
                           );
The document does not appear to be in UTF-8 encoding.
Try adding \UseRawInputEncoding as the first line of the file
or specify an encoding such as \usepackage [latin1]{inputenc}
in the document preamble.
Alternatively, save the file in UTF-8 using your editor or another tool


! LaTeX Error: Invalid UTF-8 byte "BA.

See the LaTeX manual or LaTeX Companion for explanation.
Type  H <return>  for immediate help.
 ...                                              
                                                  
l.1848 		('Héctor Núñez'
                           );
The document does not appear to be in UTF-8 encoding.
Try adding \UseRawInputEncoding as the first line of the file
or specify an encoding such as \usepackage [latin1]{inputenc}
in the document preamble.
Alternatively, save the file in UTF-8 using your editor or another tool


! LaTeX Error: Invalid UTF-8 byte sequence (�\expandafter).

See the LaTeX manual or LaTeX Companion for explanation.
Type  H <return>  for immediate help.
 ...                                              
                                                  
l.1848 		('Héctor Núñez'
                           );
The document does not appear to be in UTF-8 encoding.
Try adding \UseRawInputEncoding as the first line of the file
or specify an encoding such as \usepackage [latin1]{inputenc}
in the document preamble.
Alternatively, save the file in UTF-8 using your editor or another tool


! LaTeX Error: Invalid UTF-8 byte "B1.

See the LaTeX manual or LaTeX Companion for explanation.
Type  H <return>  for immediate help.
 ...                                              
                                                  
l.1848 		('Héctor Núñez'
                           );
The document does not appear to be in UTF-8 encoding.
Try adding \UseRawInputEncoding as the first line of the file
or specify an encoding such as \usepackage [latin1]{inputenc}
in the document preamble.
Alternatively, save the file in UTF-8 using your editor or another tool


! LaTeX Error: Invalid UTF-8 byte sequence (�\lst@FillFixed@).

See the LaTeX manual or LaTeX Companion for explanation.
Type  H <return>  for immediate help.
 ...                                              
                                                  
l.1853 		('Álgebra 
                    Lineal',    4),
The document does not appear to be in UTF-8 encoding.
Try adding \UseRawInputEncoding as the first line of the file
or specify an encoding such as \usepackage [latin1]{inputenc}
in the document preamble.
Alternatively, save the file in UTF-8 using your editor or another tool


! LaTeX Error: Invalid UTF-8 byte "81.

See the LaTeX manual or LaTeX Companion for explanation.
Type  H <return>  for immediate help.
 ...                                              
                                                  
l.1853 		('Álgebra 
                    Lineal',    4),
The document does not appear to be in UTF-8 encoding.
Try adding \UseRawInputEncoding as the first line of the file
or specify an encoding such as \usepackage [latin1]{inputenc}
in the document preamble.
Alternatively, save the file in UTF-8 using your editor or another tool


! LaTeX Error: Invalid UTF-8 byte sequence (�\expandafter).

See the LaTeX manual or LaTeX Companion for explanation.
Type  H <return>  for immediate help.
 ...                                              
                                                  
l.1854 		('Redes de Cómputo'
                             ,  5);
The document does not appear to be in UTF-8 encoding.
Try adding \UseRawInputEncoding as the first line of the file
or specify an encoding such as \usepackage [latin1]{inputenc}
in the document preamble.
Alternatively, save the file in UTF-8 using your editor or another tool


! LaTeX Error: Invalid UTF-8 byte "B3.

See the LaTeX manual or LaTeX Companion for explanation.
Type  H <return>  for immediate help.
 ...                                              
                                                  
l.1854 		('Redes de Cómputo'
                             ,  5);
The document does not appear to be in UTF-8 encoding.
Try adding \UseRawInputEncoding as the first line of the file
or specify an encoding such as \usepackage [latin1]{inputenc}
in the document preamble.
Alternatively, save the file in UTF-8 using your editor or another tool


Package fancyhdr Warning: \headheight is too small (12.0pt): 
(fancyhdr)                Make it at least 13.59999pt, for example:
(fancyhdr)                \setlength{\headheight}{13.59999pt}.
(fancyhdr)                You might also make \topmargin smaller:
(fancyhdr)                \addtolength{\topmargin}{-1.59999pt}.

[36]

! LaTeX Error: Invalid UTF-8 byte sequence (�\expandafter).

See the LaTeX manual or LaTeX Companion for explanation.
Type  H <return>  for immediate help.
 ...                                              
                                                  
l.1861 ...8-20'),   -- Miguel -> Redes de Cómputo
                                                  
The document does not appear to be in UTF-8 encoding.
Try adding \UseRawInputEncoding as the first line of the file
or specify an encoding such as \usepackage [latin1]{inputenc}
in the document preamble.
Alternatively, save the file in UTF-8 using your editor or another tool


! LaTeX Error: Invalid UTF-8 byte "B3.

See the LaTeX manual or LaTeX Companion for explanation.
Type  H <return>  for immediate help.
 ...                                              
                                                  
l.1861 ...8-20'),   -- Miguel -> Redes de Cómputo
                                                  
The document does not appear to be in UTF-8 encoding.
Try adding \UseRawInputEncoding as the first line of the file
or specify an encoding such as \usepackage [latin1]{inputenc}
in the document preamble.
Alternatively, save the file in UTF-8 using your editor or another tool


! LaTeX Error: Invalid UTF-8 byte sequence (�\expandafter).

See the LaTeX manual or LaTeX Companion for explanation.
Type  H <return>  for immediate help.
 ...                                              
                                                  
l.1862 		(2, 1, '2024-08-21'),   -- Sofía 
                                           -> Bases de Datos
The document does not appear to be in UTF-8 encoding.
Try adding \UseRawInputEncoding as the first line of the file
or specify an encoding such as \usepackage [latin1]{inputenc}
in the document preamble.
Alternatively, save the file in UTF-8 using your editor or another tool


! LaTeX Error: Invalid UTF-8 byte "AD.

See the LaTeX manual or LaTeX Companion for explanation.
Type  H <return>  for immediate help.
 ...                                              
                                                  
l.1862 		(2, 1, '2024-08-21'),   -- Sofía 
                                           -> Bases de Datos
The document does not appear to be in UTF-8 encoding.
Try adding \UseRawInputEncoding as the first line of the file
or specify an encoding such as \usepackage [latin1]{inputenc}
in the document preamble.
Alternatively, save the file in UTF-8 using your editor or another tool


! LaTeX Error: Invalid UTF-8 byte sequence (�\expandafter).

See the LaTeX manual or LaTeX Companion for explanation.
Type  H <return>  for immediate help.
 ...                                              
                                                  
l.1863 		(2, 2, '2024-08-21'),   -- Sofía 
                                           -> Álgebra Lineal
The document does not appear to be in UTF-8 encoding.
Try adding \UseRawInputEncoding as the first line of the file
or specify an encoding such as \usepackage [latin1]{inputenc}
in the document preamble.
Alternatively, save the file in UTF-8 using your editor or another tool


! LaTeX Error: Invalid UTF-8 byte "AD.

See the LaTeX manual or LaTeX Companion for explanation.
Type  H <return>  for immediate help.
 ...                                              
                                                  
l.1863 		(2, 2, '2024-08-21'),   -- Sofía 
                                           -> Álgebra Lineal
The document does not appear to be in UTF-8 encoding.
Try adding \UseRawInputEncoding as the first line of the file
or specify an encoding such as \usepackage [latin1]{inputenc}
in the document preamble.
Alternatively, save the file in UTF-8 using your editor or another tool


! LaTeX Error: Invalid UTF-8 byte sequence (�\lst@FillFixed@).

See the LaTeX manual or LaTeX Companion for explanation.
Type  H <return>  for immediate help.
 ...                                              
                                                  
l.1863 ... '2024-08-21'),   -- Sofía -> Álgebra 
                                                  Lineal
The document does not appear to be in UTF-8 encoding.
Try adding \UseRawInputEncoding as the first line of the file
or specify an encoding such as \usepackage [latin1]{inputenc}
in the document preamble.
Alternatively, save the file in UTF-8 using your editor or another tool


! LaTeX Error: Invalid UTF-8 byte "81.

See the LaTeX manual or LaTeX Companion for explanation.
Type  H <return>  for immediate help.
 ...                                              
                                                  
l.1863 ... '2024-08-21'),   -- Sofía -> Álgebra 
                                                  Lineal
The document does not appear to be in UTF-8 encoding.
Try adding \UseRawInputEncoding as the first line of the file
or specify an encoding such as \usepackage [latin1]{inputenc}
in the document preamble.
Alternatively, save the file in UTF-8 using your editor or another tool


! LaTeX Error: Invalid UTF-8 byte sequence (�\expandafter).

See the LaTeX manual or LaTeX Companion for explanation.
Type  H <return>  for immediate help.
 ...                                              
                                                  
l.1864 		(3, 1, '2024-08-22'),   -- Héctor 
                                            -> Bases de Datos
The document does not appear to be in UTF-8 encoding.
Try adding \UseRawInputEncoding as the first line of the file
or specify an encoding such as \usepackage [latin1]{inputenc}
in the document preamble.
Alternatively, save the file in UTF-8 using your editor or another tool


! LaTeX Error: Invalid UTF-8 byte "A9.

See the LaTeX manual or LaTeX Companion for explanation.
Type  H <return>  for immediate help.
 ...                                              
                                                  
l.1864 		(3, 1, '2024-08-22'),   -- Héctor 
                                            -> Bases de Datos
The document does not appear to be in UTF-8 encoding.
Try adding \UseRawInputEncoding as the first line of the file
or specify an encoding such as \usepackage [latin1]{inputenc}
in the document preamble.
Alternatively, save the file in UTF-8 using your editor or another tool


! LaTeX Error: Invalid UTF-8 byte sequence (�\expandafter).

See the LaTeX manual or LaTeX Companion for explanation.
Type  H <return>  for immediate help.
 ...                                              
                                                  
l.1865 		(3, 2, '2024-08-22'),   -- Héctor 
                                            -> Álgebra Lineal
The document does not appear to be in UTF-8 encoding.
Try adding \UseRawInputEncoding as the first line of the file
or specify an encoding such as \usepackage [latin1]{inputenc}
in the document preamble.
Alternatively, save the file in UTF-8 using your editor or another tool


! LaTeX Error: Invalid UTF-8 byte "A9.

See the LaTeX manual or LaTeX Companion for explanation.
Type  H <return>  for immediate help.
 ...                                              
                                                  
l.1865 		(3, 2, '2024-08-22'),   -- Héctor 
                                            -> Álgebra Lineal
The document does not appear to be in UTF-8 encoding.
Try adding \UseRawInputEncoding as the first line of the file
or specify an encoding such as \usepackage [latin1]{inputenc}
in the document preamble.
Alternatively, save the file in UTF-8 using your editor or another tool


! LaTeX Error: Invalid UTF-8 byte sequence (�\lst@FillFixed@).

See the LaTeX manual or LaTeX Companion for explanation.
Type  H <return>  for immediate help.
 ...                                              
                                                  
l.1865 ...'2024-08-22'),   -- Héctor -> Álgebra 
                                                  Lineal
The document does not appear to be in UTF-8 encoding.
Try adding \UseRawInputEncoding as the first line of the file
or specify an encoding such as \usepackage [latin1]{inputenc}
in the document preamble.
Alternatively, save the file in UTF-8 using your editor or another tool


! LaTeX Error: Invalid UTF-8 byte "81.

See the LaTeX manual or LaTeX Companion for explanation.
Type  H <return>  for immediate help.
 ...                                              
                                                  
l.1865 ...'2024-08-22'),   -- Héctor -> Álgebra 
                                                  Lineal
The document does not appear to be in UTF-8 encoding.
Try adding \UseRawInputEncoding as the first line of the file
or specify an encoding such as \usepackage [latin1]{inputenc}
in the document preamble.
Alternatively, save the file in UTF-8 using your editor or another tool


! LaTeX Error: Invalid UTF-8 byte sequence (�\expandafter).

See the LaTeX manual or LaTeX Companion for explanation.
Type  H <return>  for immediate help.
 ...                                              
                                                  
l.1866 		(3, 3, '2024-08-22');   -- Héctor 
                                            -> Redes de Cómputo
The document does not appear to be in UTF-8 encoding.
Try adding \UseRawInputEncoding as the first line of the file
or specify an encoding such as \usepackage [latin1]{inputenc}
in the document preamble.
Alternatively, save the file in UTF-8 using your editor or another tool


! LaTeX Error: Invalid UTF-8 byte "A9.

See the LaTeX manual or LaTeX Companion for explanation.
Type  H <return>  for immediate help.
 ...                                              
                                                  
l.1866 		(3, 3, '2024-08-22');   -- Héctor 
                                            -> Redes de Cómputo
The document does not appear to be in UTF-8 encoding.
Try adding \UseRawInputEncoding as the first line of the file
or specify an encoding such as \usepackage [latin1]{inputenc}
in the document preamble.
Alternatively, save the file in UTF-8 using your editor or another tool


! LaTeX Error: Invalid UTF-8 byte sequence (�\expandafter).

See the LaTeX manual or LaTeX Companion for explanation.
Type  H <return>  for immediate help.
 ...                                              
                                                  
l.1866 ...-22');   -- Héctor -> Redes de Cómputo
                                                  
The document does not appear to be in UTF-8 encoding.
Try adding \UseRawInputEncoding as the first line of the file
or specify an encoding such as \usepackage [latin1]{inputenc}
in the document preamble.
Alternatively, save the file in UTF-8 using your editor or another tool


! LaTeX Error: Invalid UTF-8 byte "B3.

See the LaTeX manual or LaTeX Companion for explanation.
Type  H <return>  for immediate help.
 ...                                              
                                                  
l.1866 ...-22');   -- Héctor -> Redes de Cómputo
                                                  
The document does not appear to be in UTF-8 encoding.
Try adding \UseRawInputEncoding as the first line of the file
or specify an encoding such as \usepackage [latin1]{inputenc}
in the document preamble.
Alternatively, save the file in UTF-8 using your editor or another tool


Package fancyhdr Warning: \headheight is too small (12.0pt): 
(fancyhdr)                Make it at least 13.59999pt, for example:
(fancyhdr)                \setlength{\headheight}{13.59999pt}.
(fancyhdr)                You might also make \topmargin smaller:
(fancyhdr)                \addtolength{\topmargin}{-1.59999pt}.

[37]

Package fancyhdr Warning: \headheight is too small (12.0pt): 
(fancyhdr)                Make it at least 13.59999pt, for example:
(fancyhdr)                \setlength{\headheight}{13.59999pt}.
(fancyhdr)                You might also make \topmargin smaller:
(fancyhdr)                \addtolength{\topmargin}{-1.59999pt}.

[38]

LaTeX Warning: Empty bibliography on input line 1900.

(./main2.aux
LaTeX Info: Redefining \sptext on input line 12.
LaTeX Info: Redefining \. on input line 12.
LaTeX Info: Redefining \% on input line 12.
)
 ***********
LaTeX2e <2025-11-01>
L3 programming layer <2026-01-19>
 ***********


LaTeX Warning: There were undefined references.

Package rerunfilecheck Info: File `main2.out' has not changed.
(rerunfilecheck)             Checksum: CF602D28113C8745EC1AEB1A14765B87;9222.

Package biblatex Warning: Please (re)run Biber on the file:
(biblatex)                main2
(biblatex)                and rerun LaTeX afterwards.

Package logreq Info: Writing requests to 'main2.run.xml'.
\openout1 = `main2.run.xml'.

 ) 
Here is how much of TeX's memory you used:
 42798 strings out of 469453
 819753 string characters out of 5469038
 1940548 words of memory out of 5000000
 70007 multiletter control sequences out of 15000+600000
 713417 words of font info for 201 fonts, out of 8000000 for 9000
 40 hyphenation exceptions out of 8191
 84i,13n,94p,1198b,2333s stack positions out of 10000i,1000n,20000p,200000b,200000s
</usr/share/texmf-dist/fonts/type1/public/lm/lmbx10.pfb></usr/share/texmf-dis
t/fonts/type1/public/lm/lmbx12.pfb></usr/share/texmf-dist/fonts/type1/public/lm
/lmcsc10.pfb></usr/share/texmf-dist/fonts/type1/public/lm/lmmi12.pfb></usr/shar
e/texmf-dist/fonts/type1/public/lm/lmr10.pfb></usr/share/texmf-dist/fonts/type1
/public/lm/lmr12.pfb></usr/share/texmf-dist/fonts/type1/public/lm/lmr6.pfb></us
r/share/texmf-dist/fonts/type1/public/lm/lmr8.pfb></usr/share/texmf-dist/fonts/
type1/public/lm/lmri10.pfb></usr/share/texmf-dist/fonts/type1/public/lm/lmri12.
pfb></usr/share/texmf-dist/fonts/type1/public/lm/lmsy10.pfb></usr/share/texmf-d
ist/fonts/type1/public/lm/lmtk10.pfb></usr/share/texmf-dist/fonts/type1/public/
lm/lmtt10.pfb></usr/share/texmf-dist/fonts/type1/public/lm/lmtt12.pfb></usr/sha
re/texmf-dist/fonts/type1/public/lm/lmtti10.pfb>
Output written on main2.pdf (38 pages, 521222 bytes).
PDF statistics:
 1275 PDF objects out of 1440 (max. 8388607)
 1192 compressed objects within 12 object streams
 680 named destinations out of 1000 (max. 500000)
 47061 words of extra memory for PDF output out of 51595 (max. 10000000)

