This is LuaHBTeX, Version 1.24.0 (TeX Live 2026/Arch Linux)  (format=lualatex 2026.6.2)  7 JUN 2026 17:36
 restricted system commands enabled.
**ejercicio2.tex
(./ejercicio2.tex
LaTeX2e <2025-11-01>
L3 programming layer <2026-01-19>
Lua module: luaotfload 2024-12-03 v3.29 Lua based OpenType font support
Lua module: lualibs 2023-07-13 v2.76 ConTeXt Lua standard libraries.
Lua module: lualibs-extended 2023-07-13 v2.76 ConTeXt Lua libraries -- extended 
collection.
luaotfload | conf : Root cache directory is "/home/user/.texlive/texmf-var/luate
x-cache/generic/names".
luaotfload | init : Loading fontloader "fontloader-2023-12-28.lua" from kpse-res
olved path "/usr/share/texmf-dist/tex/luatex/luaotfload/fontloader-2023-12-28.lu
a".
Lua-only attribute luaotfload@noligature = 1
luaotfload | init : Context OpenType loader version 3.134
Inserting `luaotfload.node_processor' in `pre_linebreak_filter'.
Inserting `luaotfload.node_processor' in `hpack_filter'.
Inserting `luaotfload.glyph_stream' in `glyph_stream_provider'.
Inserting `luaotfload.define_font' in `define_font'.
Lua-only attribute luaotfload_color_attribute = 2
luaotfload | conf : Root cache directory is "/home/user/.texlive/texmf-var/luate
x-cache/generic/names".
Inserting `luaotfload.harf.strip_prefix' in `find_opentype_file'.
Inserting `luaotfload.harf.strip_prefix' in `find_truetype_file'.
Removing  `luaotfload.glyph_stream' from `glyph_stream_provider'.
Inserting `luaotfload.harf.glyphstream' in `glyph_stream_provider'.
Inserting `luaotfload.harf.finalize_vlist' in `post_linebreak_filter'.
Inserting `luaotfload.harf.finalize_hlist' in `hpack_filter'.
Inserting `luaotfload.cleanup_files' in `wrapup_run'.
Inserting `luaotfload.harf.finalize_unicode' in `finish_pdffile'.
Inserting `luaotfload.glyphinfo' in `glyph_info'.
Lua-only attribute luaotfload.letterspace_done = 3
Inserting `luaotfload.aux.set_sscale_dimens' in `luaotfload.patch_font'.
Inserting `luaotfload.aux.set_font_index' in `luaotfload.patch_font'.
Inserting `luaotfload.aux.patch_cambria_domh' in `luaotfload.patch_font'.
Inserting `luaotfload.aux.fixup_fontdata' in `luaotfload.patch_font_unsafe'.
Inserting `luaotfload.aux.set_capheight' in `luaotfload.patch_font'.
Inserting `luaotfload.aux.set_xheight' in `luaotfload.patch_font'.
Inserting `luaotfload.rewrite_fontname' in `luaotfload.patch_font'.
Inserting `tracingstacklevels' in `input_level_string'. (/usr/share/texmf-dist/
tex/latex/base/article.cls
Document Class: article 2025/01/22 v1.4n Standard LaTeX document class
(/usr/share/texmf-dist/tex/latex/base/size12.clo
File: size12.clo 2025/01/22 v1.4n Standard LaTeX file (size option)
luaotfload | db : Font names database loaded from /home/user/.texlive/texmf-var/
luatex-cache/generic/names/luaotfload-names.luc.gz)
\c@part=\count273
\c@section=\count274
\c@subsection=\count275
\c@subsubsection=\count276
\c@paragraph=\count277
\c@subparagraph=\count278
\c@figure=\count279
\c@table=\count280
\abovecaptionskip=\skip49
\belowcaptionskip=\skip50
\bibindent=\dimen147
)
(/usr/share/texmf-dist/tex/latex/base/inputenc.sty
Package: inputenc 2024/02/08 v1.3d Input encoding file
\inpenc@prehook=\toks17
\inpenc@posthook=\toks18


Package inputenc Warning: inputenc package ignored with utf8 based engines.

) (/usr/share/texmf-dist/tex/latex/base/fontenc.sty
Package: fontenc 2025/07/18 v2.1d Standard LaTeX package
LaTeX Font Info:    Trying to load font information for T1+lmr on input line 11
6.

(/usr/share/texmf-dist/tex/latex/lm/t1lmr.fd
File: t1lmr.fd 2015/05/01 v1.6.1 Font defs for Latin Modern
))
(/usr/share/texmf-dist/tex/generic/babel/babel.sty
Package: babel 2026/02/14 v26.3 The multilingual framework for LuaLaTeX, pdfLaT
eX and XeLaTeX

(/usr/share/texmf-dist/tex/generic/babel/luababel.def
\bbl@readstream=\read2
\l@dumylang=\language2
Package babel Info: Non-standard hyphenation setup on input line 118.
\l@nohyphenation=\language3
\l@catalan=\language4
\l@galician=\language5
\l@spanish=\language6
\babelcatcodetablenum=\catcodetable14
\bbl@pattcodes=\catcodetable15
)
\babel@savecnt=\count281
LaTeX Encoding Info:    Redeclaring text command \ij (encoding OT1) on input li
ne 2078.
LaTeX Encoding Info:    Redeclaring text command \IJ (encoding OT1) on input li
ne 2080.
LaTeX Encoding Info:    Redeclaring text command \ij (encoding T1) on input lin
e 2082.
LaTeX Encoding Info:    Redeclaring text command \IJ (encoding T1) on input lin
e 2083.
LaTeX Encoding Info:    Ignoring declaration for text command \ij (encoding ?) 
on input line 2084.
LaTeX Encoding Info:    Ignoring declaration for text command \IJ (encoding ?) 
on input line 2086.
LaTeX Encoding Info:    Ignoring declaration for text command \SS (encoding ?) 
on input line 2111.
\U@D=\dimen148
\l@unhyphenated=\language7

(/usr/share/texmf-dist/tex/generic/babel/luababel.def
\bbl@attr@locale=\attribute4
)
(/usr/share/texmf-dist/tex/generic/babel/locale/es/babel-spanish.tex)
Package babel Info: Importing font and identification data for spanish
(babel)             from babel-es.ini. Reported on input line 4330.

(/usr/share/texmf-dist/tex/generic/babel-spanish/spanish.ldf
Language: spanish.ldf 2021/05/27 v5.0q Spanish support from the babel system
\es@quottoks=\toks19
\es@quotdepth=\count282

(/usr/share/texmf-dist/tex/generic/hyph-utf8/loadhyph/loadhyph-es.tex
UTF-8 Spanish hyphenation patterns
(/usr/share/texmf-dist/tex/generic/hyph-utf8/patterns/tex/hyph-es.tex))))
LaTeX Encoding Info:    Redeclaring text command \guillemotleft (encoding OT1) 
on input line 13.
LaTeX Encoding Info:    Redeclaring text command \guillemotright (encoding OT1)
 on input line 13.

(/usr/share/texmf-dist/tex/latex/lm/lmodern.sty
Package: lmodern 2015/05/01 v1.6.1 Latin Modern Fonts
LaTeX Font Info:    Overwriting symbol font `operators' in version `normal'
(Font)                  OT1/cmr/m/n --> OT1/lmr/m/n on input line 22.
LaTeX Font Info:    Overwriting symbol font `letters' in version `normal'
(Font)                  OML/cmm/m/it --> OML/lmm/m/it on input line 23.
LaTeX Font Info:    Overwriting symbol font `symbols' in version `normal'
(Font)                  OMS/cmsy/m/n --> OMS/lmsy/m/n on input line 24.
LaTeX Font Info:    Overwriting symbol font `largesymbols' in version `normal'
(Font)                  OMX/cmex/m/n --> OMX/lmex/m/n on input line 25.
LaTeX Font Info:    Overwriting symbol font `operators' in version `bold'
(Font)                  OT1/cmr/bx/n --> OT1/lmr/bx/n on input line 26.
LaTeX Font Info:    Overwriting symbol font `letters' in version `bold'
(Font)                  OML/cmm/b/it --> OML/lmm/b/it on input line 27.
LaTeX Font Info:    Overwriting symbol font `symbols' in version `bold'
(Font)                  OMS/cmsy/b/n --> OMS/lmsy/b/n on input line 28.
LaTeX Font Info:    Overwriting symbol font `largesymbols' in version `bold'
(Font)                  OMX/cmex/m/n --> OMX/lmex/m/n on input line 29.
LaTeX Font Info:    Overwriting math alphabet `\mathbf' in version `normal'
(Font)                  OT1/cmr/bx/n --> OT1/lmr/bx/n on input line 31.
LaTeX Font Info:    Overwriting math alphabet `\mathsf' in version `normal'
(Font)                  OT1/cmss/m/n --> OT1/lmss/m/n on input line 32.
LaTeX Font Info:    Overwriting math alphabet `\mathit' in version `normal'
(Font)                  OT1/cmr/m/it --> OT1/lmr/m/it on input line 33.
LaTeX Font Info:    Overwriting math alphabet `\mathtt' in version `normal'
(Font)                  OT1/cmtt/m/n --> OT1/lmtt/m/n on input line 34.
LaTeX Font Info:    Overwriting math alphabet `\mathbf' in version `bold'
(Font)                  OT1/cmr/bx/n --> OT1/lmr/bx/n on input line 35.
LaTeX Font Info:    Overwriting math alphabet `\mathsf' in version `bold'
(Font)                  OT1/cmss/bx/n --> OT1/lmss/bx/n on input line 36.
LaTeX Font Info:    Overwriting math alphabet `\mathit' in version `bold'
(Font)                  OT1/cmr/bx/it --> OT1/lmr/bx/it on input line 37.
LaTeX Font Info:    Overwriting math alphabet `\mathtt' in version `bold'
(Font)                  OT1/cmtt/m/n --> OT1/lmtt/m/n on input line 38.
)
(/usr/share/texmf-dist/tex/latex/microtype/microtype.sty
Package: microtype 2026/03/01 v3.2d Micro-typographical refinements (RS)

(/usr/share/texmf-dist/tex/latex/graphics/keyval.sty
Package: keyval 2022/05/29 v1.15 key=value parser (DPC)
\KV@toks@=\toks20
)
(/usr/share/texmf-dist/tex/latex/etoolbox/etoolbox.sty
Package: etoolbox 2025/10/02 v2.5m e-TeX tools for LaTeX (JAW)
\etb@tempcnta=\count283
)
\MT@toks=\toks21
\MT@tempbox=\box53
\MT@count=\count284
LaTeX Info: Redefining \noprotrusionifhmode on input line 1084.
LaTeX Info: Redefining \leftprotrusion on input line 1085.
\MT@prot@toks=\toks22
LaTeX Info: Redefining \rightprotrusion on input line 1104.
LaTeX Info: Redefining \textls on input line 1449.
\MT@outer@kern=\dimen149
LaTeX Info: Redefining \microtypecontext on input line 2053.
LaTeX Info: Redefining \textmicrotypecontext on input line 2070.
\MT@listname@count=\count285

(/usr/share/texmf-dist/tex/latex/microtype/microtype-luatex.def
File: microtype-luatex.def 2026/03/01 v3.2d Definitions specific to luatex (RS)

Lua module: microtype 2026/03/01 v3.2d microtype module.
Module microtype Info: overwriting function `keepligature' on input line 63
LaTeX Info: Redefining \lsstyle on input line 779.
LaTeX Info: Redefining \lslig on input line 779.
\MT@outer@space=\skip51
)
Package microtype Info: Loading configuration file microtype.cfg.

(/usr/share/texmf-dist/tex/latex/microtype/microtype.cfg
File: microtype.cfg 2026/03/01 v3.2d microtype main configuration file (RS)
)
LaTeX Info: Redefining \microtypesetup on input line 3065.
)
(/usr/share/texmf-dist/tex/latex/csquotes/csquotes.sty
Package: csquotes 2024-04-04 v5.2o context-sensitive quotations (JAW)
\csq@reset=\count286
\csq@gtype=\count287
\csq@glevel=\count288
\csq@qlevel=\count289
\csq@maxlvl=\count290
\csq@tshold=\count291
\csq@ltx@everypar=\toks23

(/usr/share/texmf-dist/tex/latex/csquotes/csquotes.def
File: csquotes.def 2024-04-04 v5.2o csquotes generic definitions (JAW)
)
Package csquotes Info: Trying to load configuration file 'csquotes.cfg'...
Package csquotes Info: ... configuration file loaded successfully.

(/usr/share/texmf-dist/tex/latex/csquotes/csquotes.cfg
File: csquotes.cfg 
))
(/usr/share/texmf-dist/tex/latex/geometry/geometry.sty
Package: geometry 2020/01/02 v5.9 Page Geometry

(/usr/share/texmf-dist/tex/generic/iftex/ifvtex.sty
Package: ifvtex 2019/10/25 v1.7 ifvtex legacy package. Use iftex instead.

(/usr/share/texmf-dist/tex/generic/iftex/iftex.sty
Package: iftex 2024/12/12 v1.0g TeX engine tests
))
\Gm@cnth=\count292
\Gm@cntv=\count293
\c@Gm@tempcnt=\count294
\Gm@bindingoffset=\dimen150
\Gm@wd@mp=\dimen151
\Gm@odd@mp=\dimen152
\Gm@even@mp=\dimen153
\Gm@layoutwidth=\dimen154
\Gm@layoutheight=\dimen155
\Gm@layouthoffset=\dimen156
\Gm@layoutvoffset=\dimen157
\Gm@dimlist=\toks24
)
(/usr/share/texmf-dist/tex/latex/xcolor/xcolor.sty
Package: xcolor 2024/09/29 v3.02 LaTeX color extensions (UK)

(/usr/share/texmf-dist/tex/latex/graphics-cfg/color.cfg
File: color.cfg 2016/01/02 v1.6 sample color configuration
)
Package xcolor Info: Driver file: luatex.def on input line 274.

(/usr/share/texmf-dist/tex/latex/graphics-def/luatex.def
File: luatex.def 2025/09/29 v1.2f Graphics/color driver for luatex
)
(/usr/share/texmf-dist/tex/latex/graphics/mathcolor.ltx)
Package xcolor Info: Model `cmy' substituted by `cmy0' on input line 1349.
Package xcolor Info: Model `hsb' substituted by `rgb' on input line 1353.
Package xcolor Info: Model `RGB' extended on input line 1365.
Package xcolor Info: Model `HTML' substituted by `rgb' on input line 1367.
Package xcolor Info: Model `Hsb' substituted by `hsb' on input line 1368.
Package xcolor Info: Model `tHsb' substituted by `hsb' on input line 1369.
Package xcolor Info: Model `HSB' substituted by `hsb' on input line 1370.
Package xcolor Info: Model `Gray' substituted by `gray' on input line 1371.
Package xcolor Info: Model `wave' substituted by `hsb' on input line 1372.
)
(/usr/share/texmf-dist/tex/latex/graphics/dvipsnam.def
File: dvipsnam.def 2016/06/17 v3.0m Driver-dependent file (DPC,SPQR)
)
(/usr/share/texmf-dist/tex/latex/colortbl/colortbl.sty
Package: colortbl 2024/10/29 v1.0k Color table columns (DPC)

(/usr/share/texmf-dist/tex/latex/tools/array.sty
Package: array 2025/09/25 v2.6n Tabular extension package (FMi)
\col@sep=\dimen158
\ar@mcellbox=\box54
\extrarowheight=\dimen159
\NC@list=\toks25
\extratabsurround=\skip52
\backup@length=\skip53
\ar@cellbox=\box55
)
\everycr=\toks26
\minrowclearance=\skip54
\rownum=\count295
)
(/usr/share/texmf-dist/tex/latex/tcolorbox/tcolorbox.sty
Package: tcolorbox 2025/11/28 version 6.9.0 text color boxes

(/usr/share/texmf-dist/tex/latex/pgf/frontendlayer/tikz.sty
(/usr/share/texmf-dist/tex/latex/pgf/basiclayer/pgf.sty
(/usr/share/texmf-dist/tex/latex/pgf/utilities/pgfrcs.sty
(/usr/share/texmf-dist/tex/generic/pgf/utilities/pgfutil-common.tex
\pgfutil@everybye=\toks27
\pgfutil@tempdima=\dimen160
\pgfutil@tempdimb=\dimen161
)
(/usr/share/texmf-dist/tex/generic/pgf/utilities/pgfutil-latex.def
\pgfutil@abb=\box56
)
(/usr/share/texmf-dist/tex/generic/pgf/utilities/pgfrcs.code.tex
(/usr/share/texmf-dist/tex/generic/pgf/pgf.revision.tex)
Package: pgfrcs 2025-08-29 v3.1.11a (3.1.11a)
))
Package: pgf 2025-08-29 v3.1.11a (3.1.11a)

(/usr/share/texmf-dist/tex/latex/pgf/basiclayer/pgfcore.sty
(/usr/share/texmf-dist/tex/latex/graphics/graphicx.sty
Package: graphicx 2024/12/31 v1.2e Enhanced LaTeX Graphics (DPC,SPQR)

(/usr/share/texmf-dist/tex/latex/graphics/graphics.sty
Package: graphics 2024/08/06 v1.4g Standard LaTeX Graphics (DPC,SPQR)

(/usr/share/texmf-dist/tex/latex/graphics/trig.sty
Package: trig 2023/12/02 v1.11 sin cos tan (DPC)
)
(/usr/share/texmf-dist/tex/latex/graphics-cfg/graphics.cfg
File: graphics.cfg 2016/06/04 v1.11 sample graphics configuration
)
Package graphics Info: Driver file: luatex.def on input line 106.
)
\Gin@req@height=\dimen162
\Gin@req@width=\dimen163
)
(/usr/share/texmf-dist/tex/latex/pgf/systemlayer/pgfsys.sty
(/usr/share/texmf-dist/tex/generic/pgf/systemlayer/pgfsys.code.tex
Package: pgfsys 2025-08-29 v3.1.11a (3.1.11a)

(/usr/share/texmf-dist/tex/generic/pgf/utilities/pgfkeys.code.tex
\pgfkeys@pathtoks=\toks28
\pgfkeys@temptoks=\toks29

(/usr/share/texmf-dist/tex/generic/pgf/utilities/pgfkeyslibraryfiltered.code.te
x
\pgfkeys@tmptoks=\toks30
))
\pgf@x=\dimen164
\pgf@y=\dimen165
\pgf@xa=\dimen166
\pgf@ya=\dimen167
\pgf@xb=\dimen168
\pgf@yb=\dimen169
\pgf@xc=\dimen170
\pgf@yc=\dimen171
\pgf@xd=\dimen172
\pgf@yd=\dimen173
\w@pgf@writea=\write3
\r@pgf@reada=\read3
\c@pgf@counta=\count296
\c@pgf@countb=\count297
\c@pgf@countc=\count298
\c@pgf@countd=\count299
\t@pgf@toka=\toks31
\t@pgf@tokb=\toks32
\t@pgf@tokc=\toks33
\pgf@sys@id@count=\count300
 (/usr/share/texmf-dist/tex/generic/pgf/systemlayer/pgf.cfg
File: pgf.cfg 2025-08-29 v3.1.11a (3.1.11a)
)
Driver file for pgf: pgfsys-luatex.def

(/usr/share/texmf-dist/tex/generic/pgf/systemlayer/pgfsys-luatex.def
File: pgfsys-luatex.def 2025-08-29 v3.1.11a (3.1.11a)

(/usr/share/texmf-dist/tex/generic/pgf/systemlayer/pgfsys-common-pdf.def
File: pgfsys-common-pdf.def 2025-08-29 v3.1.11a (3.1.11a)
)))
(/usr/share/texmf-dist/tex/generic/pgf/systemlayer/pgfsyssoftpath.code.tex
File: pgfsyssoftpath.code.tex 2025-08-29 v3.1.11a (3.1.11a)
\pgfsyssoftpath@smallbuffer@items=\count301
\pgfsyssoftpath@bigbuffer@items=\count302
)
(/usr/share/texmf-dist/tex/generic/pgf/systemlayer/pgfsysprotocol.code.tex
File: pgfsysprotocol.code.tex 2025-08-29 v3.1.11a (3.1.11a)
))
(/usr/share/texmf-dist/tex/generic/pgf/basiclayer/pgfcore.code.tex
Package: pgfcore 2025-08-29 v3.1.11a (3.1.11a)

(/usr/share/texmf-dist/tex/generic/pgf/math/pgfmath.code.tex
(/usr/share/texmf-dist/tex/generic/pgf/math/pgfmathutil.code.tex)
(/usr/share/texmf-dist/tex/generic/pgf/math/pgfmathparser.code.tex
\pgfmath@dimen=\dimen174
\pgfmath@count=\count303
\pgfmath@box=\box57
\pgfmath@toks=\toks34
\pgfmath@stack@operand=\toks35
\pgfmath@stack@operation=\toks36
)
(/usr/share/texmf-dist/tex/generic/pgf/math/pgfmathfunctions.code.tex)
(/usr/share/texmf-dist/tex/generic/pgf/math/pgfmathfunctions.basic.code.tex)
(/usr/share/texmf-dist/tex/generic/pgf/math/pgfmathfunctions.trigonometric.code
.tex)
(/usr/share/texmf-dist/tex/generic/pgf/math/pgfmathfunctions.random.code.tex)
(/usr/share/texmf-dist/tex/generic/pgf/math/pgfmathfunctions.comparison.code.te
x) (/usr/share/texmf-dist/tex/generic/pgf/math/pgfmathfunctions.base.code.tex)
(/usr/share/texmf-dist/tex/generic/pgf/math/pgfmathfunctions.round.code.tex)
(/usr/share/texmf-dist/tex/generic/pgf/math/pgfmathfunctions.misc.code.tex)
(/usr/share/texmf-dist/tex/generic/pgf/math/pgfmathfunctions.integerarithmetics
.code.tex) (/usr/share/texmf-dist/tex/generic/pgf/math/pgfmathcalc.code.tex)
(/usr/share/texmf-dist/tex/generic/pgf/math/pgfmathfloat.code.tex
\c@pgfmathroundto@lastzeros=\count304
))
(/usr/share/texmf-dist/tex/generic/pgf/math/pgfint.code.tex)
(/usr/share/texmf-dist/tex/generic/pgf/basiclayer/pgfcorepoints.code.tex
File: pgfcorepoints.code.tex 2025-08-29 v3.1.11a (3.1.11a)
\pgf@picminx=\dimen175
\pgf@picmaxx=\dimen176
\pgf@picminy=\dimen177
\pgf@picmaxy=\dimen178
\pgf@pathminx=\dimen179
\pgf@pathmaxx=\dimen180
\pgf@pathminy=\dimen181
\pgf@pathmaxy=\dimen182
\pgf@xx=\dimen183
\pgf@xy=\dimen184
\pgf@yx=\dimen185
\pgf@yy=\dimen186
\pgf@zx=\dimen187
\pgf@zy=\dimen188
)
(/usr/share/texmf-dist/tex/generic/pgf/basiclayer/pgfcorepathconstruct.code.tex
File: pgfcorepathconstruct.code.tex 2025-08-29 v3.1.11a (3.1.11a)
\pgf@path@lastx=\dimen189
\pgf@path@lasty=\dimen190
) (/usr/share/texmf-dist/tex/generic/pgf/basiclayer/pgfcorepathusage.code.tex
File: pgfcorepathusage.code.tex 2025-08-29 v3.1.11a (3.1.11a)
\pgf@shorten@end@additional=\dimen191
\pgf@shorten@start@additional=\dimen192
)
(/usr/share/texmf-dist/tex/generic/pgf/basiclayer/pgfcorescopes.code.tex
File: pgfcorescopes.code.tex 2025-08-29 v3.1.11a (3.1.11a)
\pgfpic=\box58
\pgf@hbox=\box59
\pgf@layerbox@main=\box60
\pgf@picture@serial@count=\count305
)
(/usr/share/texmf-dist/tex/generic/pgf/basiclayer/pgfcoregraphicstate.code.tex
File: pgfcoregraphicstate.code.tex 2025-08-29 v3.1.11a (3.1.11a)
\pgflinewidth=\dimen193
)
(/usr/share/texmf-dist/tex/generic/pgf/basiclayer/pgfcoretransformations.code.t
ex
File: pgfcoretransformations.code.tex 2025-08-29 v3.1.11a (3.1.11a)
\pgf@pt@x=\dimen194
\pgf@pt@y=\dimen195
\pgf@pt@temp=\dimen196
) (/usr/share/texmf-dist/tex/generic/pgf/basiclayer/pgfcorequick.code.tex
File: pgfcorequick.code.tex 2025-08-29 v3.1.11a (3.1.11a)
)
(/usr/share/texmf-dist/tex/generic/pgf/basiclayer/pgfcoreobjects.code.tex
File: pgfcoreobjects.code.tex 2025-08-29 v3.1.11a (3.1.11a)
)
(/usr/share/texmf-dist/tex/generic/pgf/basiclayer/pgfcorepathprocessing.code.te
x
File: pgfcorepathprocessing.code.tex 2025-08-29 v3.1.11a (3.1.11a)
) (/usr/share/texmf-dist/tex/generic/pgf/basiclayer/pgfcorearrows.code.tex
File: pgfcorearrows.code.tex 2025-08-29 v3.1.11a (3.1.11a)
\pgfarrowsep=\dimen197
)
(/usr/share/texmf-dist/tex/generic/pgf/basiclayer/pgfcoreshade.code.tex
File: pgfcoreshade.code.tex 2025-08-29 v3.1.11a (3.1.11a)
\pgf@max=\dimen198
\pgf@sys@shading@range@num=\count306
\pgf@shadingcount=\count307
)
(/usr/share/texmf-dist/tex/generic/pgf/basiclayer/pgfcoreimage.code.tex
File: pgfcoreimage.code.tex 2025-08-29 v3.1.11a (3.1.11a)
)
(/usr/share/texmf-dist/tex/generic/pgf/basiclayer/pgfcoreexternal.code.tex
File: pgfcoreexternal.code.tex 2025-08-29 v3.1.11a (3.1.11a)
\pgfexternal@startupbox=\box61
)
(/usr/share/texmf-dist/tex/generic/pgf/basiclayer/pgfcorelayers.code.tex
File: pgfcorelayers.code.tex 2025-08-29 v3.1.11a (3.1.11a)
)
(/usr/share/texmf-dist/tex/generic/pgf/basiclayer/pgfcoretransparency.code.tex
File: pgfcoretransparency.code.tex 2025-08-29 v3.1.11a (3.1.11a)
) (/usr/share/texmf-dist/tex/generic/pgf/basiclayer/pgfcorepatterns.code.tex
File: pgfcorepatterns.code.tex 2025-08-29 v3.1.11a (3.1.11a)
)
(/usr/share/texmf-dist/tex/generic/pgf/basiclayer/pgfcorerdf.code.tex
File: pgfcorerdf.code.tex 2025-08-29 v3.1.11a (3.1.11a)
)))
(/usr/share/texmf-dist/tex/generic/pgf/modules/pgfmoduleshapes.code.tex
File: pgfmoduleshapes.code.tex 2025-08-29 v3.1.11a (3.1.11a)
\pgfnodeparttextbox=\box62
)
(/usr/share/texmf-dist/tex/generic/pgf/modules/pgfmoduleplot.code.tex
File: pgfmoduleplot.code.tex 2025-08-29 v3.1.11a (3.1.11a)
)
(/usr/share/texmf-dist/tex/latex/pgf/compatibility/pgfcomp-version-0-65.sty
Package: pgfcomp-version-0-65 2025-08-29 v3.1.11a (3.1.11a)
\pgf@nodesepstart=\dimen199
\pgf@nodesepend=\dimen256
)
(/usr/share/texmf-dist/tex/latex/pgf/compatibility/pgfcomp-version-1-18.sty
Package: pgfcomp-version-1-18 2025-08-29 v3.1.11a (3.1.11a)
))
(/usr/share/texmf-dist/tex/latex/pgf/utilities/pgffor.sty
(/usr/share/texmf-dist/tex/latex/pgf/utilities/pgfkeys.sty
(/usr/share/texmf-dist/tex/generic/pgf/utilities/pgfkeys.code.tex))
(/usr/share/texmf-dist/tex/latex/pgf/math/pgfmath.sty
(/usr/share/texmf-dist/tex/generic/pgf/math/pgfmath.code.tex))
(/usr/share/texmf-dist/tex/generic/pgf/utilities/pgffor.code.tex
Package: pgffor 2025-08-29 v3.1.11a (3.1.11a)
\pgffor@iter=\dimen257
\pgffor@skip=\dimen258
\pgffor@stack=\toks37
\pgffor@toks=\toks38
))
(/usr/share/texmf-dist/tex/generic/pgf/frontendlayer/tikz/tikz.code.tex
Package: tikz 2025-08-29 v3.1.11a (3.1.11a)

(/usr/share/texmf-dist/tex/generic/pgf/libraries/pgflibraryplothandlers.code.te
x
File: pgflibraryplothandlers.code.tex 2025-08-29 v3.1.11a (3.1.11a)
\pgf@plot@mark@count=\count308
\pgfplotmarksize=\dimen259
)
\tikz@lastx=\dimen260
\tikz@lasty=\dimen261
\tikz@lastxsaved=\dimen262
\tikz@lastysaved=\dimen263
\tikz@lastmovetox=\dimen264
\tikz@lastmovetoy=\dimen265
\tikzleveldistance=\dimen266
\tikzsiblingdistance=\dimen267
\tikz@figbox=\box63
\tikz@figbox@bg=\box64
\tikz@tempbox=\box65
\tikz@tempbox@bg=\box66
\tikztreelevel=\count309
\tikznumberofchildren=\count310
\tikznumberofcurrentchild=\count311
\tikz@fig@count=\count312
 (/usr/share/texmf-dist/tex/generic/pgf/modules/pgfmodulematrix.code.tex
File: pgfmodulematrix.code.tex 2025-08-29 v3.1.11a (3.1.11a)
\pgfmatrixcurrentrow=\count313
\pgfmatrixcurrentcolumn=\count314
\pgf@matrix@numberofcolumns=\count315
)
\tikz@expandcount=\count316

(/usr/share/texmf-dist/tex/generic/pgf/frontendlayer/tikz/libraries/tikzlibrary
topaths.code.tex
File: tikzlibrarytopaths.code.tex 2025-08-29 v3.1.11a (3.1.11a)
))) (/usr/share/texmf-dist/tex/latex/tools/verbatim.sty
Package: verbatim 2024-01-22 v1.5x LaTeX2e package for verbatim enhancements
\every@verbatim=\toks39
\verbatim@line=\toks40
\verbatim@in@stream=\read4
)
(/usr/share/texmf-dist/tex/latex/environ/environ.sty
Package: environ 2014/05/04 v0.3 A new way to define environments

(/usr/share/texmf-dist/tex/latex/trimspaces/trimspaces.sty
Package: trimspaces 2009/09/17 v1.1 Trim spaces around a token list
)
\@envbody=\toks41
)
\tcb@titlebox=\box67
\tcb@upperbox=\box68
\tcb@lowerbox=\box69
\tcb@phantombox=\box70
\c@tcbbreakpart=\count317
\c@tcblayer=\count318
\c@tcolorbox@number=\count319
\l__tcobox_tmpa_box=\box71
\l__tcobox_tmpa_dim=\dimen268
\tcb@temp=\box72
\tcb@temp=\box73
\tcb@temp=\box74
\tcb@temp=\box75
)
(/usr/share/texmf-dist/tex/latex/tcolorbox/tcbbreakable.code.tex
Library (tcolorbox): 'tcbbreakable.code.tex' version '6.9.0'
(/usr/share/texmf-dist/tex/latex/pdfcol/pdfcol.sty
Package: pdfcol 2022-09-21 v1.7 Handle new color stacks for pdfTeX (HO)

(/usr/share/texmf-dist/tex/generic/ltxcmds/ltxcmds.sty
Package: ltxcmds 2023-12-04 v1.26 LaTeX kernel commands for general use (HO)
)
(/usr/share/texmf-dist/tex/generic/infwarerr/infwarerr.sty
Package: infwarerr 2019/12/03 v1.5 Providing info/warning/error messages (HO)
))
Package pdfcol Info: New color stack `tcb@breakable' = 1 on input line 23.
\tcb@testbox=\box76
\tcb@totalupperbox=\box77
\tcb@totallowerbox=\box78

(/usr/share/texmf-dist/tex/generic/iftex/ifluatex.sty
Package: ifluatex 2019/10/25 v1.5 ifluatex legacy package. Use iftex instead.
))
(/usr/share/texmf-dist/tex/latex/tcolorbox/tcbskins.code.tex
Library (tcolorbox): 'tcbskins.code.tex' version '6.9.0'
(/usr/share/texmf-dist/tex/latex/tikzfill/tikzfill.image.sty
Package: tikzfill.image 2023/08/08 v1.0.1 Image filling library for TikZ

(/usr/share/texmf-dist/tex/latex/tikzfill/tikzfill-common.sty
Package: tikzfill-common 2023/08/08 v1.0.1 Auxiliary code for tikzfill
)
(/usr/share/texmf-dist/tex/latex/tikzfill/tikzlibraryfill.image.code.tex
File: tikzlibraryfill.image.code.tex 2023/08/08 v1.0.1 Image filling library
\l__tikzfill_img_box=\box79
))
(/usr/share/texmf-dist/tex/latex/tcolorbox/tcbskinsjigsaw.code.tex
Library (tcolorbox): 'tcbskinsjigsaw.code.tex' version '6.9.0'
)) (/usr/share/texmf-dist/tex/latex/listings/listings.sty
\lst@mode=\count320
\lst@gtempboxa=\box80
\lst@token=\toks42
\lst@length=\count321
\lst@currlwidth=\dimen269
\lst@column=\count322
\lst@pos=\count323
\lst@lostspace=\dimen270
\lst@width=\dimen271
\lst@newlines=\count324
\lst@lineno=\count325
\lst@maxwidth=\dimen272

(/usr/share/texmf-dist/tex/latex/listings/lstpatch.sty
File: lstpatch.sty 2025/11/14 1.11b (Carsten Heinz)
)
(/usr/share/texmf-dist/tex/latex/listings/lstmisc.sty
File: lstmisc.sty 2025/11/14 1.11b (Carsten Heinz)
\c@lstnumber=\count326
\lst@skipnumbers=\count327
\lst@framebox=\box81
)
(/usr/share/texmf-dist/tex/latex/listings/listings.cfg
File: listings.cfg 2025/11/14 1.11b listings configuration
))
Package: listings 2025/11/14 1.11b (Carsten Heinz)

==> First Aid for listings.sty no longer applied!
    Expected:
        2024/09/23 1.10c (Carsten Heinz)
    but found:
        2025/11/14 1.11b (Carsten Heinz)
    so I'm assuming it got fixed.
(/usr/share/texmf-dist/tex/latex/listings/lstlang1.sty
File: lstlang1.sty 2025/11/14 1.11b listings language file
)
(/usr/share/texmf-dist/tex/latex/enumitem/enumitem.sty
Package: enumitem 2025/02/06 v3.11 Customized lists
\labelindent=\skip55
\enit@outerparindent=\dimen273
\enit@toks=\toks43
\enit@inbox=\box82
\enit@count@id=\count328
\enitdp@description=\count329
)
\c@opcionesi=\count330
\enitdp@opciones=\count331

(/usr/share/texmf-dist/tex/latex/fontawesome5/fontawesome5.sty
(/usr/share/texmf-dist/tex/latex/l3kernel/expl3.sty
Package: expl3 2026-01-19 L3 programming layer (loader) 

(/usr/share/texmf-dist/tex/latex/l3backend/l3backend-luatex.def
File: l3backend-luatex.def 2025-10-09 L3 backend support: PDF output (LuaTeX)
\l__color_backend_stack_int=\count332
Inserting `l3color' in `luaotfload.parse_color'.))
Package: fontawesome5 2022/05/02 v5.15.4 Font Awesome 5

(/usr/share/texmf-dist/tex/latex/l3packages/l3keys2e/l3keys2e.sty
Package: l3keys2e 2025-10-09 LaTeX2e option processing using LaTeX3 keys
)
(/usr/share/texmf-dist/tex/latex/l3packages/xparse/xparse.sty
Package: xparse 2025-10-09 L3 Experimental document command parser
)
(/usr/share/texmf-dist/tex/latex/fontawesome5/fontawesome5-utex-helper.sty
Package: fontawesome5-utex-helper 2022/05/02 v5.15.4 uTeX helper for fontawesom
e5

(/usr/share/texmf-dist/tex/luatex/luatexbase/luatexbase.sty
Package: luatexbase 2015/10/04 v1.3 luatexbase interface to LuaTeX 

(/usr/share/texmf-dist/tex/luatex/ctablestack/ctablestack.sty
Package: ctablestack 2015/10/01 v1.0 Catcode table stable support
\@catcodetablestackcnt=\count333
)
\CatcodeTableOther=\catcodetable16
\CatcodeTableExpl=\catcodetable17
)
LaTeX Font Info:    Trying to load font information for TU+fontawesomefree on i
nput line 69.

(/usr/share/texmf-dist/tex/latex/fontawesome5/tufontawesomefree.fd)
LaTeX Font Info:    Trying to load font information for TU+fontawesomebrands on
 input line 70.

(/usr/share/texmf-dist/tex/latex/fontawesome5/tufontawesomebrands.fd)))
\c@numej=\count334

(/usr/share/texmf-dist/tex/latex/fancyhdr/fancyhdr.sty
Package: fancyhdr 2025/02/07 v5.2 Extensive control of page headers and footers

\f@nch@headwidth=\skip56
\f@nch@offset@elh=\skip57
\f@nch@offset@erh=\skip58
\f@nch@offset@olh=\skip59
\f@nch@offset@orh=\skip60
\f@nch@offset@elf=\skip61
\f@nch@offset@erf=\skip62
\f@nch@offset@olf=\skip63
\f@nch@offset@orf=\skip64
\f@nch@height=\skip65
\f@nch@footalignment=\skip66
\f@nch@widthL=\skip67
\f@nch@widthC=\skip68
\f@nch@widthR=\skip69
\@temptokenb=\toks44
)
(/usr/share/texmf-dist/tex/latex/booktabs/booktabs.sty
Package: booktabs 2020/01/12 v1.61803398 Publication quality tables
\heavyrulewidth=\dimen274
\lightrulewidth=\dimen275
\cmidrulewidth=\dimen276
\belowrulesep=\dimen277
\belowbottomsep=\dimen278
\aboverulesep=\dimen279
\abovetopsep=\dimen280
\cmidrulesep=\dimen281
\cmidrulekern=\dimen282
\defaultaddspace=\dimen283
\@cmidla=\count335
\@cmidlb=\count336
\@aboverulesep=\dimen284
\@belowrulesep=\dimen285
\@thisruleclass=\count337
\@lastruleclass=\count338
\@thisrulewidth=\dimen286
)
(/usr/share/texmf-dist/tex/latex/tools/tabularx.sty
Package: tabularx 2023/12/11 v2.12a `tabularx' package (DPC)
\TX@col@width=\dimen287
\TX@old@table=\dimen288
\TX@old@col=\dimen289
\TX@target=\dimen290
\TX@delta=\dimen291
\TX@cols=\count339
\TX@ftn=\toks45
)
(/usr/share/texmf-dist/tex/latex/multirow/multirow.sty
Package: multirow 2024/11/12 v2.9 Span multiple rows of a table
\multirow@colwidth=\skip70
\multirow@cntb=\count340
\multirow@dima=\skip71
\bigstrutjot=\dimen292
)
(/usr/share/texmf-dist/tex/latex/hyperref/hyperref.sty
Package: hyperref 2026-01-29 v7.01p Hypertext links for LaTeX

(/usr/share/texmf-dist/tex/latex/kvsetkeys/kvsetkeys.sty
Package: kvsetkeys 2022-10-05 v1.19 Key value parser (HO)
)
(/usr/share/texmf-dist/tex/generic/kvdefinekeys/kvdefinekeys.sty
Package: kvdefinekeys 2019-12-19 v1.6 Define keys (HO)
)
(/usr/share/texmf-dist/tex/generic/pdfescape/pdfescape.sty
Package: pdfescape 2019/12/09 v1.15 Implements pdfTeX's escape features (HO)

(/usr/share/texmf-dist/tex/generic/pdftexcmds/pdftexcmds.sty
Package: pdftexcmds 2020-06-27 v0.33 Utility functions of pdfTeX for LuaTeX (HO
)
Package pdftexcmds Info: \pdf@primitive is available.
Package pdftexcmds Info: \pdf@ifprimitive is available.
Package pdftexcmds Info: \pdfdraftmode found.
\pdftexcmds@toks=\toks46
))
(/usr/share/texmf-dist/tex/latex/hycolor/hycolor.sty
Package: hycolor 2020-01-27 v1.10 Color options for hyperref/bookmark (HO)
)
(/usr/share/texmf-dist/tex/latex/hyperref/nameref.sty
Package: nameref 2026-01-29 v2.58 Cross-referencing by name of section

(/usr/share/texmf-dist/tex/latex/refcount/refcount.sty
Package: refcount 2019/12/15 v3.6 Data extraction from label references (HO)
)
(/usr/share/texmf-dist/tex/generic/gettitlestring/gettitlestring.sty
Package: gettitlestring 2019/12/15 v1.6 Cleanup title references (HO)

(/usr/share/texmf-dist/tex/latex/kvoptions/kvoptions.sty
Package: kvoptions 2022-06-15 v3.15 Key value format for package options (HO)
))
\c@section@level=\count341
)
(/usr/share/texmf-dist/tex/generic/stringenc/stringenc.sty
Package: stringenc 2019/11/29 v1.12 Convert strings between diff. encodings (HO
)
)
\@linkdim=\dimen293
\Hy@linkcounter=\count342
\Hy@pagecounter=\count343

(/usr/share/texmf-dist/tex/latex/hyperref/pd1enc.def
File: pd1enc.def 2026-01-29 v7.01p Hyperref: PDFDocEncoding definition (HO)
)
(/usr/share/texmf-dist/tex/generic/intcalc/intcalc.sty
Package: intcalc 2019/12/15 v1.3 Expandable calculations with integers (HO)
)
\Hy@SavedSpaceFactor=\count344

(/usr/share/texmf-dist/tex/latex/hyperref/puenc.def
File: puenc.def 2026-01-29 v7.01p Hyperref: PDF Unicode definition (HO)
)
Package hyperref Info: Option `colorlinks' set `true' on input line 4072.
Package hyperref Info: Hyper figures OFF on input line 4201.
Package hyperref Info: Link nesting OFF on input line 4206.
Package hyperref Info: Hyper index ON on input line 4209.
Package hyperref Info: Plain pages OFF on input line 4216.
Package hyperref Info: Backreferencing OFF on input line 4221.
Package hyperref Info: Implicit mode ON; LaTeX internals redefined.
Package hyperref Info: Bookmarks ON on input line 4468.
\c@Hy@tempcnt=\count345

(/usr/share/texmf-dist/tex/latex/url/url.sty
\Urlmuskip=\muskip17
Package: url 2013/09/16  ver 3.4  Verb mode for urls, etc.
)
LaTeX Info: Redefining \url on input line 4807.
\XeTeXLinkMargin=\dimen294

(/usr/share/texmf-dist/tex/generic/bitset/bitset.sty
Package: bitset 2019/12/09 v1.3 Handle bit-vector datatype (HO)

(/usr/share/texmf-dist/tex/generic/bigintcalc/bigintcalc.sty
Package: bigintcalc 2019/12/15 v1.5 Expandable calculations on big integers (HO
)
))
\Fld@menulength=\count346
\Field@Width=\dimen295
\Fld@charsize=\dimen296
Package hyperref Info: Hyper figures OFF on input line 6084.
Package hyperref Info: Link nesting OFF on input line 6089.
Package hyperref Info: Hyper index ON on input line 6092.
Package hyperref Info: backreferencing OFF on input line 6099.
Package hyperref Info: Link coloring ON on input line 6102.
Package hyperref Info: Link coloring with OCG OFF on input line 6109.
Package hyperref Info: PDF/A mode OFF on input line 6114.
\Hy@abspage=\count347
\c@Item=\count348
\c@Hfootnote=\count349
)
Package hyperref Info: Driver (autodetected): hluatex.

(/usr/share/texmf-dist/tex/latex/hyperref/hluatex.def
File: hluatex.def 2026-01-29 v7.01p Hyperref driver for luaTeX
\Fld@listcount=\count350
\c@bookmark@seq@number=\count351

(/usr/share/texmf-dist/tex/latex/rerunfilecheck/rerunfilecheck.sty
Package: rerunfilecheck 2025-06-21 v1.11 Rerun checks for auxiliary files (HO)

(/usr/share/texmf-dist/tex/generic/uniquecounter/uniquecounter.sty
Package: uniquecounter 2019/12/15 v1.4 Provide unlimited unique counter (HO)
)
Package uniquecounter Info: New unique counter `rerunfilecheck' on input line 2
84.
)
\Hy@SectionHShift=\skip72
)
Package csquotes Info: Checking for multilingual support...
Package csquotes Info: ... found 'babel' package.
Package csquotes Info: Adjusting default style.
Package csquotes Info: Redefining alias 'default' -> 'spanish'.

(./ejercicio2.aux
LaTeX Info: Redefining \. on input line 7.
LaTeX Info: Redefining \% on input line 7.
Package babel Info: 'spanish' activates 'spanish' shorthands.
(babel)             Reported on input line 7.
)
\openout1 = ejercicio2.aux

LaTeX Font Info:    Checking defaults for OML/cmm/m/it on input line 144.
LaTeX Font Info:    ... okay on input line 144.
LaTeX Font Info:    Checking defaults for OMS/cmsy/m/n on input line 144.
LaTeX Font Info:    ... okay on input line 144.
LaTeX Font Info:    Checking defaults for OT1/cmr/m/n on input line 144.
LaTeX Font Info:    ... okay on input line 144.
LaTeX Font Info:    Checking defaults for T1/cmr/m/n on input line 144.
LaTeX Font Info:    ... okay on input line 144.
LaTeX Font Info:    Checking defaults for TS1/cmr/m/n on input line 144.
LaTeX Font Info:    ... okay on input line 144.
LaTeX Font Info:    Checking defaults for TU/lmr/m/n on input line 144.
LaTeX Font Info:    ... okay on input line 144.
LaTeX Font Info:    Checking defaults for OMX/cmex/m/n on input line 144.
LaTeX Font Info:    ... okay on input line 144.
LaTeX Font Info:    Checking defaults for U/cmr/m/n on input line 144.
LaTeX Font Info:    ... okay on input line 144.
LaTeX Font Info:    Checking defaults for PD1/pdf/m/n on input line 144.
LaTeX Font Info:    ... okay on input line 144.
LaTeX Font Info:    Checking defaults for PU/pdf/m/n on input line 144.
LaTeX Font Info:    ... okay on input line 144.
LaTeX Info: Redefining \. on input line 144.
LaTeX Info: Redefining \% on input line 144.
LaTeX Info: Redefining \microtypecontext on input line 144.
Package microtype Info: Applying patch `item' on input line 144.
Package microtype Info: Applying patch `toc' on input line 144.
Package microtype Info: Applying patch `eqnum' on input line 144.
Package microtype Info: Applying patch `footnote' on input line 144.
Package microtype Info: Applying patch `verbatim' on input line 144.
LaTeX Info: Redefining \microtypesetup on input line 144.
Package microtype Info: Generating PDF output.
Package microtype Info: Character protrusion enabled (level 2).
Package microtype Info: Using default protrusion set `alltext'.
Package microtype Info: Automatic font expansion enabled (level 2),
(microtype)             stretch: 20, shrink: 20, step: 1, non-selected.
Package microtype Info: Using default expansion set `alltext-nott'.
Package microtype Info: Patching command `\showhyphens'.
Package microtype Info: No adjustment of tracking.
Package microtype Info: No adjustment of spacing.
Package microtype Info: No adjustment of kerning.
 (/usr/share/texmf-dist/tex/latex/microtype/mt-cmr.cfg
File: mt-cmr.cfg 2013/05/19 v2.2 microtype config. file: Computer Modern Roman 
(RS)
)
*geometry* driver: auto-detecting
*geometry* detected driver: luatex
*geometry* verbose mode - [ preamble ] result:
* driver: luatex
* paper: a4paper
* layout: <same size as paper>
* layoutoffset:(h,v)=(0.0pt,0.0pt)
* modes: 
* h-part:(L,W,R)=(79.6678pt, 438.17227pt, 79.6678pt)
* v-part:(T,H,B)=(71.13188pt, 702.78308pt, 71.13188pt)
* \paperwidth=597.50787pt
* \paperheight=845.04684pt
* \textwidth=438.17227pt
* \textheight=702.78308pt
* \oddsidemargin=7.39781pt
* \evensidemargin=7.39781pt
* \topmargin=-38.1381pt
* \headheight=14.0pt
* \headsep=25.0pt
* \topskip=12.0pt
* \footskip=30.0pt
* \marginparwidth=35.0pt
* \marginparsep=10.0pt
* \columnsep=10.0pt
* \skip\footins=10.8pt plus 4.0pt minus 2.0pt
* \hoffset=0.0pt
* \voffset=0.0pt
* \mag=1000
* \@twocolumnfalse
* \@twosidefalse
* \@mparswitchfalse
* \@reversemarginfalse
* (1in=72.27pt=25.4mm, 1cm=28.453pt)

(/usr/share/texmf-dist/tex/context/base/mkii/supp-pdf.mkii
[Loading MPS to PDF converter (version 2006.09.02).]
\scratchcounter=\count352
\scratchdimen=\dimen297
\scratchbox=\box83
\nofMPsegments=\count353
\nofMParguments=\count354
\everyMPshowfont=\toks47
\MPscratchCnt=\count355
\MPscratchDim=\dimen298
\MPnumerator=\count356
\makeMPintoPDFobject=\count357
\everyMPtoPDFconversion=\toks48
) (/usr/share/texmf-dist/tex/latex/epstopdf-pkg/epstopdf-base.sty
Package: epstopdf-base 2020-01-24 v2.11 Base part for package epstopdf
Package epstopdf-base Info: Redefining graphics rule for `.eps' on input line 4
85.

(/usr/share/texmf-dist/tex/latex/latexconfig/epstopdf-sys.cfg
File: epstopdf-sys.cfg 2010/07/13 v1.3 Configuration of (r)epstopdf for TeX Liv
e
))
\c@lstlisting=\count358
Package hyperref Info: Link coloring ON on input line 144.

(./ejercicio2.out) (./ejercicio2.out)
\@outlinefile=\write4

\openout4 = ejercicio2.out
Package microtype Info: Character `029' is missing
(microtype)             in font `T1/lmr/m/sc/14.4'.
(microtype)             Ignoring protrusion settings for this character.
LaTeX Font Info:    Trying to load font information for OT1+lmr on input line 1
53.

(/usr/share/texmf-dist/tex/latex/lm/ot1lmr.fd
File: ot1lmr.fd 2015/05/01 v1.6.1 Font defs for Latin Modern
)
LaTeX Font Info:    Trying to load font information for OML+lmm on input line 1
53.

(/usr/share/texmf-dist/tex/latex/lm/omllmm.fd
File: omllmm.fd 2015/05/01 v1.6.1 Font defs for Latin Modern
)
LaTeX Font Info:    Trying to load font information for OMS+lmsy on input line 
153.

(/usr/share/texmf-dist/tex/latex/lm/omslmsy.fd
File: omslmsy.fd 2015/05/01 v1.6.1 Font defs for Latin Modern
)
LaTeX Font Info:    Trying to load font information for OMX+lmex on input line 
153.

(/usr/share/texmf-dist/tex/latex/lm/omxlmex.fd
File: omxlmex.fd 2015/05/01 v1.6.1 Font defs for Latin Modern
)
LaTeX Font Info:    External font `lmex10' loaded for size
(Font)              <10.95> on input line 153.
LaTeX Font Info:    External font `lmex10' loaded for size
(Font)              <8> on input line 153.
LaTeX Font Info:    External font `lmex10' loaded for size
(Font)              <6> on input line 153.

! Undefined control sequence.
\estrella ->{\color {Goldenrod}\faStarSolid 
                                            }
l.164 \nivel{1}
               ~básico · \nivel{2}~intermedio · \nivel{3}~avanzado.
The control sequence at the end of the top line
of your error message was never \def'ed. If you have
misspelled it (e.g., `\hobx'), type `I' and the correct
spelling (e.g., `I\hbox'). Otherwise just continue,
and I'll forget about whatever was undefined.

! Undefined control sequence.
\estrellavacia ->{\color {gray!45}\faStarSolid 
                                               }
l.164 \nivel{1}
               ~básico · \nivel{2}~intermedio · \nivel{3}~avanzado.
The control sequence at the end of the top line
of your error message was never \def'ed. If you have
misspelled it (e.g., `\hobx'), type `I' and the correct
spelling (e.g., `I\hbox'). Otherwise just continue,
and I'll forget about whatever was undefined.

! Undefined control sequence.
\estrellavacia ->{\color {gray!45}\faStarSolid 
                                               }
l.164 \nivel{1}
               ~básico · \nivel{2}~intermedio · \nivel{3}~avanzado.
The control sequence at the end of the top line
of your error message was never \def'ed. If you have
misspelled it (e.g., `\hobx'), type `I' and the correct
spelling (e.g., `I\hbox'). Otherwise just continue,
and I'll forget about whatever was undefined.

! Undefined control sequence.
\estrella ->{\color {Goldenrod}\faStarSolid 
                                            }
l.164 \nivel{1}~básico · \nivel{2}
                                    ~intermedio · \nivel{3}~avanzado.
The control sequence at the end of the top line
of your error message was never \def'ed. If you have
misspelled it (e.g., `\hobx'), type `I' and the correct
spelling (e.g., `I\hbox'). Otherwise just continue,
and I'll forget about whatever was undefined.

! Undefined control sequence.
\estrella ->{\color {Goldenrod}\faStarSolid 
                                            }
l.164 \nivel{1}~básico · \nivel{2}
                                    ~intermedio · \nivel{3}~avanzado.
The control sequence at the end of the top line
of your error message was never \def'ed. If you have
misspelled it (e.g., `\hobx'), type `I' and the correct
spelling (e.g., `I\hbox'). Otherwise just continue,
and I'll forget about whatever was undefined.

! Undefined control sequence.
\estrellavacia ->{\color {gray!45}\faStarSolid 
                                               }
l.164 \nivel{1}~básico · \nivel{2}
                                    ~intermedio · \nivel{3}~avanzado.
The control sequence at the end of the top line
of your error message was never \def'ed. If you have
misspelled it (e.g., `\hobx'), type `I' and the correct
spelling (e.g., `I\hbox'). Otherwise just continue,
and I'll forget about whatever was undefined.

! Undefined control sequence.
\estrella ->{\color {Goldenrod}\faStarSolid 
                                            }
l.164 ...sico · \nivel{2}~intermedio · \nivel{3}
                                                  ~avanzado.
The control sequence at the end of the top line
of your error message was never \def'ed. If you have
misspelled it (e.g., `\hobx'), type `I' and the correct
spelling (e.g., `I\hbox'). Otherwise just continue,
and I'll forget about whatever was undefined.

! Undefined control sequence.
\estrella ->{\color {Goldenrod}\faStarSolid 
                                            }
l.164 ...sico · \nivel{2}~intermedio · \nivel{3}
                                                  ~avanzado.
The control sequence at the end of the top line
of your error message was never \def'ed. If you have
misspelled it (e.g., `\hobx'), type `I' and the correct
spelling (e.g., `I\hbox'). Otherwise just continue,
and I'll forget about whatever was undefined.

! Undefined control sequence.
\estrella ->{\color {Goldenrod}\faStarSolid 
                                            }
l.164 ...sico · \nivel{2}~intermedio · \nivel{3}
                                                  ~avanzado.
The control sequence at the end of the top line
of your error message was never \def'ed. If you have
misspelled it (e.g., `\hobx'), type `I' and the correct
spelling (e.g., `I\hbox'). Otherwise just continue,
and I'll forget about whatever was undefined.

LaTeX Font Info:    Trying to load font information for T1+lmtt on input line 1
66.
(/usr/share/texmf-dist/tex/latex/lm/t1lmtt.fd
File: t1lmtt.fd 2015/05/01 v1.6.1 Font defs for Latin Modern
)
Package microtype Info: Loading generic protrusion settings for font family
(microtype)             `lmtt' (encoding: T1).
(microtype)             For optimal results, create family-specific settings.
(microtype)             See the microtype manual for details.
 (./ejercicio2.toc
LaTeX Info: Redefining \. on input line 1.
LaTeX Info: Redefining \% on input line 1.
LaTeX Font Info:    External font `lmex10' loaded for size
(Font)              <12> on input line 3.

Missing character: There is no — (U+2014) in font ec-lmr12!
Missing character: There is no — (U+2014) in font ec-lmr12!
Missing character: There is no — (U+2014) in font ec-lmr12!
Missing character: There is no — (U+2014) in font ec-lmr12!
Missing character: There is no — (U+2014) in font ec-lmr12!
Missing character: There is no — (U+2014) in font ec-lmr12!
Missing character: There is no — (U+2014) in font ec-lmr12!
Missing character: There is no — (U+2014) in font ec-lmr12!
Missing character: There is no — (U+2014) in font ec-lmr12!
Missing character: There is no — (U+2014) in font ec-lmr12!
Missing character: There is no — (U+2014) in font ec-lmr12!
Missing character: There is no — (U+2014) in font ec-lmr12!
Missing character: There is no — (U+2014) in font ec-lmr12!
Missing character: There is no — (U+2014) in font ec-lmr12!
Missing character: There is no — (U+2014) in font ec-lmr12!
Missing character: There is no — (U+2014) in font ec-lmr12!
Missing character: There is no — (U+2014) in font ec-lmr12!
Missing character: There is no — (U+2014) in font ec-lmr12!
Missing character: There is no — (U+2014) in font ec-lmr12!
Missing character: There is no — (U+2014) in font ec-lmr12!
Missing character: There is no — (U+2014) in font ec-lmr12!
Missing character: There is no — (U+2014) in font ec-lmr12!
Missing character: There is no — (U+2014) in font ec-lmr12!
Missing character: There is no — (U+2014) in font ec-lmr12!
Missing character: There is no — (U+2014) in font ec-lmr12!
Missing character: There is no — (U+2014) in font ec-lmr12!
Missing character: There is no — (U+2014) in font ec-lmr12!
Missing character: There is no — (U+2014) in font ec-lmr12!
Missing character: There is no — (U+2014) in font ec-lmr12!
Missing character: There is no — (U+2014) in font ec-lmr12!
Missing character: There is no — (U+2014) in font ec-lmri10!
Missing character: There is no — (U+2014) in font ec-lmri10!
[1{/var/lib/texmf/fonts/map/pdftex/updmap/pdftex.map}
Missing character: There is no — (U+2014) in font ec-lmri10!

Missing character: There is no — (U+2014) in font ec-lmr12!
Missing character: There is no — (U+2014) in font ec-lmr12!
Missing character: There is no — (U+2014) in font ec-lmr12!
Missing character: There is no — (U+2014) in font ec-lmr12!
Missing character: There is no — (U+2014) in font ec-lmr12!
Missing character: There is no — (U+2014) in font ec-lmr12!
Missing character: There is no — (U+2014) in font ec-lmr12!
Missing character: There is no — (U+2014) in font ec-lmr12!
Missing character: There is no — (U+2014) in font ec-lmr12!
Missing character: There is no — (U+2014) in font ec-lmr12!
Missing character: There is no — (U+2014) in font ec-lmr12!
Missing character: There is no — (U+2014) in font ec-lmr12!
Missing character: There is no — (U+2014) in font ec-lmr12!
Missing character: There is no — (U+2014) in font ec-lmr12!
Missing character: There is no — (U+2014) in font ec-lmr12!
])
\tf@toc=\write5

\openout5 = ejercicio2.toc

Missing character: There is no — (U+2014) in font ec-lmri10!
Missing character: There is no — (U+2014) in font ec-lmri10!
[2
Missing character: There is no — (U+2014) in font ec-lmri10!
]
Missing character: There is no — (U+2014) in font ec-lmbx12!
Missing character: There is no — (U+2014) in font ec-lmbx12!
! Undefined control sequence.
\estrella ->{\color {Goldenrod}\faStarSolid 
                                            }
l.186 \begin{ejercicio}{Ejercicio \ej}{\nivel{1}}
                                                 
The control sequence at the end of the top line
of your error message was never \def'ed. If you have
misspelled it (e.g., `\hobx'), type `I' and the correct
spelling (e.g., `I\hbox'). Otherwise just continue,
and I'll forget about whatever was undefined.

! Undefined control sequence.
\estrellavacia ->{\color {gray!45}\faStarSolid 
                                               }
l.186 \begin{ejercicio}{Ejercicio \ej}{\nivel{1}}
                                                 
The control sequence at the end of the top line
of your error message was never \def'ed. If you have
misspelled it (e.g., `\hobx'), type `I' and the correct
spelling (e.g., `I\hbox'). Otherwise just continue,
and I'll forget about whatever was undefined.

! Undefined control sequence.
\estrellavacia ->{\color {gray!45}\faStarSolid 
                                               }
l.186 \begin{ejercicio}{Ejercicio \ej}{\nivel{1}}
                                                 
The control sequence at the end of the top line
of your error message was never \def'ed. If you have
misspelled it (e.g., `\hobx'), type `I' and the correct
spelling (e.g., `I\hbox'). Otherwise just continue,
and I'll forget about whatever was undefined.

LaTeX Font Info:    Font shape `T1/lmtt/bx/n' in size <10.95> not available
(Font)              Font shape `T1/lmtt/b/n' tried instead on input line 191.
! Undefined control sequence.
\estrella ->{\color {Goldenrod}\faStarSolid 
                                            }
l.198 \begin{ejercicio}{Ejercicio \ej}{\nivel{1}}
                                                 
The control sequence at the end of the top line
of your error message was never \def'ed. If you have
misspelled it (e.g., `\hobx'), type `I' and the correct
spelling (e.g., `I\hbox'). Otherwise just continue,
and I'll forget about whatever was undefined.

! Undefined control sequence.
\estrellavacia ->{\color {gray!45}\faStarSolid 
                                               }
l.198 \begin{ejercicio}{Ejercicio \ej}{\nivel{1}}
                                                 
The control sequence at the end of the top line
of your error message was never \def'ed. If you have
misspelled it (e.g., `\hobx'), type `I' and the correct
spelling (e.g., `I\hbox'). Otherwise just continue,
and I'll forget about whatever was undefined.

! Undefined control sequence.
\estrellavacia ->{\color {gray!45}\faStarSolid 
                                               }
l.198 \begin{ejercicio}{Ejercicio \ej}{\nivel{1}}
                                                 
The control sequence at the end of the top line
of your error message was never \def'ed. If you have
misspelled it (e.g., `\hobx'), type `I' and the correct
spelling (e.g., `I\hbox'). Otherwise just continue,
and I'll forget about whatever was undefined.

! Undefined control sequence.
\estrella ->{\color {Goldenrod}\faStarSolid 
                                            }
l.211 \begin{ejercicio}{Ejercicio \ej}{\nivel{1}}
                                                 
The control sequence at the end of the top line
of your error message was never \def'ed. If you have
misspelled it (e.g., `\hobx'), type `I' and the correct
spelling (e.g., `I\hbox'). Otherwise just continue,
and I'll forget about whatever was undefined.

! Undefined control sequence.
\estrellavacia ->{\color {gray!45}\faStarSolid 
                                               }
l.211 \begin{ejercicio}{Ejercicio \ej}{\nivel{1}}
                                                 
The control sequence at the end of the top line
of your error message was never \def'ed. If you have
misspelled it (e.g., `\hobx'), type `I' and the correct
spelling (e.g., `I\hbox'). Otherwise just continue,
and I'll forget about whatever was undefined.

! Undefined control sequence.
\estrellavacia ->{\color {gray!45}\faStarSolid 
                                               }
l.211 \begin{ejercicio}{Ejercicio \ej}{\nivel{1}}
                                                 
The control sequence at the end of the top line
of your error message was never \def'ed. If you have
misspelled it (e.g., `\hobx'), type `I' and the correct
spelling (e.g., `I\hbox'). Otherwise just continue,
and I'll forget about whatever was undefined.

! Undefined control sequence.
\estrella ->{\color {Goldenrod}\faStarSolid 
                                            }
l.223 \begin{ejercicio}{Ejercicio \ej}{\nivel{1}}
                                                 
The control sequence at the end of the top line
of your error message was never \def'ed. If you have
misspelled it (e.g., `\hobx'), type `I' and the correct
spelling (e.g., `I\hbox'). Otherwise just continue,
and I'll forget about whatever was undefined.

! Undefined control sequence.
\estrellavacia ->{\color {gray!45}\faStarSolid 
                                               }
l.223 \begin{ejercicio}{Ejercicio \ej}{\nivel{1}}
                                                 
The control sequence at the end of the top line
of your error message was never \def'ed. If you have
misspelled it (e.g., `\hobx'), type `I' and the correct
spelling (e.g., `I\hbox'). Otherwise just continue,
and I'll forget about whatever was undefined.

! Undefined control sequence.
\estrellavacia ->{\color {gray!45}\faStarSolid 
                                               }
l.223 \begin{ejercicio}{Ejercicio \ej}{\nivel{1}}
                                                 
The control sequence at the end of the top line
of your error message was never \def'ed. If you have
misspelled it (e.g., `\hobx'), type `I' and the correct
spelling (e.g., `I\hbox'). Otherwise just continue,
and I'll forget about whatever was undefined.

Missing character: There is no — (U+2014) in font ec-lmri10!
Missing character: There is no — (U+2014) in font ec-lmri10!
[3
Missing character: There is no — (U+2014) in font ec-lmri10!
Missing character: There is no — (U+2014) in font ec-lmbx12!
]
! Undefined control sequence.
\estrella ->{\color {Goldenrod}\faStarSolid 
                                            }
l.237 \begin{ejercicio}{Ejercicio \ej}{\nivel{2}}
                                                 
The control sequence at the end of the top line
of your error message was never \def'ed. If you have
misspelled it (e.g., `\hobx'), type `I' and the correct
spelling (e.g., `I\hbox'). Otherwise just continue,
and I'll forget about whatever was undefined.

! Undefined control sequence.
\estrella ->{\color {Goldenrod}\faStarSolid 
                                            }
l.237 \begin{ejercicio}{Ejercicio \ej}{\nivel{2}}
                                                 
The control sequence at the end of the top line
of your error message was never \def'ed. If you have
misspelled it (e.g., `\hobx'), type `I' and the correct
spelling (e.g., `I\hbox'). Otherwise just continue,
and I'll forget about whatever was undefined.

! Undefined control sequence.
\estrellavacia ->{\color {gray!45}\faStarSolid 
                                               }
l.237 \begin{ejercicio}{Ejercicio \ej}{\nivel{2}}
                                                 
The control sequence at the end of the top line
of your error message was never \def'ed. If you have
misspelled it (e.g., `\hobx'), type `I' and the correct
spelling (e.g., `I\hbox'). Otherwise just continue,
and I'll forget about whatever was undefined.

Missing character: There is no € (U+20AC) in font ec-lmbx12!
Missing character: There is no € (U+20AC) in font ec-lmbx12!
Missing character: There is no € (U+20AC) in font ec-lmbx12!
Missing character: There is no € (U+20AC) in font ec-lmbx12!
Missing character: There is no € (U+20AC) in font ec-lmbx12!
Missing character: There is no € (U+20AC) in font ec-lmbx12!
! Undefined control sequence.
\estrella ->{\color {Goldenrod}\faStarSolid 
                                            }
l.250 \begin{ejercicio}{Ejercicio \ej}{\nivel{2}}
                                                 
The control sequence at the end of the top line
of your error message was never \def'ed. If you have
misspelled it (e.g., `\hobx'), type `I' and the correct
spelling (e.g., `I\hbox'). Otherwise just continue,
and I'll forget about whatever was undefined.

! Undefined control sequence.
\estrella ->{\color {Goldenrod}\faStarSolid 
                                            }
l.250 \begin{ejercicio}{Ejercicio \ej}{\nivel{2}}
                                                 
The control sequence at the end of the top line
of your error message was never \def'ed. If you have
misspelled it (e.g., `\hobx'), type `I' and the correct
spelling (e.g., `I\hbox'). Otherwise just continue,
and I'll forget about whatever was undefined.

! Undefined control sequence.
\estrellavacia ->{\color {gray!45}\faStarSolid 
                                               }
l.250 \begin{ejercicio}{Ejercicio \ej}{\nivel{2}}
                                                 
The control sequence at the end of the top line
of your error message was never \def'ed. If you have
misspelled it (e.g., `\hobx'), type `I' and the correct
spelling (e.g., `I\hbox'). Otherwise just continue,
and I'll forget about whatever was undefined.

! Undefined control sequence.
\estrella ->{\color {Goldenrod}\faStarSolid 
                                            }
l.262 \begin{ejercicio}{Ejercicio \ej}{\nivel{2}}
                                                 
The control sequence at the end of the top line
of your error message was never \def'ed. If you have
misspelled it (e.g., `\hobx'), type `I' and the correct
spelling (e.g., `I\hbox'). Otherwise just continue,
and I'll forget about whatever was undefined.

! Undefined control sequence.
\estrella ->{\color {Goldenrod}\faStarSolid 
                                            }
l.262 \begin{ejercicio}{Ejercicio \ej}{\nivel{2}}
                                                 
The control sequence at the end of the top line
of your error message was never \def'ed. If you have
misspelled it (e.g., `\hobx'), type `I' and the correct
spelling (e.g., `I\hbox'). Otherwise just continue,
and I'll forget about whatever was undefined.

! Undefined control sequence.
\estrellavacia ->{\color {gray!45}\faStarSolid 
                                               }
l.262 \begin{ejercicio}{Ejercicio \ej}{\nivel{2}}
                                                 
The control sequence at the end of the top line
of your error message was never \def'ed. If you have
misspelled it (e.g., `\hobx'), type `I' and the correct
spelling (e.g., `I\hbox'). Otherwise just continue,
and I'll forget about whatever was undefined.

Missing character: There is no — (U+2014) in font ec-lmbx12!
Missing character: There is no — (U+2014) in font ec-lmbx12!
! Undefined control sequence.
\estrella ->{\color {Goldenrod}\faStarSolid 
                                            }
l.278 \begin{ejercicio}{Ejercicio \ej}{\nivel{1}}
                                                 
The control sequence at the end of the top line
of your error message was never \def'ed. If you have
misspelled it (e.g., `\hobx'), type `I' and the correct
spelling (e.g., `I\hbox'). Otherwise just continue,
and I'll forget about whatever was undefined.

! Undefined control sequence.
\estrellavacia ->{\color {gray!45}\faStarSolid 
                                               }
l.278 \begin{ejercicio}{Ejercicio \ej}{\nivel{1}}
                                                 
The control sequence at the end of the top line
of your error message was never \def'ed. If you have
misspelled it (e.g., `\hobx'), type `I' and the correct
spelling (e.g., `I\hbox'). Otherwise just continue,
and I'll forget about whatever was undefined.

! Undefined control sequence.
\estrellavacia ->{\color {gray!45}\faStarSolid 
                                               }
l.278 \begin{ejercicio}{Ejercicio \ej}{\nivel{1}}
                                                 
The control sequence at the end of the top line
of your error message was never \def'ed. If you have
misspelled it (e.g., `\hobx'), type `I' and the correct
spelling (e.g., `I\hbox'). Otherwise just continue,
and I'll forget about whatever was undefined.

Missing character: There is no — (U+2014) in font ec-lmri10!
Missing character: There is no — (U+2014) in font ec-lmri10!
[4
Missing character: There is no — (U+2014) in font ec-lmri10!
Missing character: There is no € (U+20AC) in font ec-lmbx12!
Missing character: There is no € (U+20AC) in font ec-lmbx12!
]
! Undefined control sequence.
\estrella ->{\color {Goldenrod}\faStarSolid 
                                            }
l.289 \begin{ejercicio}{Ejercicio \ej}{\nivel{1}}
                                                 
The control sequence at the end of the top line
of your error message was never \def'ed. If you have
misspelled it (e.g., `\hobx'), type `I' and the correct
spelling (e.g., `I\hbox'). Otherwise just continue,
and I'll forget about whatever was undefined.

! Undefined control sequence.
\estrellavacia ->{\color {gray!45}\faStarSolid 
                                               }
l.289 \begin{ejercicio}{Ejercicio \ej}{\nivel{1}}
                                                 
The control sequence at the end of the top line
of your error message was never \def'ed. If you have
misspelled it (e.g., `\hobx'), type `I' and the correct
spelling (e.g., `I\hbox'). Otherwise just continue,
and I'll forget about whatever was undefined.

! Undefined control sequence.
\estrellavacia ->{\color {gray!45}\faStarSolid 
                                               }
l.289 \begin{ejercicio}{Ejercicio \ej}{\nivel{1}}
                                                 
The control sequence at the end of the top line
of your error message was never \def'ed. If you have
misspelled it (e.g., `\hobx'), type `I' and the correct
spelling (e.g., `I\hbox'). Otherwise just continue,
and I'll forget about whatever was undefined.

Missing character: There is no € (U+20AC) in font ec-lmbx12!
Missing character: There is no € (U+20AC) in font ec-lmbx12!
! Undefined control sequence.
\estrella ->{\color {Goldenrod}\faStarSolid 
                                            }
l.300 \begin{ejercicio}{Ejercicio \ej}{\nivel{2}}
                                                 
The control sequence at the end of the top line
of your error message was never \def'ed. If you have
misspelled it (e.g., `\hobx'), type `I' and the correct
spelling (e.g., `I\hbox'). Otherwise just continue,
and I'll forget about whatever was undefined.

! Undefined control sequence.
\estrella ->{\color {Goldenrod}\faStarSolid 
                                            }
l.300 \begin{ejercicio}{Ejercicio \ej}{\nivel{2}}
                                                 
The control sequence at the end of the top line
of your error message was never \def'ed. If you have
misspelled it (e.g., `\hobx'), type `I' and the correct
spelling (e.g., `I\hbox'). Otherwise just continue,
and I'll forget about whatever was undefined.

! Undefined control sequence.
\estrellavacia ->{\color {gray!45}\faStarSolid 
                                               }
l.300 \begin{ejercicio}{Ejercicio \ej}{\nivel{2}}
                                                 
The control sequence at the end of the top line
of your error message was never \def'ed. If you have
misspelled it (e.g., `\hobx'), type `I' and the correct
spelling (e.g., `I\hbox'). Otherwise just continue,
and I'll forget about whatever was undefined.

! Undefined control sequence.
\estrella ->{\color {Goldenrod}\faStarSolid 
                                            }
l.311 \begin{ejercicio}{Ejercicio \ej}{\nivel{2}}
                                                 
The control sequence at the end of the top line
of your error message was never \def'ed. If you have
misspelled it (e.g., `\hobx'), type `I' and the correct
spelling (e.g., `I\hbox'). Otherwise just continue,
and I'll forget about whatever was undefined.

! Undefined control sequence.
\estrella ->{\color {Goldenrod}\faStarSolid 
                                            }
l.311 \begin{ejercicio}{Ejercicio \ej}{\nivel{2}}
                                                 
The control sequence at the end of the top line
of your error message was never \def'ed. If you have
misspelled it (e.g., `\hobx'), type `I' and the correct
spelling (e.g., `I\hbox'). Otherwise just continue,
and I'll forget about whatever was undefined.

! Undefined control sequence.
\estrellavacia ->{\color {gray!45}\faStarSolid 
                                               }
l.311 \begin{ejercicio}{Ejercicio \ej}{\nivel{2}}
                                                 
The control sequence at the end of the top line
of your error message was never \def'ed. If you have
misspelled it (e.g., `\hobx'), type `I' and the correct
spelling (e.g., `I\hbox'). Otherwise just continue,
and I'll forget about whatever was undefined.

! Undefined control sequence.
\estrella ->{\color {Goldenrod}\faStarSolid 
                                            }
l.322 \begin{ejercicio}{Ejercicio \ej}{\nivel{2}}
                                                 
The control sequence at the end of the top line
of your error message was never \def'ed. If you have
misspelled it (e.g., `\hobx'), type `I' and the correct
spelling (e.g., `I\hbox'). Otherwise just continue,
and I'll forget about whatever was undefined.

! Undefined control sequence.
\estrella ->{\color {Goldenrod}\faStarSolid 
                                            }
l.322 \begin{ejercicio}{Ejercicio \ej}{\nivel{2}}
                                                 
The control sequence at the end of the top line
of your error message was never \def'ed. If you have
misspelled it (e.g., `\hobx'), type `I' and the correct
spelling (e.g., `I\hbox'). Otherwise just continue,
and I'll forget about whatever was undefined.

! Undefined control sequence.
\estrellavacia ->{\color {gray!45}\faStarSolid 
                                               }
l.322 \begin{ejercicio}{Ejercicio \ej}{\nivel{2}}
                                                 
The control sequence at the end of the top line
of your error message was never \def'ed. If you have
misspelled it (e.g., `\hobx'), type `I' and the correct
spelling (e.g., `I\hbox'). Otherwise just continue,
and I'll forget about whatever was undefined.

! Undefined control sequence.
\estrella ->{\color {Goldenrod}\faStarSolid 
                                            }
l.332 \begin{ejercicio}{Ejercicio \ej}{\nivel{2}}
                                                 
The control sequence at the end of the top line
of your error message was never \def'ed. If you have
misspelled it (e.g., `\hobx'), type `I' and the correct
spelling (e.g., `I\hbox'). Otherwise just continue,
and I'll forget about whatever was undefined.

! Undefined control sequence.
\estrella ->{\color {Goldenrod}\faStarSolid 
                                            }
l.332 \begin{ejercicio}{Ejercicio \ej}{\nivel{2}}
                                                 
The control sequence at the end of the top line
of your error message was never \def'ed. If you have
misspelled it (e.g., `\hobx'), type `I' and the correct
spelling (e.g., `I\hbox'). Otherwise just continue,
and I'll forget about whatever was undefined.

! Undefined control sequence.
\estrellavacia ->{\color {gray!45}\faStarSolid 
                                               }
l.332 \begin{ejercicio}{Ejercicio \ej}{\nivel{2}}
                                                 
The control sequence at the end of the top line
of your error message was never \def'ed. If you have
misspelled it (e.g., `\hobx'), type `I' and the correct
spelling (e.g., `I\hbox'). Otherwise just continue,
and I'll forget about whatever was undefined.

Missing character: There is no — (U+2014) in font ec-lmri10!
Missing character: There is no — (U+2014) in font ec-lmri10!
[5
Missing character: There is no — (U+2014) in font ec-lmri10!
Missing character: There is no — (U+2014) in font ec-lmbx12!
Missing character: There is no € (U+20AC) in font ec-lmbx12!
]
Missing character: There is no — (U+2014) in font ec-lmbx12!
Missing character: There is no — (U+2014) in font ec-lmbx12!
! Undefined control sequence.
\estrella ->{\color {Goldenrod}\faStarSolid 
                                            }
l.347 \begin{ejercicio}{Ejercicio \ej}{\nivel{2}}
                                                 
The control sequence at the end of the top line
of your error message was never \def'ed. If you have
misspelled it (e.g., `\hobx'), type `I' and the correct
spelling (e.g., `I\hbox'). Otherwise just continue,
and I'll forget about whatever was undefined.

! Undefined control sequence.
\estrella ->{\color {Goldenrod}\faStarSolid 
                                            }
l.347 \begin{ejercicio}{Ejercicio \ej}{\nivel{2}}
                                                 
The control sequence at the end of the top line
of your error message was never \def'ed. If you have
misspelled it (e.g., `\hobx'), type `I' and the correct
spelling (e.g., `I\hbox'). Otherwise just continue,
and I'll forget about whatever was undefined.

! Undefined control sequence.
\estrellavacia ->{\color {gray!45}\faStarSolid 
                                               }
l.347 \begin{ejercicio}{Ejercicio \ej}{\nivel{2}}
                                                 
The control sequence at the end of the top line
of your error message was never \def'ed. If you have
misspelled it (e.g., `\hobx'), type `I' and the correct
spelling (e.g., `I\hbox'). Otherwise just continue,
and I'll forget about whatever was undefined.

! Undefined control sequence.
\estrella ->{\color {Goldenrod}\faStarSolid 
                                            }
l.373 \begin{ejercicio}{Ejercicio \ej}{\nivel{2}}
                                                 
The control sequence at the end of the top line
of your error message was never \def'ed. If you have
misspelled it (e.g., `\hobx'), type `I' and the correct
spelling (e.g., `I\hbox'). Otherwise just continue,
and I'll forget about whatever was undefined.

! Undefined control sequence.
\estrella ->{\color {Goldenrod}\faStarSolid 
                                            }
l.373 \begin{ejercicio}{Ejercicio \ej}{\nivel{2}}
                                                 
The control sequence at the end of the top line
of your error message was never \def'ed. If you have
misspelled it (e.g., `\hobx'), type `I' and the correct
spelling (e.g., `I\hbox'). Otherwise just continue,
and I'll forget about whatever was undefined.

! Undefined control sequence.
\estrellavacia ->{\color {gray!45}\faStarSolid 
                                               }
l.373 \begin{ejercicio}{Ejercicio \ej}{\nivel{2}}
                                                 
The control sequence at the end of the top line
of your error message was never \def'ed. If you have
misspelled it (e.g., `\hobx'), type `I' and the correct
spelling (e.g., `I\hbox'). Otherwise just continue,
and I'll forget about whatever was undefined.

! Undefined control sequence.
\estrella ->{\color {Goldenrod}\faStarSolid 
                                            }
l.385 \begin{ejercicio}{Ejercicio \ej}{\nivel{3}}
                                                 
The control sequence at the end of the top line
of your error message was never \def'ed. If you have
misspelled it (e.g., `\hobx'), type `I' and the correct
spelling (e.g., `I\hbox'). Otherwise just continue,
and I'll forget about whatever was undefined.

! Undefined control sequence.
\estrella ->{\color {Goldenrod}\faStarSolid 
                                            }
l.385 \begin{ejercicio}{Ejercicio \ej}{\nivel{3}}
                                                 
The control sequence at the end of the top line
of your error message was never \def'ed. If you have
misspelled it (e.g., `\hobx'), type `I' and the correct
spelling (e.g., `I\hbox'). Otherwise just continue,
and I'll forget about whatever was undefined.

! Undefined control sequence.
\estrella ->{\color {Goldenrod}\faStarSolid 
                                            }
l.385 \begin{ejercicio}{Ejercicio \ej}{\nivel{3}}
                                                 
The control sequence at the end of the top line
of your error message was never \def'ed. If you have
misspelled it (e.g., `\hobx'), type `I' and the correct
spelling (e.g., `I\hbox'). Otherwise just continue,
and I'll forget about whatever was undefined.

Missing character: There is no — (U+2014) in font ec-lmri10!
Missing character: There is no — (U+2014) in font ec-lmri10!
[6
Missing character: There is no — (U+2014) in font ec-lmri10!
Missing character: There is no — (U+2014) in font ec-lmbx12!
]
Missing character: There is no — (U+2014) in font ec-lmbx12!
Missing character: There is no — (U+2014) in font ec-lmbx12!
! Undefined control sequence.
\estrella ->{\color {Goldenrod}\faStarSolid 
                                            }
l.420 \begin{ejercicio}{Ejercicio \ej}{\nivel{2}}
                                                 
The control sequence at the end of the top line
of your error message was never \def'ed. If you have
misspelled it (e.g., `\hobx'), type `I' and the correct
spelling (e.g., `I\hbox'). Otherwise just continue,
and I'll forget about whatever was undefined.

! Undefined control sequence.
\estrella ->{\color {Goldenrod}\faStarSolid 
                                            }
l.420 \begin{ejercicio}{Ejercicio \ej}{\nivel{2}}
                                                 
The control sequence at the end of the top line
of your error message was never \def'ed. If you have
misspelled it (e.g., `\hobx'), type `I' and the correct
spelling (e.g., `I\hbox'). Otherwise just continue,
and I'll forget about whatever was undefined.

! Undefined control sequence.
\estrellavacia ->{\color {gray!45}\faStarSolid 
                                               }
l.420 \begin{ejercicio}{Ejercicio \ej}{\nivel{2}}
                                                 
The control sequence at the end of the top line
of your error message was never \def'ed. If you have
misspelled it (e.g., `\hobx'), type `I' and the correct
spelling (e.g., `I\hbox'). Otherwise just continue,
and I'll forget about whatever was undefined.

! Undefined control sequence.
\estrella ->{\color {Goldenrod}\faStarSolid 
                                            }
l.433 \begin{ejercicio}{Ejercicio \ej}{\nivel{2}}
                                                 
The control sequence at the end of the top line
of your error message was never \def'ed. If you have
misspelled it (e.g., `\hobx'), type `I' and the correct
spelling (e.g., `I\hbox'). Otherwise just continue,
and I'll forget about whatever was undefined.

! Undefined control sequence.
\estrella ->{\color {Goldenrod}\faStarSolid 
                                            }
l.433 \begin{ejercicio}{Ejercicio \ej}{\nivel{2}}
                                                 
The control sequence at the end of the top line
of your error message was never \def'ed. If you have
misspelled it (e.g., `\hobx'), type `I' and the correct
spelling (e.g., `I\hbox'). Otherwise just continue,
and I'll forget about whatever was undefined.

! Undefined control sequence.
\estrellavacia ->{\color {gray!45}\faStarSolid 
                                               }
l.433 \begin{ejercicio}{Ejercicio \ej}{\nivel{2}}
                                                 
The control sequence at the end of the top line
of your error message was never \def'ed. If you have
misspelled it (e.g., `\hobx'), type `I' and the correct
spelling (e.g., `I\hbox'). Otherwise just continue,
and I'll forget about whatever was undefined.

! Undefined control sequence.
\estrella ->{\color {Goldenrod}\faStarSolid 
                                            }
l.445 \begin{ejercicio}{Ejercicio \ej}{\nivel{3}}
                                                 
The control sequence at the end of the top line
of your error message was never \def'ed. If you have
misspelled it (e.g., `\hobx'), type `I' and the correct
spelling (e.g., `I\hbox'). Otherwise just continue,
and I'll forget about whatever was undefined.

! Undefined control sequence.
\estrella ->{\color {Goldenrod}\faStarSolid 
                                            }
l.445 \begin{ejercicio}{Ejercicio \ej}{\nivel{3}}
                                                 
The control sequence at the end of the top line
of your error message was never \def'ed. If you have
misspelled it (e.g., `\hobx'), type `I' and the correct
spelling (e.g., `I\hbox'). Otherwise just continue,
and I'll forget about whatever was undefined.

! Undefined control sequence.
\estrella ->{\color {Goldenrod}\faStarSolid 
                                            }
l.445 \begin{ejercicio}{Ejercicio \ej}{\nivel{3}}
                                                 
The control sequence at the end of the top line
of your error message was never \def'ed. If you have
misspelled it (e.g., `\hobx'), type `I' and the correct
spelling (e.g., `I\hbox'). Otherwise just continue,
and I'll forget about whatever was undefined.

Missing character: There is no — (U+2014) in font ec-lmri10!
Missing character: There is no — (U+2014) in font ec-lmri10!
[7
Missing character: There is no — (U+2014) in font ec-lmri10!
Missing character: There is no — (U+2014) in font ec-lmbx12!
]
Missing character: There is no — (U+2014) in font ec-lmbx12!
Missing character: There is no — (U+2014) in font ec-lmbx12!
! Undefined control sequence.
\estrella ->{\color {Goldenrod}\faStarSolid 
                                            }
l.471 \begin{ejercicio}{Ejercicio \ej}{\nivel{2}}
                                                 
The control sequence at the end of the top line
of your error message was never \def'ed. If you have
misspelled it (e.g., `\hobx'), type `I' and the correct
spelling (e.g., `I\hbox'). Otherwise just continue,
and I'll forget about whatever was undefined.

! Undefined control sequence.
\estrella ->{\color {Goldenrod}\faStarSolid 
                                            }
l.471 \begin{ejercicio}{Ejercicio \ej}{\nivel{2}}
                                                 
The control sequence at the end of the top line
of your error message was never \def'ed. If you have
misspelled it (e.g., `\hobx'), type `I' and the correct
spelling (e.g., `I\hbox'). Otherwise just continue,
and I'll forget about whatever was undefined.

! Undefined control sequence.
\estrellavacia ->{\color {gray!45}\faStarSolid 
                                               }
l.471 \begin{ejercicio}{Ejercicio \ej}{\nivel{2}}
                                                 
The control sequence at the end of the top line
of your error message was never \def'ed. If you have
misspelled it (e.g., `\hobx'), type `I' and the correct
spelling (e.g., `I\hbox'). Otherwise just continue,
and I'll forget about whatever was undefined.

! Undefined control sequence.
\estrella ->{\color {Goldenrod}\faStarSolid 
                                            }
l.484 \begin{ejercicio}{Ejercicio \ej}{\nivel{2}}
                                                 
The control sequence at the end of the top line
of your error message was never \def'ed. If you have
misspelled it (e.g., `\hobx'), type `I' and the correct
spelling (e.g., `I\hbox'). Otherwise just continue,
and I'll forget about whatever was undefined.

! Undefined control sequence.
\estrella ->{\color {Goldenrod}\faStarSolid 
                                            }
l.484 \begin{ejercicio}{Ejercicio \ej}{\nivel{2}}
                                                 
The control sequence at the end of the top line
of your error message was never \def'ed. If you have
misspelled it (e.g., `\hobx'), type `I' and the correct
spelling (e.g., `I\hbox'). Otherwise just continue,
and I'll forget about whatever was undefined.

! Undefined control sequence.
\estrellavacia ->{\color {gray!45}\faStarSolid 
                                               }
l.484 \begin{ejercicio}{Ejercicio \ej}{\nivel{2}}
                                                 
The control sequence at the end of the top line
of your error message was never \def'ed. If you have
misspelled it (e.g., `\hobx'), type `I' and the correct
spelling (e.g., `I\hbox'). Otherwise just continue,
and I'll forget about whatever was undefined.

! Undefined control sequence.
\estrella ->{\color {Goldenrod}\faStarSolid 
                                            }
l.520 \begin{ejercicio}{Ejercicio \ej}{\nivel{3}}
                                                 
The control sequence at the end of the top line
of your error message was never \def'ed. If you have
misspelled it (e.g., `\hobx'), type `I' and the correct
spelling (e.g., `I\hbox'). Otherwise just continue,
and I'll forget about whatever was undefined.

! Undefined control sequence.
\estrella ->{\color {Goldenrod}\faStarSolid 
                                            }
l.520 \begin{ejercicio}{Ejercicio \ej}{\nivel{3}}
                                                 
The control sequence at the end of the top line
of your error message was never \def'ed. If you have
misspelled it (e.g., `\hobx'), type `I' and the correct
spelling (e.g., `I\hbox'). Otherwise just continue,
and I'll forget about whatever was undefined.

! Undefined control sequence.
\estrella ->{\color {Goldenrod}\faStarSolid 
                                            }
l.520 \begin{ejercicio}{Ejercicio \ej}{\nivel{3}}
                                                 
The control sequence at the end of the top line
of your error message was never \def'ed. If you have
misspelled it (e.g., `\hobx'), type `I' and the correct
spelling (e.g., `I\hbox'). Otherwise just continue,
and I'll forget about whatever was undefined.

Missing character: There is no € (U+20AC) in font ec-lmbx12!
Missing character: There is no € (U+20AC) in font ec-lmbx12!
Missing character: There is no € (U+20AC) in font ec-lmbx12!
Missing character: There is no — (U+2014) in font ec-lmri10!
Missing character: There is no — (U+2014) in font ec-lmri10!
[8
Missing character: There is no — (U+2014) in font ec-lmri10!
Missing character: There is no — (U+2014) in font ec-lmbx12!
]
Missing character: There is no — (U+2014) in font ec-lmbx12!
Missing character: There is no — (U+2014) in font ec-lmbx12!
! Undefined control sequence.
\estrella ->{\color {Goldenrod}\faStarSolid 
                                            }
l.558 \begin{ejercicio}{Ejercicio \ej}{\nivel{2}}
                                                 
The control sequence at the end of the top line
of your error message was never \def'ed. If you have
misspelled it (e.g., `\hobx'), type `I' and the correct
spelling (e.g., `I\hbox'). Otherwise just continue,
and I'll forget about whatever was undefined.

! Undefined control sequence.
\estrella ->{\color {Goldenrod}\faStarSolid 
                                            }
l.558 \begin{ejercicio}{Ejercicio \ej}{\nivel{2}}
                                                 
The control sequence at the end of the top line
of your error message was never \def'ed. If you have
misspelled it (e.g., `\hobx'), type `I' and the correct
spelling (e.g., `I\hbox'). Otherwise just continue,
and I'll forget about whatever was undefined.

! Undefined control sequence.
\estrellavacia ->{\color {gray!45}\faStarSolid 
                                               }
l.558 \begin{ejercicio}{Ejercicio \ej}{\nivel{2}}
                                                 
The control sequence at the end of the top line
of your error message was never \def'ed. If you have
misspelled it (e.g., `\hobx'), type `I' and the correct
spelling (e.g., `I\hbox'). Otherwise just continue,
and I'll forget about whatever was undefined.

! Undefined control sequence.
\estrella ->{\color {Goldenrod}\faStarSolid 
                                            }
l.573 \begin{ejercicio}{Ejercicio \ej}{\nivel{3}}
                                                 
The control sequence at the end of the top line
of your error message was never \def'ed. If you have
misspelled it (e.g., `\hobx'), type `I' and the correct
spelling (e.g., `I\hbox'). Otherwise just continue,
and I'll forget about whatever was undefined.

! Undefined control sequence.
\estrella ->{\color {Goldenrod}\faStarSolid 
                                            }
l.573 \begin{ejercicio}{Ejercicio \ej}{\nivel{3}}
                                                 
The control sequence at the end of the top line
of your error message was never \def'ed. If you have
misspelled it (e.g., `\hobx'), type `I' and the correct
spelling (e.g., `I\hbox'). Otherwise just continue,
and I'll forget about whatever was undefined.

! Undefined control sequence.
\estrella ->{\color {Goldenrod}\faStarSolid 
                                            }
l.573 \begin{ejercicio}{Ejercicio \ej}{\nivel{3}}
                                                 
The control sequence at the end of the top line
of your error message was never \def'ed. If you have
misspelled it (e.g., `\hobx'), type `I' and the correct
spelling (e.g., `I\hbox'). Otherwise just continue,
and I'll forget about whatever was undefined.

Missing character: There is no — (U+2014) in font ec-lmri10!
Missing character: There is no — (U+2014) in font ec-lmri10!
[9
Missing character: There is no — (U+2014) in font ec-lmri10!
Missing character: There is no € (U+20AC) in font ec-lmbx12!
Missing character: There is no — (U+2014) in font ec-lmbx12!
]
! Undefined control sequence.
\estrella ->{\color {Goldenrod}\faStarSolid 
                                            }
l.593 \begin{ejercicio}{Ejercicio \ej}{\nivel{3}}
                                                 
The control sequence at the end of the top line
of your error message was never \def'ed. If you have
misspelled it (e.g., `\hobx'), type `I' and the correct
spelling (e.g., `I\hbox'). Otherwise just continue,
and I'll forget about whatever was undefined.

! Undefined control sequence.
\estrella ->{\color {Goldenrod}\faStarSolid 
                                            }
l.593 \begin{ejercicio}{Ejercicio \ej}{\nivel{3}}
                                                 
The control sequence at the end of the top line
of your error message was never \def'ed. If you have
misspelled it (e.g., `\hobx'), type `I' and the correct
spelling (e.g., `I\hbox'). Otherwise just continue,
and I'll forget about whatever was undefined.

! Undefined control sequence.
\estrella ->{\color {Goldenrod}\faStarSolid 
                                            }
l.593 \begin{ejercicio}{Ejercicio \ej}{\nivel{3}}
                                                 
The control sequence at the end of the top line
of your error message was never \def'ed. If you have
misspelled it (e.g., `\hobx'), type `I' and the correct
spelling (e.g., `I\hbox'). Otherwise just continue,
and I'll forget about whatever was undefined.


Underfull \hbox (badness 4634) in paragraph at lines 613--615
[]\T1/lmr/m/it/10.95 Ta-blas: \T1/lmtt/m/it/10.95 departamento(id, nombre, presu
puesto, gastos) \T1/lmr/m/it/10.95 y \T1/lmtt/m/it/10.95 empleado(id, nif,
 []

Missing character: There is no — (U+2014) in font ec-lmbx12!
Missing character: There is no — (U+2014) in font ec-lmbx12!
! Undefined control sequence.
\estrella ->{\color {Goldenrod}\faStarSolid 
                                            }
l.621 \begin{ejercicio}{Ejercicio \ej}{\nivel{1}}
                                                 
The control sequence at the end of the top line
of your error message was never \def'ed. If you have
misspelled it (e.g., `\hobx'), type `I' and the correct
spelling (e.g., `I\hbox'). Otherwise just continue,
and I'll forget about whatever was undefined.

! Undefined control sequence.
\estrellavacia ->{\color {gray!45}\faStarSolid 
                                               }
l.621 \begin{ejercicio}{Ejercicio \ej}{\nivel{1}}
                                                 
The control sequence at the end of the top line
of your error message was never \def'ed. If you have
misspelled it (e.g., `\hobx'), type `I' and the correct
spelling (e.g., `I\hbox'). Otherwise just continue,
and I'll forget about whatever was undefined.

! Undefined control sequence.
\estrellavacia ->{\color {gray!45}\faStarSolid 
                                               }
l.621 \begin{ejercicio}{Ejercicio \ej}{\nivel{1}}
                                                 
The control sequence at the end of the top line
of your error message was never \def'ed. If you have
misspelled it (e.g., `\hobx'), type `I' and the correct
spelling (e.g., `I\hbox'). Otherwise just continue,
and I'll forget about whatever was undefined.

! Undefined control sequence.
\estrella ->{\color {Goldenrod}\faStarSolid 
                                            }
l.633 \begin{ejercicio}{Ejercicio \ej}{\nivel{1}}
                                                 
The control sequence at the end of the top line
of your error message was never \def'ed. If you have
misspelled it (e.g., `\hobx'), type `I' and the correct
spelling (e.g., `I\hbox'). Otherwise just continue,
and I'll forget about whatever was undefined.

! Undefined control sequence.
\estrellavacia ->{\color {gray!45}\faStarSolid 
                                               }
l.633 \begin{ejercicio}{Ejercicio \ej}{\nivel{1}}
                                                 
The control sequence at the end of the top line
of your error message was never \def'ed. If you have
misspelled it (e.g., `\hobx'), type `I' and the correct
spelling (e.g., `I\hbox'). Otherwise just continue,
and I'll forget about whatever was undefined.

! Undefined control sequence.
\estrellavacia ->{\color {gray!45}\faStarSolid 
                                               }
l.633 \begin{ejercicio}{Ejercicio \ej}{\nivel{1}}
                                                 
The control sequence at the end of the top line
of your error message was never \def'ed. If you have
misspelled it (e.g., `\hobx'), type `I' and the correct
spelling (e.g., `I\hbox'). Otherwise just continue,
and I'll forget about whatever was undefined.


Underfull \hbox (badness 10000) in paragraph at lines 638--639
[][][][][][][][][][][][][][][][][][][][][][][][][][][][][][][][][][][][][][][][
]
 []


Underfull \hbox (badness 10000) in paragraph at lines 639--640
[][][][][][][][][][][][][][][][][][][][][][][][][][][][][][][][][][][][][][][][
]
 []


Underfull \hbox (badness 10000) in paragraph at lines 640--641
[][][][][][][][][][][][][][][][][][][][][][][][][][][][][][][][][][][][][][][][
]
 []


Underfull \hbox (badness 10000) in paragraph at lines 641--642
[][][][][][][][][][][][][][][][][][][][][][][][][][][][][][][][][][][][][][][][
]
 []

Missing character: There is no — (U+2014) in font ec-lmri10!
Missing character: There is no — (U+2014) in font ec-lmri10!
[10
Missing character: There is no — (U+2014) in font ec-lmri10!
Missing character: There is no — (U+2014) in font ec-lmbx12!
]
! Undefined control sequence.
\estrella ->{\color {Goldenrod}\faStarSolid 
                                            }
l.645 \begin{ejercicio}{Ejercicio \ej}{\nivel{2}}
                                                 
The control sequence at the end of the top line
of your error message was never \def'ed. If you have
misspelled it (e.g., `\hobx'), type `I' and the correct
spelling (e.g., `I\hbox'). Otherwise just continue,
and I'll forget about whatever was undefined.

! Undefined control sequence.
\estrella ->{\color {Goldenrod}\faStarSolid 
                                            }
l.645 \begin{ejercicio}{Ejercicio \ej}{\nivel{2}}
                                                 
The control sequence at the end of the top line
of your error message was never \def'ed. If you have
misspelled it (e.g., `\hobx'), type `I' and the correct
spelling (e.g., `I\hbox'). Otherwise just continue,
and I'll forget about whatever was undefined.

! Undefined control sequence.
\estrellavacia ->{\color {gray!45}\faStarSolid 
                                               }
l.645 \begin{ejercicio}{Ejercicio \ej}{\nivel{2}}
                                                 
The control sequence at the end of the top line
of your error message was never \def'ed. If you have
misspelled it (e.g., `\hobx'), type `I' and the correct
spelling (e.g., `I\hbox'). Otherwise just continue,
and I'll forget about whatever was undefined.

! Undefined control sequence.
\estrella ->{\color {Goldenrod}\faStarSolid 
                                            }
l.657 \begin{ejercicio}{Ejercicio \ej}{\nivel{2}}
                                                 
The control sequence at the end of the top line
of your error message was never \def'ed. If you have
misspelled it (e.g., `\hobx'), type `I' and the correct
spelling (e.g., `I\hbox'). Otherwise just continue,
and I'll forget about whatever was undefined.

! Undefined control sequence.
\estrella ->{\color {Goldenrod}\faStarSolid 
                                            }
l.657 \begin{ejercicio}{Ejercicio \ej}{\nivel{2}}
                                                 
The control sequence at the end of the top line
of your error message was never \def'ed. If you have
misspelled it (e.g., `\hobx'), type `I' and the correct
spelling (e.g., `I\hbox'). Otherwise just continue,
and I'll forget about whatever was undefined.

! Undefined control sequence.
\estrellavacia ->{\color {gray!45}\faStarSolid 
                                               }
l.657 \begin{ejercicio}{Ejercicio \ej}{\nivel{2}}
                                                 
The control sequence at the end of the top line
of your error message was never \def'ed. If you have
misspelled it (e.g., `\hobx'), type `I' and the correct
spelling (e.g., `I\hbox'). Otherwise just continue,
and I'll forget about whatever was undefined.

Missing character: There is no — (U+2014) in font ec-lmbx12!
Missing character: There is no — (U+2014) in font ec-lmbx12!
! Undefined control sequence.
\estrella ->{\color {Goldenrod}\faStarSolid 
                                            }
l.673 \begin{ejercicio}{Ejercicio \ej}{\nivel{1}}
                                                 
The control sequence at the end of the top line
of your error message was never \def'ed. If you have
misspelled it (e.g., `\hobx'), type `I' and the correct
spelling (e.g., `I\hbox'). Otherwise just continue,
and I'll forget about whatever was undefined.

! Undefined control sequence.
\estrellavacia ->{\color {gray!45}\faStarSolid 
                                               }
l.673 \begin{ejercicio}{Ejercicio \ej}{\nivel{1}}
                                                 
The control sequence at the end of the top line
of your error message was never \def'ed. If you have
misspelled it (e.g., `\hobx'), type `I' and the correct
spelling (e.g., `I\hbox'). Otherwise just continue,
and I'll forget about whatever was undefined.

! Undefined control sequence.
\estrellavacia ->{\color {gray!45}\faStarSolid 
                                               }
l.673 \begin{ejercicio}{Ejercicio \ej}{\nivel{1}}
                                                 
The control sequence at the end of the top line
of your error message was never \def'ed. If you have
misspelled it (e.g., `\hobx'), type `I' and the correct
spelling (e.g., `I\hbox'). Otherwise just continue,
and I'll forget about whatever was undefined.

! Undefined control sequence.
\estrella ->{\color {Goldenrod}\faStarSolid 
                                            }
l.683 \begin{ejercicio}{Ejercicio \ej}{\nivel{2}}
                                                 
The control sequence at the end of the top line
of your error message was never \def'ed. If you have
misspelled it (e.g., `\hobx'), type `I' and the correct
spelling (e.g., `I\hbox'). Otherwise just continue,
and I'll forget about whatever was undefined.

! Undefined control sequence.
\estrella ->{\color {Goldenrod}\faStarSolid 
                                            }
l.683 \begin{ejercicio}{Ejercicio \ej}{\nivel{2}}
                                                 
The control sequence at the end of the top line
of your error message was never \def'ed. If you have
misspelled it (e.g., `\hobx'), type `I' and the correct
spelling (e.g., `I\hbox'). Otherwise just continue,
and I'll forget about whatever was undefined.

! Undefined control sequence.
\estrellavacia ->{\color {gray!45}\faStarSolid 
                                               }
l.683 \begin{ejercicio}{Ejercicio \ej}{\nivel{2}}
                                                 
The control sequence at the end of the top line
of your error message was never \def'ed. If you have
misspelled it (e.g., `\hobx'), type `I' and the correct
spelling (e.g., `I\hbox'). Otherwise just continue,
and I'll forget about whatever was undefined.

Missing character: There is no — (U+2014) in font ec-lmri10!
Missing character: There is no — (U+2014) in font ec-lmri10!
[11
Missing character: There is no — (U+2014) in font ec-lmri10!
Missing character: There is no — (U+2014) in font ec-lmbx12!
]
! Undefined control sequence.
\estrella ->{\color {Goldenrod}\faStarSolid 
                                            }
l.694 \begin{ejercicio}{Ejercicio \ej}{\nivel{2}}
                                                 
The control sequence at the end of the top line
of your error message was never \def'ed. If you have
misspelled it (e.g., `\hobx'), type `I' and the correct
spelling (e.g., `I\hbox'). Otherwise just continue,
and I'll forget about whatever was undefined.

! Undefined control sequence.
\estrella ->{\color {Goldenrod}\faStarSolid 
                                            }
l.694 \begin{ejercicio}{Ejercicio \ej}{\nivel{2}}
                                                 
The control sequence at the end of the top line
of your error message was never \def'ed. If you have
misspelled it (e.g., `\hobx'), type `I' and the correct
spelling (e.g., `I\hbox'). Otherwise just continue,
and I'll forget about whatever was undefined.

! Undefined control sequence.
\estrellavacia ->{\color {gray!45}\faStarSolid 
                                               }
l.694 \begin{ejercicio}{Ejercicio \ej}{\nivel{2}}
                                                 
The control sequence at the end of the top line
of your error message was never \def'ed. If you have
misspelled it (e.g., `\hobx'), type `I' and the correct
spelling (e.g., `I\hbox'). Otherwise just continue,
and I'll forget about whatever was undefined.

Missing character: There is no — (U+2014) in font ec-lmbx12!
Missing character: There is no — (U+2014) in font ec-lmbx12!
! Undefined control sequence.
\estrella ->{\color {Goldenrod}\faStarSolid 
                                            }
l.709 \begin{ejercicio}{Ejercicio \ej}{\nivel{2}}
                                                 
The control sequence at the end of the top line
of your error message was never \def'ed. If you have
misspelled it (e.g., `\hobx'), type `I' and the correct
spelling (e.g., `I\hbox'). Otherwise just continue,
and I'll forget about whatever was undefined.

! Undefined control sequence.
\estrella ->{\color {Goldenrod}\faStarSolid 
                                            }
l.709 \begin{ejercicio}{Ejercicio \ej}{\nivel{2}}
                                                 
The control sequence at the end of the top line
of your error message was never \def'ed. If you have
misspelled it (e.g., `\hobx'), type `I' and the correct
spelling (e.g., `I\hbox'). Otherwise just continue,
and I'll forget about whatever was undefined.

! Undefined control sequence.
\estrellavacia ->{\color {gray!45}\faStarSolid 
                                               }
l.709 \begin{ejercicio}{Ejercicio \ej}{\nivel{2}}
                                                 
The control sequence at the end of the top line
of your error message was never \def'ed. If you have
misspelled it (e.g., `\hobx'), type `I' and the correct
spelling (e.g., `I\hbox'). Otherwise just continue,
and I'll forget about whatever was undefined.

! Undefined control sequence.
\estrella ->{\color {Goldenrod}\faStarSolid 
                                            }
l.737 \begin{ejercicio}{Ejercicio \ej}{\nivel{3}}
                                                 
The control sequence at the end of the top line
of your error message was never \def'ed. If you have
misspelled it (e.g., `\hobx'), type `I' and the correct
spelling (e.g., `I\hbox'). Otherwise just continue,
and I'll forget about whatever was undefined.

! Undefined control sequence.
\estrella ->{\color {Goldenrod}\faStarSolid 
                                            }
l.737 \begin{ejercicio}{Ejercicio \ej}{\nivel{3}}
                                                 
The control sequence at the end of the top line
of your error message was never \def'ed. If you have
misspelled it (e.g., `\hobx'), type `I' and the correct
spelling (e.g., `I\hbox'). Otherwise just continue,
and I'll forget about whatever was undefined.

! Undefined control sequence.
\estrella ->{\color {Goldenrod}\faStarSolid 
                                            }
l.737 \begin{ejercicio}{Ejercicio \ej}{\nivel{3}}
                                                 
The control sequence at the end of the top line
of your error message was never \def'ed. If you have
misspelled it (e.g., `\hobx'), type `I' and the correct
spelling (e.g., `I\hbox'). Otherwise just continue,
and I'll forget about whatever was undefined.

Missing character: There is no — (U+2014) in font ec-lmri10!
Missing character: There is no — (U+2014) in font ec-lmri10!
[12
Missing character: There is no — (U+2014) in font ec-lmri10!
Missing character: There is no — (U+2014) in font ec-lmbx12!
]
Missing character: There is no — (U+2014) in font ec-lmbx12!
Missing character: There is no — (U+2014) in font ec-lmbx12!
! Undefined control sequence.
\estrella ->{\color {Goldenrod}\faStarSolid 
                                            }
l.761 \begin{ejercicio}{Ejercicio \ej}{\nivel{2}}
                                                 
The control sequence at the end of the top line
of your error message was never \def'ed. If you have
misspelled it (e.g., `\hobx'), type `I' and the correct
spelling (e.g., `I\hbox'). Otherwise just continue,
and I'll forget about whatever was undefined.

! Undefined control sequence.
\estrella ->{\color {Goldenrod}\faStarSolid 
                                            }
l.761 \begin{ejercicio}{Ejercicio \ej}{\nivel{2}}
                                                 
The control sequence at the end of the top line
of your error message was never \def'ed. If you have
misspelled it (e.g., `\hobx'), type `I' and the correct
spelling (e.g., `I\hbox'). Otherwise just continue,
and I'll forget about whatever was undefined.

! Undefined control sequence.
\estrellavacia ->{\color {gray!45}\faStarSolid 
                                               }
l.761 \begin{ejercicio}{Ejercicio \ej}{\nivel{2}}
                                                 
The control sequence at the end of the top line
of your error message was never \def'ed. If you have
misspelled it (e.g., `\hobx'), type `I' and the correct
spelling (e.g., `I\hbox'). Otherwise just continue,
and I'll forget about whatever was undefined.

! Undefined control sequence.
\estrella ->{\color {Goldenrod}\faStarSolid 
                                            }
l.774 \begin{ejercicio}{Ejercicio \ej}{\nivel{3}}
                                                 
The control sequence at the end of the top line
of your error message was never \def'ed. If you have
misspelled it (e.g., `\hobx'), type `I' and the correct
spelling (e.g., `I\hbox'). Otherwise just continue,
and I'll forget about whatever was undefined.

! Undefined control sequence.
\estrella ->{\color {Goldenrod}\faStarSolid 
                                            }
l.774 \begin{ejercicio}{Ejercicio \ej}{\nivel{3}}
                                                 
The control sequence at the end of the top line
of your error message was never \def'ed. If you have
misspelled it (e.g., `\hobx'), type `I' and the correct
spelling (e.g., `I\hbox'). Otherwise just continue,
and I'll forget about whatever was undefined.

! Undefined control sequence.
\estrella ->{\color {Goldenrod}\faStarSolid 
                                            }
l.774 \begin{ejercicio}{Ejercicio \ej}{\nivel{3}}
                                                 
The control sequence at the end of the top line
of your error message was never \def'ed. If you have
misspelled it (e.g., `\hobx'), type `I' and the correct
spelling (e.g., `I\hbox'). Otherwise just continue,
and I'll forget about whatever was undefined.

Missing character: There is no — (U+2014) in font ec-lmbx12!
Missing character: There is no — (U+2014) in font ec-lmbx12!
! Undefined control sequence.
\estrella ->{\color {Goldenrod}\faStarSolid 
                                            }
l.791 \begin{ejercicio}{Ejercicio \ej}{\nivel{3}}
                                                 
The control sequence at the end of the top line
of your error message was never \def'ed. If you have
misspelled it (e.g., `\hobx'), type `I' and the correct
spelling (e.g., `I\hbox'). Otherwise just continue,
and I'll forget about whatever was undefined.

! Undefined control sequence.
\estrella ->{\color {Goldenrod}\faStarSolid 
                                            }
l.791 \begin{ejercicio}{Ejercicio \ej}{\nivel{3}}
                                                 
The control sequence at the end of the top line
of your error message was never \def'ed. If you have
misspelled it (e.g., `\hobx'), type `I' and the correct
spelling (e.g., `I\hbox'). Otherwise just continue,
and I'll forget about whatever was undefined.

! Undefined control sequence.
\estrella ->{\color {Goldenrod}\faStarSolid 
                                            }
l.791 \begin{ejercicio}{Ejercicio \ej}{\nivel{3}}
                                                 
The control sequence at the end of the top line
of your error message was never \def'ed. If you have
misspelled it (e.g., `\hobx'), type `I' and the correct
spelling (e.g., `I\hbox'). Otherwise just continue,
and I'll forget about whatever was undefined.

Missing character: There is no — (U+2014) in font ec-lmri10!
Missing character: There is no — (U+2014) in font ec-lmri10!
[13
Missing character: There is no — (U+2014) in font ec-lmri10!
Missing character: There is no — (U+2014) in font ec-lmbx12!
Missing character: There is no — (U+2014) in font ec-lmbx12!
]
Underfull \hbox (badness 10000) in paragraph at lines 825--827
[]\T1/lmr/m/it/10.95 Ta-blas: \T1/lmtt/m/it/10.95 cliente\T1/lmr/m/it/10.95 , \
T1/lmtt/m/it/10.95 comercial \T1/lmr/m/it/10.95 y \T1/lmtt/m/it/10.95 pedido(id,
 total, fecha, id_cliente,
 []

Missing character: There is no — (U+2014) in font ec-lmbx12!
Missing character: There is no — (U+2014) in font ec-lmbx12!
! Undefined control sequence.
\estrella ->{\color {Goldenrod}\faStarSolid 
                                            }
l.833 \begin{ejercicio}{Ejercicio \ej}{\nivel{1}}
                                                 
The control sequence at the end of the top line
of your error message was never \def'ed. If you have
misspelled it (e.g., `\hobx'), type `I' and the correct
spelling (e.g., `I\hbox'). Otherwise just continue,
and I'll forget about whatever was undefined.

! Undefined control sequence.
\estrellavacia ->{\color {gray!45}\faStarSolid 
                                               }
l.833 \begin{ejercicio}{Ejercicio \ej}{\nivel{1}}
                                                 
The control sequence at the end of the top line
of your error message was never \def'ed. If you have
misspelled it (e.g., `\hobx'), type `I' and the correct
spelling (e.g., `I\hbox'). Otherwise just continue,
and I'll forget about whatever was undefined.

! Undefined control sequence.
\estrellavacia ->{\color {gray!45}\faStarSolid 
                                               }
l.833 \begin{ejercicio}{Ejercicio \ej}{\nivel{1}}
                                                 
The control sequence at the end of the top line
of your error message was never \def'ed. If you have
misspelled it (e.g., `\hobx'), type `I' and the correct
spelling (e.g., `I\hbox'). Otherwise just continue,
and I'll forget about whatever was undefined.

Missing character: There is no € (U+20AC) in font ec-lmbx12!
Missing character: There is no € (U+20AC) in font ec-lmbx12!
! Undefined control sequence.
\estrella ->{\color {Goldenrod}\faStarSolid 
                                            }
l.857 \begin{ejercicio}{Ejercicio \ej}{\nivel{2}}
                                                 
The control sequence at the end of the top line
of your error message was never \def'ed. If you have
misspelled it (e.g., `\hobx'), type `I' and the correct
spelling (e.g., `I\hbox'). Otherwise just continue,
and I'll forget about whatever was undefined.

! Undefined control sequence.
\estrella ->{\color {Goldenrod}\faStarSolid 
                                            }
l.857 \begin{ejercicio}{Ejercicio \ej}{\nivel{2}}
                                                 
The control sequence at the end of the top line
of your error message was never \def'ed. If you have
misspelled it (e.g., `\hobx'), type `I' and the correct
spelling (e.g., `I\hbox'). Otherwise just continue,
and I'll forget about whatever was undefined.

! Undefined control sequence.
\estrellavacia ->{\color {gray!45}\faStarSolid 
                                               }
l.857 \begin{ejercicio}{Ejercicio \ej}{\nivel{2}}
                                                 
The control sequence at the end of the top line
of your error message was never \def'ed. If you have
misspelled it (e.g., `\hobx'), type `I' and the correct
spelling (e.g., `I\hbox'). Otherwise just continue,
and I'll forget about whatever was undefined.

Missing character: There is no — (U+2014) in font ec-lmri10!
Missing character: There is no — (U+2014) in font ec-lmri10!
[14
Missing character: There is no — (U+2014) in font ec-lmri10!
Missing character: There is no — (U+2014) in font ec-lmbx12!
Missing character: There is no € (U+20AC) in font ec-lmbx12!
]
Missing character: There is no — (U+2014) in font ec-lmbx12!
Missing character: There is no — (U+2014) in font ec-lmbx12!
! Undefined control sequence.
\estrella ->{\color {Goldenrod}\faStarSolid 
                                            }
l.890 \begin{ejercicio}{Ejercicio \ej}{\nivel{1}}
                                                 
The control sequence at the end of the top line
of your error message was never \def'ed. If you have
misspelled it (e.g., `\hobx'), type `I' and the correct
spelling (e.g., `I\hbox'). Otherwise just continue,
and I'll forget about whatever was undefined.

! Undefined control sequence.
\estrellavacia ->{\color {gray!45}\faStarSolid 
                                               }
l.890 \begin{ejercicio}{Ejercicio \ej}{\nivel{1}}
                                                 
The control sequence at the end of the top line
of your error message was never \def'ed. If you have
misspelled it (e.g., `\hobx'), type `I' and the correct
spelling (e.g., `I\hbox'). Otherwise just continue,
and I'll forget about whatever was undefined.

! Undefined control sequence.
\estrellavacia ->{\color {gray!45}\faStarSolid 
                                               }
l.890 \begin{ejercicio}{Ejercicio \ej}{\nivel{1}}
                                                 
The control sequence at the end of the top line
of your error message was never \def'ed. If you have
misspelled it (e.g., `\hobx'), type `I' and the correct
spelling (e.g., `I\hbox'). Otherwise just continue,
and I'll forget about whatever was undefined.

! Undefined control sequence.
\estrella ->{\color {Goldenrod}\faStarSolid 
                                            }
l.901 \begin{ejercicio}{Ejercicio \ej}{\nivel{2}}
                                                 
The control sequence at the end of the top line
of your error message was never \def'ed. If you have
misspelled it (e.g., `\hobx'), type `I' and the correct
spelling (e.g., `I\hbox'). Otherwise just continue,
and I'll forget about whatever was undefined.

! Undefined control sequence.
\estrella ->{\color {Goldenrod}\faStarSolid 
                                            }
l.901 \begin{ejercicio}{Ejercicio \ej}{\nivel{2}}
                                                 
The control sequence at the end of the top line
of your error message was never \def'ed. If you have
misspelled it (e.g., `\hobx'), type `I' and the correct
spelling (e.g., `I\hbox'). Otherwise just continue,
and I'll forget about whatever was undefined.

! Undefined control sequence.
\estrellavacia ->{\color {gray!45}\faStarSolid 
                                               }
l.901 \begin{ejercicio}{Ejercicio \ej}{\nivel{2}}
                                                 
The control sequence at the end of the top line
of your error message was never \def'ed. If you have
misspelled it (e.g., `\hobx'), type `I' and the correct
spelling (e.g., `I\hbox'). Otherwise just continue,
and I'll forget about whatever was undefined.

Missing character: There is no — (U+2014) in font ec-lmbx12!
Missing character: There is no — (U+2014) in font ec-lmbx12!
! Undefined control sequence.
\estrella ->{\color {Goldenrod}\faStarSolid 
                                            }
l.916 \begin{ejercicio}{Ejercicio \ej}{\nivel{2}}
                                                 
The control sequence at the end of the top line
of your error message was never \def'ed. If you have
misspelled it (e.g., `\hobx'), type `I' and the correct
spelling (e.g., `I\hbox'). Otherwise just continue,
and I'll forget about whatever was undefined.

! Undefined control sequence.
\estrella ->{\color {Goldenrod}\faStarSolid 
                                            }
l.916 \begin{ejercicio}{Ejercicio \ej}{\nivel{2}}
                                                 
The control sequence at the end of the top line
of your error message was never \def'ed. If you have
misspelled it (e.g., `\hobx'), type `I' and the correct
spelling (e.g., `I\hbox'). Otherwise just continue,
and I'll forget about whatever was undefined.

! Undefined control sequence.
\estrellavacia ->{\color {gray!45}\faStarSolid 
                                               }
l.916 \begin{ejercicio}{Ejercicio \ej}{\nivel{2}}
                                                 
The control sequence at the end of the top line
of your error message was never \def'ed. If you have
misspelled it (e.g., `\hobx'), type `I' and the correct
spelling (e.g., `I\hbox'). Otherwise just continue,
and I'll forget about whatever was undefined.

! Undefined control sequence.
\estrella ->{\color {Goldenrod}\faStarSolid 
                                            }
l.928 \begin{ejercicio}{Ejercicio \ej}{\nivel{3}}
                                                 
The control sequence at the end of the top line
of your error message was never \def'ed. If you have
misspelled it (e.g., `\hobx'), type `I' and the correct
spelling (e.g., `I\hbox'). Otherwise just continue,
and I'll forget about whatever was undefined.

! Undefined control sequence.
\estrella ->{\color {Goldenrod}\faStarSolid 
                                            }
l.928 \begin{ejercicio}{Ejercicio \ej}{\nivel{3}}
                                                 
The control sequence at the end of the top line
of your error message was never \def'ed. If you have
misspelled it (e.g., `\hobx'), type `I' and the correct
spelling (e.g., `I\hbox'). Otherwise just continue,
and I'll forget about whatever was undefined.

! Undefined control sequence.
\estrella ->{\color {Goldenrod}\faStarSolid 
                                            }
l.928 \begin{ejercicio}{Ejercicio \ej}{\nivel{3}}
                                                 
The control sequence at the end of the top line
of your error message was never \def'ed. If you have
misspelled it (e.g., `\hobx'), type `I' and the correct
spelling (e.g., `I\hbox'). Otherwise just continue,
and I'll forget about whatever was undefined.

Missing character: There is no — (U+2014) in font ec-lmri10!
Missing character: There is no — (U+2014) in font ec-lmri10!
[15
Missing character: There is no — (U+2014) in font ec-lmri10!
Missing character: There is no — (U+2014) in font ec-lmbx12!
Missing character: There is no — (U+2014) in font ec-lmbx12!
]
Missing character: There is no — (U+2014) in font ec-lmbx12!
Missing character: There is no — (U+2014) in font ec-lmbx12!
! Undefined control sequence.
\estrella ->{\color {Goldenrod}\faStarSolid 
                                            }
l.949 \begin{ejercicio}{Ejercicio \ej}{\nivel{2}}
                                                 
The control sequence at the end of the top line
of your error message was never \def'ed. If you have
misspelled it (e.g., `\hobx'), type `I' and the correct
spelling (e.g., `I\hbox'). Otherwise just continue,
and I'll forget about whatever was undefined.

! Undefined control sequence.
\estrella ->{\color {Goldenrod}\faStarSolid 
                                            }
l.949 \begin{ejercicio}{Ejercicio \ej}{\nivel{2}}
                                                 
The control sequence at the end of the top line
of your error message was never \def'ed. If you have
misspelled it (e.g., `\hobx'), type `I' and the correct
spelling (e.g., `I\hbox'). Otherwise just continue,
and I'll forget about whatever was undefined.

! Undefined control sequence.
\estrellavacia ->{\color {gray!45}\faStarSolid 
                                               }
l.949 \begin{ejercicio}{Ejercicio \ej}{\nivel{2}}
                                                 
The control sequence at the end of the top line
of your error message was never \def'ed. If you have
misspelled it (e.g., `\hobx'), type `I' and the correct
spelling (e.g., `I\hbox'). Otherwise just continue,
and I'll forget about whatever was undefined.

! Undefined control sequence.
\estrella ->{\color {Goldenrod}\faStarSolid 
                                            }
l.975 \begin{ejercicio}{Ejercicio \ej}{\nivel{3}}
                                                 
The control sequence at the end of the top line
of your error message was never \def'ed. If you have
misspelled it (e.g., `\hobx'), type `I' and the correct
spelling (e.g., `I\hbox'). Otherwise just continue,
and I'll forget about whatever was undefined.

! Undefined control sequence.
\estrella ->{\color {Goldenrod}\faStarSolid 
                                            }
l.975 \begin{ejercicio}{Ejercicio \ej}{\nivel{3}}
                                                 
The control sequence at the end of the top line
of your error message was never \def'ed. If you have
misspelled it (e.g., `\hobx'), type `I' and the correct
spelling (e.g., `I\hbox'). Otherwise just continue,
and I'll forget about whatever was undefined.

! Undefined control sequence.
\estrella ->{\color {Goldenrod}\faStarSolid 
                                            }
l.975 \begin{ejercicio}{Ejercicio \ej}{\nivel{3}}
                                                 
The control sequence at the end of the top line
of your error message was never \def'ed. If you have
misspelled it (e.g., `\hobx'), type `I' and the correct
spelling (e.g., `I\hbox'). Otherwise just continue,
and I'll forget about whatever was undefined.

Missing character: There is no — (U+2014) in font ec-lmri10!
Missing character: There is no — (U+2014) in font ec-lmri10!
[16
Missing character: There is no — (U+2014) in font ec-lmri10!
Missing character: There is no — (U+2014) in font ec-lmbx12!
]
! Undefined control sequence.
\estrella ->{\color {Goldenrod}\faStarSolid 
                                            }
l.1022 \begin{ejercicio}{Ejercicio \ej}{\nivel{3}}
                                                  
The control sequence at the end of the top line
of your error message was never \def'ed. If you have
misspelled it (e.g., `\hobx'), type `I' and the correct
spelling (e.g., `I\hbox'). Otherwise just continue,
and I'll forget about whatever was undefined.

! Undefined control sequence.
\estrella ->{\color {Goldenrod}\faStarSolid 
                                            }
l.1022 \begin{ejercicio}{Ejercicio \ej}{\nivel{3}}
                                                  
The control sequence at the end of the top line
of your error message was never \def'ed. If you have
misspelled it (e.g., `\hobx'), type `I' and the correct
spelling (e.g., `I\hbox'). Otherwise just continue,
and I'll forget about whatever was undefined.

! Undefined control sequence.
\estrella ->{\color {Goldenrod}\faStarSolid 
                                            }
l.1022 \begin{ejercicio}{Ejercicio \ej}{\nivel{3}}
                                                  
The control sequence at the end of the top line
of your error message was never \def'ed. If you have
misspelled it (e.g., `\hobx'), type `I' and the correct
spelling (e.g., `I\hbox'). Otherwise just continue,
and I'll forget about whatever was undefined.

! Undefined control sequence.
\estrella ->{\color {Goldenrod}\faStarSolid 
                                            }
l.1054 \begin{ejercicio}{Ejercicio \ej}{\nivel{1}}
                                                  
The control sequence at the end of the top line
of your error message was never \def'ed. If you have
misspelled it (e.g., `\hobx'), type `I' and the correct
spelling (e.g., `I\hbox'). Otherwise just continue,
and I'll forget about whatever was undefined.

! Undefined control sequence.
\estrellavacia ->{\color {gray!45}\faStarSolid 
                                               }
l.1054 \begin{ejercicio}{Ejercicio \ej}{\nivel{1}}
                                                  
The control sequence at the end of the top line
of your error message was never \def'ed. If you have
misspelled it (e.g., `\hobx'), type `I' and the correct
spelling (e.g., `I\hbox'). Otherwise just continue,
and I'll forget about whatever was undefined.

! Undefined control sequence.
\estrellavacia ->{\color {gray!45}\faStarSolid 
                                               }
l.1054 \begin{ejercicio}{Ejercicio \ej}{\nivel{1}}
                                                  
The control sequence at the end of the top line
of your error message was never \def'ed. If you have
misspelled it (e.g., `\hobx'), type `I' and the correct
spelling (e.g., `I\hbox'). Otherwise just continue,
and I'll forget about whatever was undefined.

Missing character: There is no — (U+2014) in font ec-lmri10!
Missing character: There is no — (U+2014) in font ec-lmri10!
[17
Missing character: There is no — (U+2014) in font ec-lmri10!
]
! Undefined control sequence.
\estrella ->{\color {Goldenrod}\faStarSolid 
                                            }
l.1075 \begin{ejercicio}{Ejercicio \ej}{\nivel{2}}
                                                  
The control sequence at the end of the top line
of your error message was never \def'ed. If you have
misspelled it (e.g., `\hobx'), type `I' and the correct
spelling (e.g., `I\hbox'). Otherwise just continue,
and I'll forget about whatever was undefined.

! Undefined control sequence.
\estrella ->{\color {Goldenrod}\faStarSolid 
                                            }
l.1075 \begin{ejercicio}{Ejercicio \ej}{\nivel{2}}
                                                  
The control sequence at the end of the top line
of your error message was never \def'ed. If you have
misspelled it (e.g., `\hobx'), type `I' and the correct
spelling (e.g., `I\hbox'). Otherwise just continue,
and I'll forget about whatever was undefined.

! Undefined control sequence.
\estrellavacia ->{\color {gray!45}\faStarSolid 
                                               }
l.1075 \begin{ejercicio}{Ejercicio \ej}{\nivel{2}}
                                                  
The control sequence at the end of the top line
of your error message was never \def'ed. If you have
misspelled it (e.g., `\hobx'), type `I' and the correct
spelling (e.g., `I\hbox'). Otherwise just continue,
and I'll forget about whatever was undefined.

! Undefined control sequence.
\estrella ->{\color {Goldenrod}\faStarSolid 
                                            }
l.1096 \begin{ejercicio}{Ejercicio \ej}{\nivel{2}}
                                                  
The control sequence at the end of the top line
of your error message was never \def'ed. If you have
misspelled it (e.g., `\hobx'), type `I' and the correct
spelling (e.g., `I\hbox'). Otherwise just continue,
and I'll forget about whatever was undefined.

! Undefined control sequence.
\estrella ->{\color {Goldenrod}\faStarSolid 
                                            }
l.1096 \begin{ejercicio}{Ejercicio \ej}{\nivel{2}}
                                                  
The control sequence at the end of the top line
of your error message was never \def'ed. If you have
misspelled it (e.g., `\hobx'), type `I' and the correct
spelling (e.g., `I\hbox'). Otherwise just continue,
and I'll forget about whatever was undefined.

! Undefined control sequence.
\estrellavacia ->{\color {gray!45}\faStarSolid 
                                               }
l.1096 \begin{ejercicio}{Ejercicio \ej}{\nivel{2}}
                                                  
The control sequence at the end of the top line
of your error message was never \def'ed. If you have
misspelled it (e.g., `\hobx'), type `I' and the correct
spelling (e.g., `I\hbox'). Otherwise just continue,
and I'll forget about whatever was undefined.

! Undefined control sequence.
\estrella ->{\color {Goldenrod}\faStarSolid 
                                            }
l.1121 \begin{ejercicio}{Ejercicio \ej}{\nivel{1}}
                                                  
The control sequence at the end of the top line
of your error message was never \def'ed. If you have
misspelled it (e.g., `\hobx'), type `I' and the correct
spelling (e.g., `I\hbox'). Otherwise just continue,
and I'll forget about whatever was undefined.

! Undefined control sequence.
\estrellavacia ->{\color {gray!45}\faStarSolid 
                                               }
l.1121 \begin{ejercicio}{Ejercicio \ej}{\nivel{1}}
                                                  
The control sequence at the end of the top line
of your error message was never \def'ed. If you have
misspelled it (e.g., `\hobx'), type `I' and the correct
spelling (e.g., `I\hbox'). Otherwise just continue,
and I'll forget about whatever was undefined.

! Undefined control sequence.
\estrellavacia ->{\color {gray!45}\faStarSolid 
                                               }
l.1121 \begin{ejercicio}{Ejercicio \ej}{\nivel{1}}
                                                  
The control sequence at the end of the top line
of your error message was never \def'ed. If you have
misspelled it (e.g., `\hobx'), type `I' and the correct
spelling (e.g., `I\hbox'). Otherwise just continue,
and I'll forget about whatever was undefined.

Missing character: There is no — (U+2014) in font ec-lmri10!
Missing character: There is no — (U+2014) in font ec-lmri10!
[18
Missing character: There is no — (U+2014) in font ec-lmri10!
]
Missing character: There is no — (U+2014) in font ec-lmri10!
Missing character: There is no — (U+2014) in font ec-lmri10!
[19
Missing character: There is no — (U+2014) in font ec-lmri10!
]
Missing character: There is no — (U+2014) in font ec-lmbx10!
Missing character: There is no — (U+2014) in font ec-lmbx10!
Missing character: There is no — (U+2014) in font ec-lmbx10!
Missing character: There is no — (U+2014) in font ec-lmbx10!
Missing character: There is no — (U+2014) in font ec-lmri10!
Missing character: There is no — (U+2014) in font ec-lmri10!
[20
Missing character: There is no — (U+2014) in font ec-lmri10!
Missing character: There is no — (U+2014) in font ec-lmbx10!
Missing character: There is no — (U+2014) in font ec-lmbx10!
Missing character: There is no — (U+2014) in font ec-lmbx10!
Missing character: There is no — (U+2014) in font ec-lmbx10!
]
Missing character: There is no — (U+2014) in font ec-lmbx10!
Missing character: There is no — (U+2014) in font ec-lmbx10!
Missing character: There is no — (U+2014) in font ec-lmbx12!
Missing character: There is no — (U+2014) in font ec-lmbx12!
Missing character: There is no — (U+2014) in font ec-lmbx10!
Missing character: There is no — (U+2014) in font ec-lmbx10!
Missing character: There is no — (U+2014) in font ec-lmbx12!
Missing character: There is no → (U+2192) in font ec-lmr12!
Missing character: There is no → (U+2192) in font ec-lmr12!
Missing character: There is no → (U+2192) in font ec-lmr12!
Missing character: There is no → (U+2192) in font ec-lmr12!
Missing character: There is no → (U+2192) in font ec-lmr12!
Missing character: There is no — (U+2014) in font ec-lmbx12!
Missing character: There is no → (U+2192) in font ec-lmr12!
Missing character: There is no → (U+2192) in font ec-lmr12!
Missing character: There is no → (U+2192) in font ec-lmr12!
Missing character: There is no → (U+2192) in font ec-lmr12!
Missing character: There is no — (U+2014) in font ec-lmbx12!
Missing character: There is no → (U+2192) in font ec-lmr12!
Missing character: There is no → (U+2192) in font ec-lmr12!
Missing character: There is no → (U+2192) in font ec-lmr12!
Missing character: There is no → (U+2192) in font ec-lmr12!
Missing character: There is no → (U+2192) in font ec-lmr12!
Missing character: There is no — (U+2014) in font ec-lmbx12!
Missing character: There is no → (U+2192) in font ec-lmr12!
Missing character: There is no → (U+2192) in font ec-lmr12!
Missing character: There is no → (U+2192) in font ec-lmr12!
Missing character: There is no → (U+2192) in font ec-lmr12!
Missing character: There is no → (U+2192) in font ec-lmr12!
Missing character: There is no — (U+2014) in font ec-lmbx12!
Missing character: There is no → (U+2192) in font ec-lmr12!
Missing character: There is no → (U+2192) in font ec-lmr12!
Missing character: There is no → (U+2192) in font ec-lmr12!
Missing character: There is no — (U+2014) in font ec-lmbx12!
Missing character: There is no → (U+2192) in font ec-lmr12!
Missing character: There is no → (U+2192) in font ec-lmr12!
Missing character: There is no → (U+2192) in font ec-lmr12!
Missing character: There is no → (U+2192) in font ec-lmr12!
Missing character: There is no → (U+2192) in font ec-lmr12!
Missing character: There is no — (U+2014) in font ec-lmbx12!
Missing character: There is no → (U+2192) in font ec-lmr12!
Missing character: There is no → (U+2192) in font ec-lmr12!
Missing character: There is no → (U+2192) in font ec-lmr12!
Missing character: There is no → (U+2192) in font ec-lmr12!
Missing character: There is no → (U+2192) in font ec-lmr12!
Missing character: There is no — (U+2014) in font ec-lmbx12!
Missing character: There is no → (U+2192) in font ec-lmr12!
Missing character: There is no → (U+2192) in font ec-lmr12!
Missing character: There is no → (U+2192) in font ec-lmr12!
Missing character: There is no → (U+2192) in font ec-lmr12!
Missing character: There is no — (U+2014) in font ec-lmbx12!
Missing character: There is no → (U+2192) in font ec-lmr12!
Missing character: There is no → (U+2192) in font ec-lmr12!
Missing character: There is no → (U+2192) in font ec-lmr12!
Missing character: There is no → (U+2192) in font ec-lmr12!
Missing character: There is no → (U+2192) in font ec-lmr12!
Missing character: There is no — (U+2014) in font ec-lmbx10!
Missing character: There is no — (U+2014) in font ec-lmbx10!
Missing character: There is no — (U+2014) in font ec-lmr12!
Missing character: There is no — (U+2014) in font ec-lmr12!
Missing character: There is no — (U+2014) in font ec-lmr12!
Missing character: There is no — (U+2014) in font ec-lmr12!
Missing character: There is no — (U+2014) in font ec-lmr12!
Missing character: There is no — (U+2014) in font ec-lmr12!
Missing character: There is no — (U+2014) in font ec-lmr12!
Missing character: There is no — (U+2014) in font ec-lmr12!
Missing character: There is no — (U+2014) in font ec-lmr12!
Missing character: There is no — (U+2014) in font ec-lmr12!
Missing character: There is no — (U+2014) in font ec-lmr12!
Missing character: There is no — (U+2014) in font ec-lmr12!
Missing character: There is no — (U+2014) in font ec-lmr12!
Missing character: There is no — (U+2014) in font ec-lmr12!
Missing character: There is no — (U+2014) in font ec-lmr12!
Missing character: There is no — (U+2014) in font ec-lmr12!
Missing character: There is no — (U+2014) in font ec-lmri10!
Missing character: There is no — (U+2014) in font ec-lmri10!
[21
Missing character: There is no — (U+2014) in font ec-lmri10!
Missing character: There is no — (U+2014) in font ec-lmbx10!
Missing character: There is no — (U+2014) in font ec-lmbx10!
Missing character: There is no — (U+2014) in font ec-lmbx12!
Missing character: There is no — (U+2014) in font ec-lmbx10!
Missing character: There is no — (U+2014) in font ec-lmbx10!
Missing character: There is no — (U+2014) in font ec-lmbx12!
Missing character: There is no → (U+2192) in font ec-lmr12!
Missing character: There is no → (U+2192) in font ec-lmr12!
Missing character: There is no → (U+2192) in font ec-lmr12!
Missing character: There is no → (U+2192) in font ec-lmr12!
Missing character: There is no → (U+2192) in font ec-lmr12!
Missing character: There is no — (U+2014) in font ec-lmbx12!
Missing character: There is no → (U+2192) in font ec-lmr12!
Missing character: There is no → (U+2192) in font ec-lmr12!
Missing character: There is no → (U+2192) in font ec-lmr12!
Missing character: There is no → (U+2192) in font ec-lmr12!
Missing character: There is no → (U+2192) in font ec-lmr12!
Missing character: There is no — (U+2014) in font ec-lmbx12!
Missing character: There is no → (U+2192) in font ec-lmr12!
Missing character: There is no → (U+2192) in font ec-lmr12!
Missing character: There is no → (U+2192) in font ec-lmr12!
Missing character: There is no → (U+2192) in font ec-lmr12!
Missing character: There is no → (U+2192) in font ec-lmr12!
Missing character: There is no — (U+2014) in font ec-lmbx10!
Missing character: There is no — (U+2014) in font ec-lmbx10!
Missing character: There is no — (U+2014) in font ec-lmr12!
Missing character: There is no — (U+2014) in font ec-lmr12!
Missing character: There is no — (U+2014) in font ec-lmr12!
Missing character: There is no — (U+2014) in font ec-lmr12!
]
Missing character: There is no — (U+2014) in font ec-lmri10!
Missing character: There is no — (U+2014) in font ec-lmri10!
[22
Missing character: There is no — (U+2014) in font ec-lmri10!
Missing character: There is no — (U+2014) in font ec-lmr12!
Missing character: There is no — (U+2014) in font ec-lmr12!
Missing character: There is no — (U+2014) in font ec-lmr12!
Missing character: There is no — (U+2014) in font ec-lmr12!
] (./ejercicio2.aux
LaTeX Info: Redefining \. on input line 7.
LaTeX Info: Redefining \% on input line 7.
)
 ***********
LaTeX2e <2025-11-01>
L3 programming layer <2026-01-19>
 ***********
Package rerunfilecheck Info: File `ejercicio2.out' has not changed.
(rerunfilecheck)             Checksum: 8E8DB4345E02FBD535CEE3E08D020CA6;5507.
)

Here is how much of LuaTeX's memory you used:
 34351 strings out of 476076
 477819,1144653 words of node,token memory allocated
 569 words of node memory still in use:
   5 hlist, 1 vlist, 1 rule, 1 local_par, 6 glue, 4 kern, 1 penalty, 1 margin_ke
rn, 3 glyph, 19 attribute, 56 glue_spec, 10 attribute_list, 2 write nodes
   avail lists: 1:5,2:10970,3:2121,4:9396,5:7733,6:148,7:13200,8:3,9:19498,10:28
,11:909
 55624 multiletter control sequences out of 65536+600000
 49 fonts using 3436471 bytes
 116i,13n,114p,1006b,1537s stack positions out of 10000i,1000n,20000p,200000b,200000s
{/usr/share/texmf-dist/fonts/enc/dvips/lm/lm-mathsy.enc}{/usr/share/texmf-dist/f
onts/enc/dvips/lm/lm-ec.enc}</usr/share/texmf-dist/fonts/type1/public/lm/lmbx10.
pfb></usr/share/texmf-dist/fonts/type1/public/lm/lmbx12.pfb></usr/share/texmf-di
st/fonts/type1/public/lm/lmbxi10.pfb></usr/share/texmf-dist/fonts/type1/public/l
m/lmcsc10.pfb></usr/share/texmf-dist/fonts/type1/public/lm/lmr10.pfb></usr/share
/texmf-dist/fonts/type1/public/lm/lmr12.pfb></usr/share/texmf-dist/fonts/type1/p
ublic/lm/lmr6.pfb></usr/share/texmf-dist/fonts/type1/public/lm/lmri10.pfb></usr/
share/texmf-dist/fonts/type1/public/lm/lmri12.pfb></usr/share/texmf-dist/fonts/t
ype1/public/lm/lmsy10.pfb></usr/share/texmf-dist/fonts/type1/public/lm/lmtk10.pf
b></usr/share/texmf-dist/fonts/type1/public/lm/lmtt10.pfb></usr/share/texmf-dist
/fonts/type1/public/lm/lmtt12.pfb></usr/share/texmf-dist/fonts/type1/public/lm/l
mtti10.pfb>
Output written on ejercicio2.pdf (22 pages, 405972 bytes).

PDF statistics: 675 PDF objects out of 1000 (max. 8388607)
 630 compressed objects within 7 object streams
 426 named destinations out of 1000 (max. 1048576)
 192 words of extra memory for PDF output out of 10000 (max. 100000000)

