This is pdfTeX, Version 3.141592653-2.6-1.40.29 (TeX Live 2026/Arch Linux) (preloaded format=pdflatex 2026.6.2)  6 JUL 2026 18:01
entering extended mode
 restricted \write18 enabled.
 %&-line parsing enabled.
**beamer.tex
(./beamer.tex
LaTeX2e <2025-11-01>
L3 programming layer <2026-01-19>
(/usr/share/texmf-dist/tex/latex/beamer/beamer.cls
Document Class: beamer 2026/01/22 v3.77 A class for typesetting presentations
(/usr/share/texmf-dist/tex/latex/beamer/beamerbasemodes.sty
(/usr/share/texmf-dist/tex/latex/etoolbox/etoolbox.sty
Package: etoolbox 2025/10/02 v2.5m e-TeX tools for LaTeX (JAW)
\etb@tempcnta=\count275
)
\beamer@tempbox=\box53
\beamer@tempcount=\count276
\c@beamerpauses=\count277

(/usr/share/texmf-dist/tex/latex/beamer/beamerbasedecode.sty
\beamer@slideinframe=\count278
\beamer@minimum=\count279
\beamer@decode@box=\box54
)
\beamer@commentbox=\box55
\beamer@modecount=\count280
)
(/usr/share/texmf-dist/tex/generic/iftex/iftex.sty
Package: iftex 2024/12/12 v1.0g TeX engine tests
)
\headdp=\dimen148
\footheight=\dimen149
\sidebarheight=\dimen150
\beamer@tempdim=\dimen151
\beamer@finalheight=\dimen152
\beamer@animht=\dimen153
\beamer@animdp=\dimen154
\beamer@animwd=\dimen155
\beamer@leftmargin=\dimen156
\beamer@rightmargin=\dimen157
\beamer@leftsidebar=\dimen158
\beamer@rightsidebar=\dimen159
\beamer@boxsize=\dimen160
\beamer@vboxoffset=\dimen161
\beamer@descdefault=\dimen162
\beamer@descriptionwidth=\dimen163
\beamer@lastskip=\skip49
\beamer@areabox=\box56
\beamer@animcurrent=\box57
\beamer@animshowbox=\box58
\beamer@sectionbox=\box59
\beamer@logobox=\box60
\beamer@linebox=\box61
\beamer@sectioncount=\count281
\beamer@subsubsectionmax=\count282
\beamer@subsectionmax=\count283
\beamer@sectionmax=\count284
\beamer@totalheads=\count285
\beamer@headcounter=\count286
\beamer@partstartpage=\count287
\beamer@sectionstartpage=\count288
\beamer@subsectionstartpage=\count289
\beamer@animationtempa=\count290
\beamer@animationtempb=\count291
\beamer@xpos=\count292
\beamer@ypos=\count293
\beamer@ypos@offset=\count294
\beamer@showpartnumber=\count295
\beamer@currentsubsection=\count296
\beamer@coveringdepth=\count297
\beamer@sectionadjust=\count298
\beamer@toclastsection=\count299
\beamer@tocsectionnumber=\count300

(/usr/share/texmf-dist/tex/latex/beamer/beamerbaseoptions.sty
(/usr/share/texmf-dist/tex/latex/graphics/keyval.sty
Package: keyval 2022/05/29 v1.15 key=value parser (DPC)
\KV@toks@=\toks17
))
\beamer@paperwidth=\skip50
\beamer@paperheight=\skip51

(/usr/share/texmf-dist/tex/latex/geometry/geometry.sty
Package: geometry 2020/01/02 v5.9 Page Geometry

(/usr/share/texmf-dist/tex/generic/iftex/ifvtex.sty
Package: ifvtex 2019/10/25 v1.7 ifvtex legacy package. Use iftex instead.
)
\Gm@cnth=\count301
\Gm@cntv=\count302
\c@Gm@tempcnt=\count303
\Gm@bindingoffset=\dimen164
\Gm@wd@mp=\dimen165
\Gm@odd@mp=\dimen166
\Gm@even@mp=\dimen167
\Gm@layoutwidth=\dimen168
\Gm@layoutheight=\dimen169
\Gm@layouthoffset=\dimen170
\Gm@layoutvoffset=\dimen171
\Gm@dimlist=\toks18
)
(/usr/share/texmf-dist/tex/latex/pgf/math/pgfmath.sty
(/usr/share/texmf-dist/tex/latex/pgf/utilities/pgfrcs.sty
(/usr/share/texmf-dist/tex/generic/pgf/utilities/pgfutil-common.tex
\pgfutil@everybye=\toks19
\pgfutil@tempdima=\dimen172
\pgfutil@tempdimb=\dimen173
)
(/usr/share/texmf-dist/tex/generic/pgf/utilities/pgfutil-latex.def
\pgfutil@abb=\box62
)
(/usr/share/texmf-dist/tex/generic/pgf/utilities/pgfrcs.code.tex
(/usr/share/texmf-dist/tex/generic/pgf/pgf.revision.tex)
Package: pgfrcs 2025-08-29 v3.1.11a (3.1.11a)
))
(/usr/share/texmf-dist/tex/latex/pgf/utilities/pgfkeys.sty
(/usr/share/texmf-dist/tex/generic/pgf/utilities/pgfkeys.code.tex
\pgfkeys@pathtoks=\toks20
\pgfkeys@temptoks=\toks21

(/usr/share/texmf-dist/tex/generic/pgf/utilities/pgfkeyslibraryfiltered.code.te
x
\pgfkeys@tmptoks=\toks22
))) (/usr/share/texmf-dist/tex/generic/pgf/math/pgfmath.code.tex
(/usr/share/texmf-dist/tex/generic/pgf/math/pgfmathutil.code.tex
\pgf@x=\dimen174
\pgf@xa=\dimen175
\pgf@xb=\dimen176
\pgf@xc=\dimen177
\pgf@y=\dimen178
\pgf@ya=\dimen179
\pgf@yb=\dimen180
\pgf@yc=\dimen181
\c@pgf@counta=\count304
\c@pgf@countb=\count305
\c@pgf@countc=\count306
\c@pgf@countd=\count307
)
(/usr/share/texmf-dist/tex/generic/pgf/math/pgfmathparser.code.tex
\pgfmath@dimen=\dimen182
\pgfmath@count=\count308
\pgfmath@box=\box63
\pgfmath@toks=\toks23
\pgfmath@stack@operand=\toks24
\pgfmath@stack@operation=\toks25
)
(/usr/share/texmf-dist/tex/generic/pgf/math/pgfmathfunctions.code.tex)
(/usr/share/texmf-dist/tex/generic/pgf/math/pgfmathfunctions.basic.code.tex)
(/usr/share/texmf-dist/tex/generic/pgf/math/pgfmathfunctions.trigonometric.code
.tex)
(/usr/share/texmf-dist/tex/generic/pgf/math/pgfmathfunctions.random.code.tex)
(/usr/share/texmf-dist/tex/generic/pgf/math/pgfmathfunctions.comparison.code.te
x) (/usr/share/texmf-dist/tex/generic/pgf/math/pgfmathfunctions.base.code.tex)
(/usr/share/texmf-dist/tex/generic/pgf/math/pgfmathfunctions.round.code.tex)
(/usr/share/texmf-dist/tex/generic/pgf/math/pgfmathfunctions.misc.code.tex)
(/usr/share/texmf-dist/tex/generic/pgf/math/pgfmathfunctions.integerarithmetics
.code.tex) (/usr/share/texmf-dist/tex/generic/pgf/math/pgfmathcalc.code.tex)
(/usr/share/texmf-dist/tex/generic/pgf/math/pgfmathfloat.code.tex
\c@pgfmathroundto@lastzeros=\count309
)))
(/usr/share/texmf-dist/tex/latex/base/size12.clo
File: size12.clo 2025/01/22 v1.4n Standard LaTeX file (size option)
)
(/usr/share/texmf-dist/tex/latex/pgf/basiclayer/pgfcore.sty
(/usr/share/texmf-dist/tex/latex/graphics/graphicx.sty
Package: graphicx 2024/12/31 v1.2e Enhanced LaTeX Graphics (DPC,SPQR)

(/usr/share/texmf-dist/tex/latex/graphics/graphics.sty
Package: graphics 2024/08/06 v1.4g Standard LaTeX Graphics (DPC,SPQR)

(/usr/share/texmf-dist/tex/latex/graphics/trig.sty
Package: trig 2023/12/02 v1.11 sin cos tan (DPC)
)
(/usr/share/texmf-dist/tex/latex/graphics-cfg/graphics.cfg
File: graphics.cfg 2016/06/04 v1.11 sample graphics configuration
)
Package graphics Info: Driver file: pdftex.def on input line 106.

(/usr/share/texmf-dist/tex/latex/graphics-def/pdftex.def
File: pdftex.def 2025/09/29 v1.2d Graphics/color driver for pdftex
))
\Gin@req@height=\dimen183
\Gin@req@width=\dimen184
)
(/usr/share/texmf-dist/tex/latex/pgf/systemlayer/pgfsys.sty
(/usr/share/texmf-dist/tex/generic/pgf/systemlayer/pgfsys.code.tex
Package: pgfsys 2025-08-29 v3.1.11a (3.1.11a)
\pgf@x=\dimen185
\pgf@y=\dimen186
\pgf@xa=\dimen187
\pgf@ya=\dimen188
\pgf@xb=\dimen189
\pgf@yb=\dimen190
\pgf@xc=\dimen191
\pgf@yc=\dimen192
\pgf@xd=\dimen193
\pgf@yd=\dimen194
\w@pgf@writea=\write3
\r@pgf@reada=\read2
\c@pgf@counta=\count310
\c@pgf@countb=\count311
\c@pgf@countc=\count312
\c@pgf@countd=\count313
\t@pgf@toka=\toks26
\t@pgf@tokb=\toks27
\t@pgf@tokc=\toks28
\pgf@sys@id@count=\count314

(/usr/share/texmf-dist/tex/generic/pgf/systemlayer/pgf.cfg
File: pgf.cfg 2025-08-29 v3.1.11a (3.1.11a)
)
Driver file for pgf: pgfsys-pdftex.def

(/usr/share/texmf-dist/tex/generic/pgf/systemlayer/pgfsys-pdftex.def
File: pgfsys-pdftex.def 2025-08-29 v3.1.11a (3.1.11a)

(/usr/share/texmf-dist/tex/generic/pgf/systemlayer/pgfsys-common-pdf.def
File: pgfsys-common-pdf.def 2025-08-29 v3.1.11a (3.1.11a)
)))
(/usr/share/texmf-dist/tex/generic/pgf/systemlayer/pgfsyssoftpath.code.tex
File: pgfsyssoftpath.code.tex 2025-08-29 v3.1.11a (3.1.11a)
\pgfsyssoftpath@smallbuffer@items=\count315
\pgfsyssoftpath@bigbuffer@items=\count316
)
(/usr/share/texmf-dist/tex/generic/pgf/systemlayer/pgfsysprotocol.code.tex
File: pgfsysprotocol.code.tex 2025-08-29 v3.1.11a (3.1.11a)
))
(/usr/share/texmf-dist/tex/latex/xcolor/xcolor.sty
Package: xcolor 2024/09/29 v3.02 LaTeX color extensions (UK)

(/usr/share/texmf-dist/tex/latex/graphics-cfg/color.cfg
File: color.cfg 2016/01/02 v1.6 sample color configuration
)
Package xcolor Info: Driver file: pdftex.def on input line 274.

(/usr/share/texmf-dist/tex/latex/graphics/mathcolor.ltx)
Package xcolor Info: Model `cmy' substituted by `cmy0' on input line 1349.
Package xcolor Info: Model `hsb' substituted by `rgb' on input line 1353.
Package xcolor Info: Model `RGB' extended on input line 1365.
Package xcolor Info: Model `HTML' substituted by `rgb' on input line 1367.
Package xcolor Info: Model `Hsb' substituted by `hsb' on input line 1368.
Package xcolor Info: Model `tHsb' substituted by `hsb' on input line 1369.
Package xcolor Info: Model `HSB' substituted by `hsb' on input line 1370.
Package xcolor Info: Model `Gray' substituted by `gray' on input line 1371.
Package xcolor Info: Model `wave' substituted by `hsb' on input line 1372.
)
(/usr/share/texmf-dist/tex/generic/pgf/basiclayer/pgfcore.code.tex
Package: pgfcore 2025-08-29 v3.1.11a (3.1.11a)

(/usr/share/texmf-dist/tex/generic/pgf/math/pgfint.code.tex)
(/usr/share/texmf-dist/tex/generic/pgf/basiclayer/pgfcorepoints.code.tex
File: pgfcorepoints.code.tex 2025-08-29 v3.1.11a (3.1.11a)
\pgf@picminx=\dimen195
\pgf@picmaxx=\dimen196
\pgf@picminy=\dimen197
\pgf@picmaxy=\dimen198
\pgf@pathminx=\dimen199
\pgf@pathmaxx=\dimen256
\pgf@pathminy=\dimen257
\pgf@pathmaxy=\dimen258
\pgf@xx=\dimen259
\pgf@xy=\dimen260
\pgf@yx=\dimen261
\pgf@yy=\dimen262
\pgf@zx=\dimen263
\pgf@zy=\dimen264
)
(/usr/share/texmf-dist/tex/generic/pgf/basiclayer/pgfcorepathconstruct.code.tex
File: pgfcorepathconstruct.code.tex 2025-08-29 v3.1.11a (3.1.11a)
\pgf@path@lastx=\dimen265
\pgf@path@lasty=\dimen266
) (/usr/share/texmf-dist/tex/generic/pgf/basiclayer/pgfcorepathusage.code.tex
File: pgfcorepathusage.code.tex 2025-08-29 v3.1.11a (3.1.11a)
\pgf@shorten@end@additional=\dimen267
\pgf@shorten@start@additional=\dimen268
)
(/usr/share/texmf-dist/tex/generic/pgf/basiclayer/pgfcorescopes.code.tex
File: pgfcorescopes.code.tex 2025-08-29 v3.1.11a (3.1.11a)
\pgfpic=\box64
\pgf@hbox=\box65
\pgf@layerbox@main=\box66
\pgf@picture@serial@count=\count317
)
(/usr/share/texmf-dist/tex/generic/pgf/basiclayer/pgfcoregraphicstate.code.tex
File: pgfcoregraphicstate.code.tex 2025-08-29 v3.1.11a (3.1.11a)
\pgflinewidth=\dimen269
)
(/usr/share/texmf-dist/tex/generic/pgf/basiclayer/pgfcoretransformations.code.t
ex
File: pgfcoretransformations.code.tex 2025-08-29 v3.1.11a (3.1.11a)
\pgf@pt@x=\dimen270
\pgf@pt@y=\dimen271
\pgf@pt@temp=\dimen272
) (/usr/share/texmf-dist/tex/generic/pgf/basiclayer/pgfcorequick.code.tex
File: pgfcorequick.code.tex 2025-08-29 v3.1.11a (3.1.11a)
)
(/usr/share/texmf-dist/tex/generic/pgf/basiclayer/pgfcoreobjects.code.tex
File: pgfcoreobjects.code.tex 2025-08-29 v3.1.11a (3.1.11a)
)
(/usr/share/texmf-dist/tex/generic/pgf/basiclayer/pgfcorepathprocessing.code.te
x
File: pgfcorepathprocessing.code.tex 2025-08-29 v3.1.11a (3.1.11a)
) (/usr/share/texmf-dist/tex/generic/pgf/basiclayer/pgfcorearrows.code.tex
File: pgfcorearrows.code.tex 2025-08-29 v3.1.11a (3.1.11a)
\pgfarrowsep=\dimen273
)
(/usr/share/texmf-dist/tex/generic/pgf/basiclayer/pgfcoreshade.code.tex
File: pgfcoreshade.code.tex 2025-08-29 v3.1.11a (3.1.11a)
\pgf@max=\dimen274
\pgf@sys@shading@range@num=\count318
\pgf@shadingcount=\count319
)
(/usr/share/texmf-dist/tex/generic/pgf/basiclayer/pgfcoreimage.code.tex
File: pgfcoreimage.code.tex 2025-08-29 v3.1.11a (3.1.11a)
)
(/usr/share/texmf-dist/tex/generic/pgf/basiclayer/pgfcoreexternal.code.tex
File: pgfcoreexternal.code.tex 2025-08-29 v3.1.11a (3.1.11a)
\pgfexternal@startupbox=\box67
)
(/usr/share/texmf-dist/tex/generic/pgf/basiclayer/pgfcorelayers.code.tex
File: pgfcorelayers.code.tex 2025-08-29 v3.1.11a (3.1.11a)
)
(/usr/share/texmf-dist/tex/generic/pgf/basiclayer/pgfcoretransparency.code.tex
File: pgfcoretransparency.code.tex 2025-08-29 v3.1.11a (3.1.11a)
) (/usr/share/texmf-dist/tex/generic/pgf/basiclayer/pgfcorepatterns.code.tex
File: pgfcorepatterns.code.tex 2025-08-29 v3.1.11a (3.1.11a)
)
(/usr/share/texmf-dist/tex/generic/pgf/basiclayer/pgfcorerdf.code.tex
File: pgfcorerdf.code.tex 2025-08-29 v3.1.11a (3.1.11a)
)))
(/usr/share/texmf-dist/tex/latex/pgf/utilities/xxcolor.sty
Package: xxcolor 2003/10/24 ver 0.1
\XC@nummixins=\count320
\XC@countmixins=\count321
)
(/usr/share/texmf-dist/tex/latex/base/atbegshi-ltx.sty
Package: atbegshi-ltx 2021/01/10 v1.0c Emulation of the original atbegshi
package with kernel methods
)
(/usr/share/texmf-dist/tex/latex/hyperref/hyperref.sty
Package: hyperref 2026-01-29 v7.01p Hypertext links for LaTeX

(/usr/share/texmf-dist/tex/latex/kvsetkeys/kvsetkeys.sty
Package: kvsetkeys 2022-10-05 v1.19 Key value parser (HO)
)
(/usr/share/texmf-dist/tex/generic/kvdefinekeys/kvdefinekeys.sty
Package: kvdefinekeys 2019-12-19 v1.6 Define keys (HO)
)
(/usr/share/texmf-dist/tex/generic/pdfescape/pdfescape.sty
Package: pdfescape 2019/12/09 v1.15 Implements pdfTeX's escape features (HO)

(/usr/share/texmf-dist/tex/generic/ltxcmds/ltxcmds.sty
Package: ltxcmds 2023-12-04 v1.26 LaTeX kernel commands for general use (HO)
)
(/usr/share/texmf-dist/tex/generic/pdftexcmds/pdftexcmds.sty
Package: pdftexcmds 2020-06-27 v0.33 Utility functions of pdfTeX for LuaTeX (HO
)

(/usr/share/texmf-dist/tex/generic/infwarerr/infwarerr.sty
Package: infwarerr 2019/12/03 v1.5 Providing info/warning/error messages (HO)
)
Package pdftexcmds Info: \pdf@primitive is available.
Package pdftexcmds Info: \pdf@ifprimitive is available.
Package pdftexcmds Info: \pdfdraftmode found.
))
(/usr/share/texmf-dist/tex/latex/hycolor/hycolor.sty
Package: hycolor 2020-01-27 v1.10 Color options for hyperref/bookmark (HO)
)
(/usr/share/texmf-dist/tex/latex/hyperref/nameref.sty
Package: nameref 2026-01-29 v2.58 Cross-referencing by name of section

(/usr/share/texmf-dist/tex/latex/refcount/refcount.sty
Package: refcount 2019/12/15 v3.6 Data extraction from label references (HO)
)
(/usr/share/texmf-dist/tex/generic/gettitlestring/gettitlestring.sty
Package: gettitlestring 2019/12/15 v1.6 Cleanup title references (HO)

(/usr/share/texmf-dist/tex/latex/kvoptions/kvoptions.sty
Package: kvoptions 2022-06-15 v3.15 Key value format for package options (HO)
))
\c@section@level=\count322
)
(/usr/share/texmf-dist/tex/generic/stringenc/stringenc.sty
Package: stringenc 2019/11/29 v1.12 Convert strings between diff. encodings (HO
)
)
\@linkdim=\dimen275
\Hy@linkcounter=\count323
\Hy@pagecounter=\count324

(/usr/share/texmf-dist/tex/latex/hyperref/pd1enc.def
File: pd1enc.def 2026-01-29 v7.01p Hyperref: PDFDocEncoding definition (HO)
Now handling font encoding PD1 ...
... no UTF-8 mapping file for font encoding PD1
)
(/usr/share/texmf-dist/tex/generic/intcalc/intcalc.sty
Package: intcalc 2019/12/15 v1.3 Expandable calculations with integers (HO)
)
\Hy@SavedSpaceFactor=\count325

(/usr/share/texmf-dist/tex/latex/hyperref/puenc.def
File: puenc.def 2026-01-29 v7.01p Hyperref: PDF Unicode definition (HO)
Now handling font encoding PU ...
... no UTF-8 mapping file for font encoding PU
)
Package hyperref Info: Option `bookmarks' set `true' on input line 4072.
Package hyperref Info: Option `bookmarksopen' set `true' on input line 4072.
Package hyperref Info: Option `implicit' set `false' on input line 4072.
Package hyperref Info: Hyper figures OFF on input line 4201.
Package hyperref Info: Link nesting OFF on input line 4206.
Package hyperref Info: Hyper index ON on input line 4209.
Package hyperref Info: Plain pages OFF on input line 4216.
Package hyperref Info: Backreferencing OFF on input line 4221.
Package hyperref Info: Implicit mode OFF; no redefinition of LaTeX internals.
Package hyperref Info: Bookmarks ON on input line 4468.
\c@Hy@tempcnt=\count326

(/usr/share/texmf-dist/tex/latex/url/url.sty
\Urlmuskip=\muskip17
Package: url 2013/09/16  ver 3.4  Verb mode for urls, etc.
)
LaTeX Info: Redefining \url on input line 4807.
\XeTeXLinkMargin=\dimen276

(/usr/share/texmf-dist/tex/generic/bitset/bitset.sty
Package: bitset 2019/12/09 v1.3 Handle bit-vector datatype (HO)

(/usr/share/texmf-dist/tex/generic/bigintcalc/bigintcalc.sty
Package: bigintcalc 2019/12/15 v1.5 Expandable calculations on big integers (HO
)
))
\Fld@menulength=\count327
\Field@Width=\dimen277
\Fld@charsize=\dimen278
Package hyperref Info: Hyper figures OFF on input line 6084.
Package hyperref Info: Link nesting OFF on input line 6089.
Package hyperref Info: Hyper index ON on input line 6092.
Package hyperref Info: backreferencing OFF on input line 6099.
Package hyperref Info: Link coloring OFF on input line 6104.
Package hyperref Info: Link coloring with OCG OFF on input line 6109.
Package hyperref Info: PDF/A mode OFF on input line 6114.
\Hy@abspage=\count328


Package hyperref Message: Stopped early.

)
Package hyperref Info: Driver (autodetected): hpdftex.
 (/usr/share/texmf-dist/tex/latex/hyperref/hpdftex.def
File: hpdftex.def 2026-01-29 v7.01p Hyperref driver for pdfTeX
\Fld@listcount=\count329
\c@bookmark@seq@number=\count330

(/usr/share/texmf-dist/tex/latex/rerunfilecheck/rerunfilecheck.sty
Package: rerunfilecheck 2025-06-21 v1.11 Rerun checks for auxiliary files (HO)

(/usr/share/texmf-dist/tex/generic/uniquecounter/uniquecounter.sty
Package: uniquecounter 2019/12/15 v1.4 Provide unlimited unique counter (HO)
)
Package uniquecounter Info: New unique counter `rerunfilecheck' on input line 2
84.
))
(/usr/share/texmf-dist/tex/latex/beamer/beamerbaserequires.sty
(/usr/share/texmf-dist/tex/latex/beamer/beamerbasecompatibility.sty)
(/usr/share/texmf-dist/tex/latex/beamer/beamerbasefont.sty
(/usr/share/texmf-dist/tex/latex/amsfonts/amssymb.sty
Package: amssymb 2013/01/14 v3.01 AMS font symbols

(/usr/share/texmf-dist/tex/latex/amsfonts/amsfonts.sty
Package: amsfonts 2013/01/14 v3.01 Basic AMSFonts support
\@emptytoks=\toks29
\symAMSa=\mathgroup4
\symAMSb=\mathgroup5
LaTeX Font Info:    Redeclaring math symbol \hbar on input line 98.
LaTeX Font Info:    Overwriting math alphabet `\mathfrak' in version `bold'
(Font)                  U/euf/m/n --> U/euf/b/n on input line 106.
))
(/usr/share/texmf-dist/tex/latex/sansmathaccent/sansmathaccent.sty
Package: sansmathaccent 2020/01/31

(/usr/share/texmf-dist/tex/latex/koma-script/scrlfile.sty
Package: scrlfile 2026/02/02 v3.49.2 KOMA-Script package (file load hooks)

(/usr/share/texmf-dist/tex/latex/koma-script/scrlfile-hook.sty
Package: scrlfile-hook 2026/02/02 v3.49.2 KOMA-Script package (using LaTeX hook
s)

(/usr/share/texmf-dist/tex/latex/koma-script/scrlogo.sty
Package: scrlogo 2026/02/02 v3.49.2 KOMA-Script package (logo)
)))))
(/usr/share/texmf-dist/tex/latex/beamer/beamerbasetranslator.sty
(/usr/share/texmf-dist/tex/latex/translator/translator.sty
Package: translator 2021-05-31 v1.12d Easy translation of strings in LaTeX
))
(/usr/share/texmf-dist/tex/latex/beamer/beamerbasemisc.sty)
(/usr/share/texmf-dist/tex/latex/beamer/beamerbasetwoscreens.sty)
(/usr/share/texmf-dist/tex/latex/beamer/beamerbaseoverlay.sty
\beamer@argscount=\count331
\beamer@lastskipcover=\skip52
\beamer@trivlistdepth=\count332
)
(/usr/share/texmf-dist/tex/latex/beamer/beamerbasetitle.sty)
(/usr/share/texmf-dist/tex/latex/beamer/beamerbasesection.sty
\c@lecture=\count333
\c@part=\count334
\c@section=\count335
\c@subsection=\count336
\c@subsubsection=\count337
)
(/usr/share/texmf-dist/tex/latex/beamer/beamerbaseframe.sty
\beamer@framebox=\box68
\beamer@frametitlebox=\box69
\beamer@zoombox=\box70
\beamer@zoomcount=\count338
\beamer@zoomframecount=\count339
\beamer@frametextheight=\dimen279
\c@subsectionslide=\count340
\beamer@frametopskip=\skip53
\beamer@framebottomskip=\skip54
\beamer@frametopskipautobreak=\skip55
\beamer@framebottomskipautobreak=\skip56
\beamer@envbody=\toks30
\framewidth=\dimen280
\c@framenumber=\count341
)
(/usr/share/texmf-dist/tex/latex/beamer/beamerbaseverbatim.sty
\beamer@verbatimfileout=\write4
)
(/usr/share/texmf-dist/tex/latex/beamer/beamerbaseframesize.sty
\beamer@splitbox=\box71
\beamer@autobreakcount=\count342
\beamer@autobreaklastheight=\dimen281
\beamer@frametitletoks=\toks31
\beamer@framesubtitletoks=\toks32
)
(/usr/share/texmf-dist/tex/latex/beamer/beamerbaseframecomponents.sty
\beamer@colheight=\skip57
\beamer@footins=\box72
)
(/usr/share/texmf-dist/tex/latex/beamer/beamerbasecolor.sty)
(/usr/share/texmf-dist/tex/latex/beamer/beamerbasenotes.sty
\beamer@frameboxcopy=\box73
)
(/usr/share/texmf-dist/tex/latex/beamer/beamerbasetoc.sty)
(/usr/share/texmf-dist/tex/latex/beamer/beamerbasetemplates.sty
\beamer@sbttoks=\toks33

(/usr/share/texmf-dist/tex/latex/beamer/beamerbaseauxtemplates.sty
(/usr/share/texmf-dist/tex/latex/beamer/beamerbaseboxes.sty
\bmb@box=\box74
\bmb@colorbox=\box75
\bmb@boxwidth=\dimen282
\bmb@boxheight=\dimen283
\bmb@prevheight=\dimen284
\bmb@temp=\dimen285
\bmb@dima=\dimen286
\bmb@dimb=\dimen287
\bmb@prevheight=\dimen288
)
\beamer@blockheadheight=\dimen289
))
(/usr/share/texmf-dist/tex/latex/beamer/beamerbaselocalstructure.sty
(/usr/share/texmf-dist/tex/latex/tools/enumerate.sty
Package: enumerate 2023/07/04 v3.00 enumerate extensions (DPC)
\@enLab=\toks34
)
\beamer@bibiconwidth=\skip58
\c@figure=\count343
\c@table=\count344
\abovecaptionskip=\skip59
\belowcaptionskip=\skip60
)
(/usr/share/texmf-dist/tex/latex/beamer/beamerbasenavigation.sty
(/usr/share/texmf-dist/tex/latex/beamer/beamerbasenavigationsymbols.tex)
\beamer@section@min@dim=\dimen290
)
(/usr/share/texmf-dist/tex/latex/beamer/beamerbasetheorems.sty
(/usr/share/texmf-dist/tex/latex/amsmath/amsmath.sty
Package: amsmath 2025/07/09 v2.17z AMS math features
\@mathmargin=\skip61

For additional information on amsmath, use the `?' option.
(/usr/share/texmf-dist/tex/latex/amsmath/amstext.sty
Package: amstext 2024/11/17 v2.01 AMS text

(/usr/share/texmf-dist/tex/latex/amsmath/amsgen.sty
File: amsgen.sty 1999/11/30 v2.0 generic functions
\@emptytoks=\toks35
\ex@=\dimen291
))
(/usr/share/texmf-dist/tex/latex/amsmath/amsbsy.sty
Package: amsbsy 1999/11/29 v1.2d Bold Symbols
\pmbraise@=\dimen292
)
(/usr/share/texmf-dist/tex/latex/amsmath/amsopn.sty
Package: amsopn 2022/04/08 v2.04 operator names
)
\inf@bad=\count345
LaTeX Info: Redefining \frac on input line 233.
\uproot@=\count346
\leftroot@=\count347
LaTeX Info: Redefining \overline on input line 398.
LaTeX Info: Redefining \colon on input line 409.
\classnum@=\count348
\DOTSCASE@=\count349
LaTeX Info: Redefining \ldots on input line 495.
LaTeX Info: Redefining \dots on input line 498.
LaTeX Info: Redefining \cdots on input line 619.
\Mathstrutbox@=\box76
\strutbox@=\box77
LaTeX Info: Redefining \big on input line 721.
LaTeX Info: Redefining \Big on input line 722.
LaTeX Info: Redefining \bigg on input line 723.
LaTeX Info: Redefining \Bigg on input line 724.
\big@size=\dimen293
LaTeX Font Info:    Redeclaring font encoding OML on input line 742.
LaTeX Font Info:    Redeclaring font encoding OMS on input line 743.
\macc@depth=\count350
LaTeX Info: Redefining \bmod on input line 904.
LaTeX Info: Redefining \pmod on input line 909.
LaTeX Info: Redefining \smash on input line 939.
LaTeX Info: Redefining \relbar on input line 969.
LaTeX Info: Redefining \Relbar on input line 970.
\c@MaxMatrixCols=\count351
\dotsspace@=\muskip18
\c@parentequation=\count352
\dspbrk@lvl=\count353
\tag@help=\toks36
\row@=\count354
\column@=\count355
\maxfields@=\count356
\andhelp@=\toks37
\eqnshift@=\dimen294
\alignsep@=\dimen295
\tagshift@=\dimen296
\tagwidth@=\dimen297
\totwidth@=\dimen298
\lineht@=\dimen299
\@envbody=\toks38
\multlinegap=\skip62
\multlinetaggap=\skip63
\mathdisplay@stack=\toks39
LaTeX Info: Redefining \[ on input line 2950.
LaTeX Info: Redefining \] on input line 2951.
)
(/usr/share/texmf-dist/tex/latex/amscls/amsthm.sty
Package: amsthm 2020/05/29 v2.20.6
\thm@style=\toks40
\thm@bodyfont=\toks41
\thm@headfont=\toks42
\thm@notefont=\toks43
\thm@headpunct=\toks44
\thm@preskip=\skip64
\thm@postskip=\skip65
\thm@headsep=\skip66
\dth@everypar=\toks45
)
\c@theorem=\count357
)
(/usr/share/texmf-dist/tex/latex/beamer/beamerbasethemes.sty))
(/usr/share/texmf-dist/tex/latex/beamer/beamerthemedefault.sty
(/usr/share/texmf-dist/tex/latex/beamer/beamerfontthemedefault.sty)
(/usr/share/texmf-dist/tex/latex/beamer/beamercolorthemedefault.sty)
(/usr/share/texmf-dist/tex/latex/beamer/beamerinnerthemedefault.sty
\beamer@dima=\dimen300
\beamer@dimb=\dimen301
)
(/usr/share/texmf-dist/tex/latex/beamer/beamerouterthemedefault.sty)))
(/usr/share/texmf-dist/tex/latex/beamer/beamerthemeMadrid.sty
(/usr/share/texmf-dist/tex/latex/beamer/beamercolorthemewhale.sty)
(/usr/share/texmf-dist/tex/latex/beamer/beamercolorthemeorchid.sty)
(/usr/share/texmf-dist/tex/latex/beamer/beamerinnerthemerounded.sty)
(/usr/share/texmf-dist/tex/latex/beamer/beamerouterthemeinfolines.sty))
(/usr/share/texmf-dist/tex/latex/base/fontenc.sty
Package: fontenc 2025/07/18 v2.1d Standard LaTeX package
)
(/usr/share/texmf-dist/tex/generic/babel/babel.sty
Package: babel 2026/02/14 v26.3 The multilingual framework for LuaLaTeX, pdfLaT
eX and XeLaTeX
\babel@savecnt=\count358
LaTeX Encoding Info:    Redeclaring text command \ij (encoding OT1) on input li
ne 2078.
LaTeX Encoding Info:    Redeclaring text command \IJ (encoding OT1) on input li
ne 2080.
LaTeX Encoding Info:    Redeclaring text command \ij (encoding T1) on input lin
e 2082.
LaTeX Encoding Info:    Redeclaring text command \IJ (encoding T1) on input lin
e 2083.
LaTeX Encoding Info:    Ignoring declaration for text command \ij (encoding ?) 
on input line 2084.
LaTeX Encoding Info:    Ignoring declaration for text command \IJ (encoding ?) 
on input line 2086.
LaTeX Encoding Info:    Ignoring declaration for text command \SS (encoding ?) 
on input line 2111.
\U@D=\dimen302
\l@unhyphenated=\language6

(/usr/share/texmf-dist/tex/generic/babel/txtbabel.def)
\bbl@readstream=\read3
LaTeX Info: Redefining \textlatin on input line 3974.
\bbl@dirlevel=\count359

(/usr/share/texmf-dist/tex/generic/babel/locale/es/babel-spanish.tex)
Package babel Info: Importing font and identification data for spanish
(babel)             from babel-es.ini. Reported on input line 4330.

(/usr/share/texmf-dist/tex/generic/babel-spanish/spanish.ldf
Language: spanish.ldf 2021/05/27 v5.0q Spanish support from the babel system
\es@quottoks=\toks46
\es@quotdepth=\count360
Package babel Info: Making " an active character on input line 570.
Package babel Info: Making . an active character on input line 675.
Package babel Info: Making < an active character on input line 722.
Package babel Info: Making > an active character on input line 722.
))
LaTeX Encoding Info:    Redeclaring text command \guillemotleft (encoding OT1) 
on input line 44.
LaTeX Encoding Info:    Redeclaring text command \guillemotright (encoding OT1)
 on input line 44.

(/usr/share/texmf-dist/tex/latex/lm/lmodern.sty
Package: lmodern 2015/05/01 v1.6.1 Latin Modern Fonts
LaTeX Font Info:    Overwriting symbol font `operators' in version `normal'
(Font)                  OT1/cmr/m/n --> OT1/lmr/m/n on input line 22.
LaTeX Font Info:    Overwriting symbol font `letters' in version `normal'
(Font)                  OML/cmm/m/it --> OML/lmm/m/it on input line 23.
LaTeX Font Info:    Overwriting symbol font `symbols' in version `normal'
(Font)                  OMS/cmsy/m/n --> OMS/lmsy/m/n on input line 24.
LaTeX Font Info:    Overwriting symbol font `largesymbols' in version `normal'
(Font)                  OMX/cmex/m/n --> OMX/lmex/m/n on input line 25.
LaTeX Font Info:    Overwriting symbol font `operators' in version `bold'
(Font)                  OT1/cmr/bx/n --> OT1/lmr/bx/n on input line 26.
LaTeX Font Info:    Overwriting symbol font `letters' in version `bold'
(Font)                  OML/cmm/b/it --> OML/lmm/b/it on input line 27.
LaTeX Font Info:    Overwriting symbol font `symbols' in version `bold'
(Font)                  OMS/cmsy/b/n --> OMS/lmsy/b/n on input line 28.
LaTeX Font Info:    Overwriting symbol font `largesymbols' in version `bold'
(Font)                  OMX/cmex/m/n --> OMX/lmex/m/n on input line 29.
LaTeX Font Info:    Overwriting math alphabet `\mathbf' in version `normal'
(Font)                  OT1/cmr/bx/n --> OT1/lmr/bx/n on input line 31.
LaTeX Font Info:    Overwriting math alphabet `\mathsf' in version `normal'
(Font)                  OT1/cmss/m/n --> OT1/lmss/m/n on input line 32.
LaTeX Font Info:    Overwriting math alphabet `\mathit' in version `normal'
(Font)                  OT1/cmr/m/it --> OT1/lmr/m/it on input line 33.
LaTeX Font Info:    Overwriting math alphabet `\mathtt' in version `normal'
(Font)                  OT1/cmtt/m/n --> OT1/lmtt/m/n on input line 34.
LaTeX Font Info:    Overwriting math alphabet `\mathbf' in version `bold'
(Font)                  OT1/cmr/bx/n --> OT1/lmr/bx/n on input line 35.
LaTeX Font Info:    Overwriting math alphabet `\mathsf' in version `bold'
(Font)                  OT1/cmss/bx/n --> OT1/lmss/bx/n on input line 36.
LaTeX Font Info:    Overwriting math alphabet `\mathit' in version `bold'
(Font)                  OT1/cmr/bx/it --> OT1/lmr/bx/it on input line 37.
LaTeX Font Info:    Overwriting math alphabet `\mathtt' in version `bold'
(Font)                  OT1/cmtt/m/n --> OT1/lmtt/m/n on input line 38.
)
(/usr/share/texmf-dist/tex/latex/microtype/microtype.sty
Package: microtype 2026/03/01 v3.2d Micro-typographical refinements (RS)
\MT@toks=\toks47
\MT@tempbox=\box78
\MT@count=\count361
LaTeX Info: Redefining \noprotrusionifhmode on input line 1084.
LaTeX Info: Redefining \leftprotrusion on input line 1085.
\MT@prot@toks=\toks48
LaTeX Info: Redefining \rightprotrusion on input line 1104.
LaTeX Info: Redefining \textls on input line 1449.
\MT@outer@kern=\dimen303
LaTeX Info: Redefining \microtypecontext on input line 2053.
LaTeX Info: Redefining \textmicrotypecontext on input line 2070.
\MT@listname@count=\count362

(/usr/share/texmf-dist/tex/latex/microtype/microtype-pdftex.def
File: microtype-pdftex.def 2026/03/01 v3.2d Definitions specific to pdftex (RS)

LaTeX Info: Redefining \lsstyle on input line 944.
LaTeX Info: Redefining \lslig on input line 944.
\MT@outer@space=\skip67
)
Package microtype Info: Loading configuration file microtype.cfg.

(/usr/share/texmf-dist/tex/latex/microtype/microtype.cfg
File: microtype.cfg 2026/03/01 v3.2d microtype main configuration file (RS)
)
LaTeX Info: Redefining \microtypesetup on input line 3065.
)
(/usr/share/texmf-dist/tex/latex/booktabs/booktabs.sty
Package: booktabs 2020/01/12 v1.61803398 Publication quality tables
\heavyrulewidth=\dimen304
\lightrulewidth=\dimen305
\cmidrulewidth=\dimen306
\belowrulesep=\dimen307
\belowbottomsep=\dimen308
\aboverulesep=\dimen309
\abovetopsep=\dimen310
\cmidrulesep=\dimen311
\cmidrulekern=\dimen312
\defaultaddspace=\dimen313
\@cmidla=\count363
\@cmidlb=\count364
\@aboverulesep=\dimen314
\@belowrulesep=\dimen315
\@thisruleclass=\count365
\@lastruleclass=\count366
\@thisrulewidth=\dimen316
)
(/usr/share/texmf-dist/tex/latex/tools/tabularx.sty
Package: tabularx 2023/12/11 v2.12a `tabularx' package (DPC)

(/usr/share/texmf-dist/tex/latex/tools/array.sty
Package: array 2025/09/25 v2.6n Tabular extension package (FMi)
\col@sep=\dimen317
\ar@mcellbox=\box79
\extrarowheight=\dimen318
\NC@list=\toks49
\extratabsurround=\skip68
\backup@length=\skip69
\ar@cellbox=\box80
)
\TX@col@width=\dimen319
\TX@old@table=\dimen320
\TX@old@col=\dimen321
\TX@target=\dimen322
\TX@delta=\dimen323
\TX@cols=\count367
\TX@ftn=\toks50
)
(/usr/share/texmf-dist/tex/latex/listings/listings.sty
\lst@mode=\count368
\lst@gtempboxa=\box81
\lst@token=\toks51
\lst@length=\count369
\lst@currlwidth=\dimen324
\lst@column=\count370
\lst@pos=\count371
\lst@lostspace=\dimen325
\lst@width=\dimen326
\lst@newlines=\count372
\lst@lineno=\count373
\lst@maxwidth=\dimen327

(/usr/share/texmf-dist/tex/latex/listings/lstpatch.sty
File: lstpatch.sty 2025/11/14 1.11b (Carsten Heinz)
)
(/usr/share/texmf-dist/tex/latex/listings/lstmisc.sty
File: lstmisc.sty 2025/11/14 1.11b (Carsten Heinz)
\c@lstnumber=\count374
\lst@skipnumbers=\count375
\lst@framebox=\box82
)
(/usr/share/texmf-dist/tex/latex/listings/listings.cfg
File: listings.cfg 2025/11/14 1.11b listings configuration
))
Package: listings 2025/11/14 1.11b (Carsten Heinz)

==> First Aid for listings.sty no longer applied!
    Expected:
        2024/09/23 1.10c (Carsten Heinz)
    but found:
        2025/11/14 1.11b (Carsten Heinz)
    so I'm assuming it got fixed.
(/usr/share/texmf-dist/tex/latex/listings/lstlang1.sty
File: lstlang1.sty 2025/11/14 1.11b listings language file
)
(/usr/share/texmf-dist/tex/latex/tcolorbox/tcolorbox.sty
Package: tcolorbox 2025/11/28 version 6.9.0 text color boxes

(/usr/share/texmf-dist/tex/latex/pgf/frontendlayer/tikz.sty
(/usr/share/texmf-dist/tex/latex/pgf/basiclayer/pgf.sty
Package: pgf 2025-08-29 v3.1.11a (3.1.11a)

(/usr/share/texmf-dist/tex/generic/pgf/modules/pgfmoduleshapes.code.tex
File: pgfmoduleshapes.code.tex 2025-08-29 v3.1.11a (3.1.11a)
\pgfnodeparttextbox=\box83
)
(/usr/share/texmf-dist/tex/generic/pgf/modules/pgfmoduleplot.code.tex
File: pgfmoduleplot.code.tex 2025-08-29 v3.1.11a (3.1.11a)
)
(/usr/share/texmf-dist/tex/latex/pgf/compatibility/pgfcomp-version-0-65.sty
Package: pgfcomp-version-0-65 2025-08-29 v3.1.11a (3.1.11a)
\pgf@nodesepstart=\dimen328
\pgf@nodesepend=\dimen329
)
(/usr/share/texmf-dist/tex/latex/pgf/compatibility/pgfcomp-version-1-18.sty
Package: pgfcomp-version-1-18 2025-08-29 v3.1.11a (3.1.11a)
))
(/usr/share/texmf-dist/tex/latex/pgf/utilities/pgffor.sty
(/usr/share/texmf-dist/tex/generic/pgf/utilities/pgffor.code.tex
Package: pgffor 2025-08-29 v3.1.11a (3.1.11a)
\pgffor@iter=\dimen330
\pgffor@skip=\dimen331
\pgffor@stack=\toks52
\pgffor@toks=\toks53
))
(/usr/share/texmf-dist/tex/generic/pgf/frontendlayer/tikz/tikz.code.tex
Package: tikz 2025-08-29 v3.1.11a (3.1.11a)

(/usr/share/texmf-dist/tex/generic/pgf/libraries/pgflibraryplothandlers.code.te
x
File: pgflibraryplothandlers.code.tex 2025-08-29 v3.1.11a (3.1.11a)
\pgf@plot@mark@count=\count376
\pgfplotmarksize=\dimen332
)
\tikz@lastx=\dimen333
\tikz@lasty=\dimen334
\tikz@lastxsaved=\dimen335
\tikz@lastysaved=\dimen336
\tikz@lastmovetox=\dimen337
\tikz@lastmovetoy=\dimen338
\tikzleveldistance=\dimen339
\tikzsiblingdistance=\dimen340
\tikz@figbox=\box84
\tikz@figbox@bg=\box85
\tikz@tempbox=\box86
\tikz@tempbox@bg=\box87
\tikztreelevel=\count377
\tikznumberofchildren=\count378
\tikznumberofcurrentchild=\count379
\tikz@fig@count=\count380
 (/usr/share/texmf-dist/tex/generic/pgf/modules/pgfmodulematrix.code.tex
File: pgfmodulematrix.code.tex 2025-08-29 v3.1.11a (3.1.11a)
\pgfmatrixcurrentrow=\count381
\pgfmatrixcurrentcolumn=\count382
\pgf@matrix@numberofcolumns=\count383
)
\tikz@expandcount=\count384

(/usr/share/texmf-dist/tex/generic/pgf/frontendlayer/tikz/libraries/tikzlibrary
topaths.code.tex
File: tikzlibrarytopaths.code.tex 2025-08-29 v3.1.11a (3.1.11a)
))) (/usr/share/texmf-dist/tex/latex/tools/verbatim.sty
Package: verbatim 2024-01-22 v1.5x LaTeX2e package for verbatim enhancements
\every@verbatim=\toks54
\verbatim@line=\toks55
\verbatim@in@stream=\read4
)
(/usr/share/texmf-dist/tex/latex/environ/environ.sty
Package: environ 2014/05/04 v0.3 A new way to define environments

(/usr/share/texmf-dist/tex/latex/trimspaces/trimspaces.sty
Package: trimspaces 2009/09/17 v1.1 Trim spaces around a token list
))
\tcb@titlebox=\box88
\tcb@upperbox=\box89
\tcb@lowerbox=\box90
\tcb@phantombox=\box91
\c@tcbbreakpart=\count385
\c@tcblayer=\count386
\c@tcolorbox@number=\count387
\l__tcobox_tmpa_box=\box92
\l__tcobox_tmpa_dim=\dimen341
\tcb@temp=\box93
\tcb@temp=\box94
\tcb@temp=\box95
\tcb@temp=\box96

(/usr/share/texmf-dist/tex/latex/tcolorbox/tcbraster.code.tex
Library (tcolorbox): 'tcbraster.code.tex' version '6.9.0'
\c@tcbrastercolumn=\count388
\c@tcbrasterrow=\count389
\c@tcbrasternum=\count390
\c@tcbraster=\count391
) (/usr/share/texmf-dist/tex/latex/tcolorbox/tcbskins.code.tex
Library (tcolorbox): 'tcbskins.code.tex' version '6.9.0'
(/usr/share/texmf-dist/tex/latex/tikzfill/tikzfill.image.sty
Package: tikzfill.image 2023/08/08 v1.0.1 Image filling library for TikZ

(/usr/share/texmf-dist/tex/latex/tikzfill/tikzfill-common.sty
Package: tikzfill-common 2023/08/08 v1.0.1 Auxiliary code for tikzfill
)
(/usr/share/texmf-dist/tex/latex/tikzfill/tikzlibraryfill.image.code.tex
File: tikzlibraryfill.image.code.tex 2023/08/08 v1.0.1 Image filling library
\l__tikzfill_img_box=\box97
))
(/usr/share/texmf-dist/tex/latex/tcolorbox/tcbskinsjigsaw.code.tex
Library (tcolorbox): 'tcbskinsjigsaw.code.tex' version '6.9.0'
)) (/usr/share/texmf-dist/tex/latex/tcolorbox/tcbbreakable.code.tex
Library (tcolorbox): 'tcbbreakable.code.tex' version '6.9.0'
(/usr/share/texmf-dist/tex/latex/pdfcol/pdfcol.sty
Package: pdfcol 2022-09-21 v1.7 Handle new color stacks for pdfTeX (HO)
)
Package pdfcol Info: New color stack `tcb@breakable' = 1 on input line 23.
\tcb@testbox=\box98
\tcb@totalupperbox=\box99
\tcb@totallowerbox=\box100
)
(/usr/share/texmf-dist/tex/latex/tcolorbox/tcbhooks.code.tex
Library (tcolorbox): 'tcbhooks.code.tex' version '6.9.0'
) (/usr/share/texmf-dist/tex/latex/tcolorbox/tcbtheorems.code.tex
Library (tcolorbox): 'tcbtheorems.code.tex' version '6.9.0'
) (/usr/share/texmf-dist/tex/latex/tcolorbox/tcbfitting.code.tex
Library (tcolorbox): 'tcbfitting.code.tex' version '6.9.0'
\tcbfitdim=\dimen342
\tcb@lowerfitdim=\dimen343
\tcb@upperfitdim=\dimen344
\tcb@cur@hbadness=\count392
))

Package hyperref Warning: Token not allowed in a PDF string (Unicode):
(hyperref)                removing `\\' on input line 165.

LaTeX Font Info:    Trying to load font information for T1+lmss on input line 1
70.
(/usr/share/texmf-dist/tex/latex/lm/t1lmss.fd
File: t1lmss.fd 2015/05/01 v1.6.1 Font defs for Latin Modern
)
(/usr/share/texmf-dist/tex/latex/l3backend/l3backend-pdftex.def
File: l3backend-pdftex.def 2025-10-09 L3 backend support: PDF output (pdfTeX)
\l__color_backend_stack_int=\count393
) (./beamer.aux
LaTeX Info: Redefining \. on input line 11.
LaTeX Info: Redefining \% on input line 11.
Package babel Info: 'spanish' activates 'spanish' shorthands.
(babel)             Reported on input line 11.
)
\openout1 = `beamer.aux'.

LaTeX Font Info:    Checking defaults for OML/cmm/m/it on input line 170.
LaTeX Font Info:    ... okay on input line 170.
LaTeX Font Info:    Checking defaults for OMS/cmsy/m/n on input line 170.
LaTeX Font Info:    ... okay on input line 170.
LaTeX Font Info:    Checking defaults for OT1/cmr/m/n on input line 170.
LaTeX Font Info:    ... okay on input line 170.
LaTeX Font Info:    Checking defaults for T1/cmr/m/n on input line 170.
LaTeX Font Info:    ... okay on input line 170.
LaTeX Font Info:    Checking defaults for TS1/cmr/m/n on input line 170.
LaTeX Font Info:    ... okay on input line 170.
LaTeX Font Info:    Checking defaults for OMX/cmex/m/n on input line 170.
LaTeX Font Info:    ... okay on input line 170.
LaTeX Font Info:    Checking defaults for U/cmr/m/n on input line 170.
LaTeX Font Info:    ... okay on input line 170.
LaTeX Font Info:    Checking defaults for PD1/pdf/m/n on input line 170.
LaTeX Font Info:    ... okay on input line 170.
LaTeX Font Info:    Checking defaults for PU/pdf/m/n on input line 170.
LaTeX Font Info:    ... okay on input line 170.
*geometry* driver: auto-detecting
*geometry* detected driver: pdftex
*geometry* verbose mode - [ preamble ] result:
* driver: pdftex
* paper: custom
* layout: <same size as paper>
* layoutoffset:(h,v)=(0.0pt,0.0pt)
* modes: includehead includefoot 
* h-part:(L,W,R)=(11.74988pt, 431.74432pt, 11.74988pt)
* v-part:(T,H,B)=(0.0pt, 256.0748pt, 0.0pt)
* \paperwidth=455.24408pt
* \paperheight=256.0748pt
* \textwidth=431.74432pt
* \textheight=227.62207pt
* \oddsidemargin=-60.52011pt
* \evensidemargin=-60.52011pt
* \topmargin=-72.26999pt
* \headheight=14.22636pt
* \headsep=0.0pt
* \topskip=12.0pt
* \footskip=14.22636pt
* \marginparwidth=4.0pt
* \marginparsep=10.0pt
* \columnsep=10.0pt
* \skip\footins=10.8pt plus 4.0pt minus 2.0pt
* \hoffset=0.0pt
* \voffset=0.0pt
* \mag=1000
* \@twocolumnfalse
* \@twosidefalse
* \@mparswitchfalse
* \@reversemarginfalse
* (1in=72.27pt=25.4mm, 1cm=28.453pt)

(/usr/share/texmf-dist/tex/context/base/mkii/supp-pdf.mkii
[Loading MPS to PDF converter (version 2006.09.02).]
\scratchcounter=\count394
\scratchdimen=\dimen345
\scratchbox=\box101
\nofMPsegments=\count395
\nofMParguments=\count396
\everyMPshowfont=\toks56
\MPscratchCnt=\count397
\MPscratchDim=\dimen346
\MPnumerator=\count398
\makeMPintoPDFobject=\count399
\everyMPtoPDFconversion=\toks57
) (/usr/share/texmf-dist/tex/latex/epstopdf-pkg/epstopdf-base.sty
Package: epstopdf-base 2020-01-24 v2.11 Base part for package epstopdf
Package epstopdf-base Info: Redefining graphics rule for `.eps' on input line 4
85.

(/usr/share/texmf-dist/tex/latex/latexconfig/epstopdf-sys.cfg
File: epstopdf-sys.cfg 2010/07/13 v1.3 Configuration of (r)epstopdf for TeX Liv
e
))
Package hyperref Info: Link coloring OFF on input line 170.
 (./beamer.out)
(./beamer.out)
\@outlinefile=\write5
\openout5 = `beamer.out'.

LaTeX Font Info:    Overwriting symbol font `operators' in version `normal'
(Font)                  OT1/lmr/m/n --> OT1/cmss/m/n on input line 170.
LaTeX Font Info:    Overwriting symbol font `operators' in version `bold'
(Font)                  OT1/lmr/bx/n --> OT1/cmss/b/n on input line 170.
LaTeX Font Info:    Overwriting symbol font `operators' in version `normal'
(Font)                  OT1/cmss/m/n --> OT1/lmss/m/n on input line 170.
LaTeX Font Info:    Overwriting symbol font `operators' in version `bold'
(Font)                  OT1/cmss/b/n --> OT1/lmss/b/n on input line 170.
\symnumbers=\mathgroup6
\sympureletters=\mathgroup7
LaTeX Font Info:    Overwriting math alphabet `\mathrm' in version `normal'
(Font)                  OT1/lmss/m/n --> T1/lmr/m/n on input line 170.
LaTeX Font Info:    Redeclaring math alphabet \mathbf on input line 170.
LaTeX Font Info:    Overwriting math alphabet `\mathbf' in version `normal'
(Font)                  OT1/lmr/bx/n --> T1/lmss/b/n on input line 170.
LaTeX Font Info:    Overwriting math alphabet `\mathbf' in version `bold'
(Font)                  OT1/lmr/bx/n --> T1/lmss/b/n on input line 170.
LaTeX Font Info:    Redeclaring math alphabet \mathsf on input line 170.
LaTeX Font Info:    Overwriting math alphabet `\mathsf' in version `normal'
(Font)                  OT1/lmss/m/n --> T1/lmss/m/n on input line 170.
LaTeX Font Info:    Overwriting math alphabet `\mathsf' in version `bold'
(Font)                  OT1/lmss/bx/n --> T1/lmss/m/n on input line 170.
LaTeX Font Info:    Redeclaring math alphabet \mathit on input line 170.
LaTeX Font Info:    Overwriting math alphabet `\mathit' in version `normal'
(Font)                  OT1/lmr/m/it --> T1/lmss/m/it on input line 170.
LaTeX Font Info:    Overwriting math alphabet `\mathit' in version `bold'
(Font)                  OT1/lmr/bx/it --> T1/lmss/m/it on input line 170.
LaTeX Font Info:    Redeclaring math alphabet \mathtt on input line 170.
LaTeX Font Info:    Overwriting math alphabet `\mathtt' in version `normal'
(Font)                  OT1/lmtt/m/n --> T1/lmtt/m/n on input line 170.
LaTeX Font Info:    Overwriting math alphabet `\mathtt' in version `bold'
(Font)                  OT1/lmtt/m/n --> T1/lmtt/m/n on input line 170.
LaTeX Font Info:    Overwriting symbol font `numbers' in version `bold'
(Font)                  T1/lmss/m/n --> T1/lmss/b/n on input line 170.
LaTeX Font Info:    Overwriting symbol font `pureletters' in version `bold'
(Font)                  T1/lmss/m/it --> T1/lmss/b/it on input line 170.
LaTeX Font Info:    Overwriting math alphabet `\mathrm' in version `bold'
(Font)                  OT1/lmss/b/n --> T1/lmr/b/n on input line 170.
LaTeX Font Info:    Overwriting math alphabet `\mathbf' in version `bold'
(Font)                  T1/lmss/b/n --> T1/lmss/b/n on input line 170.
LaTeX Font Info:    Overwriting math alphabet `\mathsf' in version `bold'
(Font)                  T1/lmss/m/n --> T1/lmss/b/n on input line 170.
LaTeX Font Info:    Overwriting math alphabet `\mathit' in version `bold'
(Font)                  T1/lmss/m/it --> T1/lmss/b/it on input line 170.
LaTeX Font Info:    Overwriting math alphabet `\mathtt' in version `bold'
(Font)                  T1/lmtt/m/n --> T1/lmtt/b/n on input line 170.

(/usr/share/texmf-dist/tex/latex/translator/translator-basic-dictionary-English
.dict
Dictionary: translator-basic-dictionary, Language: English 
)
(/usr/share/texmf-dist/tex/latex/translator/translator-bibliography-dictionary-
English.dict
Dictionary: translator-bibliography-dictionary, Language: English 
)
(/usr/share/texmf-dist/tex/latex/translator/translator-environment-dictionary-E
nglish.dict
Dictionary: translator-environment-dictionary, Language: English 
)
(/usr/share/texmf-dist/tex/latex/translator/translator-months-dictionary-Englis
h.dict
Dictionary: translator-months-dictionary, Language: English 
)
(/usr/share/texmf-dist/tex/latex/translator/translator-numbers-dictionary-Engli
sh.dict
Dictionary: translator-numbers-dictionary, Language: English 
)
(/usr/share/texmf-dist/tex/latex/translator/translator-theorem-dictionary-Engli
sh.dict
Dictionary: translator-theorem-dictionary, Language: English 
)
LaTeX Info: Redefining \. on input line 170.
LaTeX Info: Redefining \% on input line 170.
LaTeX Info: Redefining \microtypecontext on input line 170.
Package microtype Info: Applying patch `item' on input line 170.
Package microtype Info: Applying patch `toc' on input line 170.
Package microtype Info: Applying patch `eqnum' on input line 170.
Package microtype Info: Applying patch `footnote' on input line 170.
Package microtype Info: Applying patch `verbatim' on input line 170.
LaTeX Info: Redefining \microtypesetup on input line 170.
Package microtype Info: Generating PDF output.
Package microtype Info: Character protrusion enabled (level 2).
Package microtype Info: Using default protrusion set `alltext'.
Package microtype Info: Automatic font expansion enabled (level 2),
(microtype)             stretch: 20, shrink: 20, step: 1, non-selected.
Package microtype Info: Using default expansion set `alltext-nott'.
Package microtype Info: Patching command `\showhyphens'.
Package microtype Info: No adjustment of tracking.
Package microtype Info: No adjustment of interword spacing.
Package microtype Info: No adjustment of character kerning.
Package microtype Info: Loading generic protrusion settings for font family
(microtype)             `lmss' (encoding: T1).
(microtype)             For optimal results, create family-specific settings.
(microtype)             See the microtype manual for details.
\c@lstlisting=\count400
 (./beamer.nav)

! Package xcolor Error: Undefined color `sqllight'.

See the xcolor package documentation for explanation.
Type  H <return>  for immediate help.
 ...                                              
                                                  
l.178 \end{frame}
                 
Try typing  <return>  to proceed.
If that doesn't work, type  X <return>  to quit.

LaTeX Font Info:    Trying to load font information for T1+lmtt on input line 1
78.
(/usr/share/texmf-dist/tex/latex/lm/t1lmtt.fd
File: t1lmtt.fd 2015/05/01 v1.6.1 Font defs for Latin Modern
)
Package microtype Info: Loading generic protrusion settings for font family
(microtype)             `lmtt' (encoding: T1).
(microtype)             For optimal results, create family-specific settings.
(microtype)             See the microtype manual for details.
 [1

{/var/lib/texmf/fonts/map/pdftex/updmap/pdftex.map}{/usr/share/texmf-dist/fonts
/enc/dvips/lm/lm-ec.enc}]
(./beamer.toc
LaTeX Info: Redefining \. on input line 1.
LaTeX Info: Redefining \% on input line 1.
)
Overfull \vbox (9.32132pt too high) detected at line 184
 []

[2

] [3

]

! Package xcolor Error: Undefined color `sqlaccent'.

See the xcolor package documentation for explanation.
Type  H <return>  for immediate help.
 ...                                              
                                                  
l.210 \end{frame}
                 
Try typing  <return>  to proceed.
If that doesn't work, type  X <return>  to quit.

LaTeX Font Info:    Trying to load font information for OT1+lmss on input line 
210.
(/usr/share/texmf-dist/tex/latex/lm/ot1lmss.fd
File: ot1lmss.fd 2015/05/01 v1.6.1 Font defs for Latin Modern
)
Package microtype Info: Loading generic protrusion settings for font family
(microtype)             `lmss' (encoding: OT1).
(microtype)             For optimal results, create family-specific settings.
(microtype)             See the microtype manual for details.
LaTeX Font Info:    Trying to load font information for OML+lmm on input line 2
10.

(/usr/share/texmf-dist/tex/latex/lm/omllmm.fd
File: omllmm.fd 2015/05/01 v1.6.1 Font defs for Latin Modern
)
LaTeX Font Info:    Trying to load font information for OMS+lmsy on input line 
210.

(/usr/share/texmf-dist/tex/latex/lm/omslmsy.fd
File: omslmsy.fd 2015/05/01 v1.6.1 Font defs for Latin Modern
)
LaTeX Font Info:    Trying to load font information for OMX+lmex on input line 
210.

(/usr/share/texmf-dist/tex/latex/lm/omxlmex.fd
File: omxlmex.fd 2015/05/01 v1.6.1 Font defs for Latin Modern
)
LaTeX Font Info:    External font `lmex10' loaded for size
(Font)              <12> on input line 210.
LaTeX Font Info:    External font `lmex10' loaded for size
(Font)              <8> on input line 210.
LaTeX Font Info:    External font `lmex10' loaded for size
(Font)              <6> on input line 210.
LaTeX Font Info:    Trying to load font information for U+msa on input line 210
.

(/usr/share/texmf-dist/tex/latex/amsfonts/umsa.fd
File: umsa.fd 2013/01/14 v3.01 AMS symbols A
)
(/usr/share/texmf-dist/tex/latex/microtype/mt-msa.cfg
File: mt-msa.cfg 2006/02/04 v1.1 microtype config. file: AMS symbols (a) (RS)
)
LaTeX Font Info:    Trying to load font information for U+msb on input line 210
.

(/usr/share/texmf-dist/tex/latex/amsfonts/umsb.fd
File: umsb.fd 2013/01/14 v3.01 AMS symbols B
)
(/usr/share/texmf-dist/tex/latex/microtype/mt-msb.cfg
File: mt-msb.cfg 2005/06/01 v1.0 microtype config. file: AMS symbols (b) (RS)
)
LaTeX Font Info:    Font shape `T1/lmss/m/it' in size <12> not available
(Font)              Font shape `T1/lmss/m/sl' tried instead on input line 210.
LaTeX Font Info:    Font shape `T1/lmss/m/it' in size <8> not available
(Font)              Font shape `T1/lmss/m/sl' tried instead on input line 210.
LaTeX Font Info:    Font shape `T1/lmss/m/it' in size <6> not available
(Font)              Font shape `T1/lmss/m/sl' tried instead on input line 210.


! Package xcolor Error: Undefined color `sqlaccent'.

See the xcolor package documentation for explanation.
Type  H <return>  for immediate help.
 ...                                              
                                                  
l.210 \end{frame}
                 
Try typing  <return>  to proceed.
If that doesn't work, type  X <return>  to quit.


! Package xcolor Error: Undefined color `sqlaccent'.

See the xcolor package documentation for explanation.
Type  H <return>  for immediate help.
 ...                                              
                                                  
l.210 \end{frame}
                 
Try typing  <return>  to proceed.
If that doesn't work, type  X <return>  to quit.


! Package xcolor Error: Undefined color `sqlaccent'.

See the xcolor package documentation for explanation.
Type  H <return>  for immediate help.
 ...                                              
                                                  
l.210 \end{frame}
                 
Try typing  <return>  to proceed.
If that doesn't work, type  X <return>  to quit.


! Package xcolor Error: Undefined color `sqlaccent'.

See the xcolor package documentation for explanation.
Type  H <return>  for immediate help.
 ...                                              
                                                  
l.210 \end{frame}
                 
Try typing  <return>  to proceed.
If that doesn't work, type  X <return>  to quit.


! Package xcolor Error: Undefined color `sqlaccent'.

See the xcolor package documentation for explanation.
Type  H <return>  for immediate help.
 ...                                              
                                                  
l.210 \end{frame}
                 
Try typing  <return>  to proceed.
If that doesn't work, type  X <return>  to quit.


! Package xcolor Error: Undefined color `sqllight'.

See the xcolor package documentation for explanation.
Type  H <return>  for immediate help.
 ...                                              
                                                  
l.210 \end{frame}
                 
Try typing  <return>  to proceed.
If that doesn't work, type  X <return>  to quit.


! Package xcolor Error: Undefined color `sqlaccent'.

See the xcolor package documentation for explanation.
Type  H <return>  for immediate help.
 ...                                              
                                                  
l.210 \end{frame}
                 
Try typing  <return>  to proceed.
If that doesn't work, type  X <return>  to quit.


! Package xcolor Error: Undefined color `sqlaccent'.

See the xcolor package documentation for explanation.
Type  H <return>  for immediate help.
 ...                                              
                                                  
l.210 \end{frame}
                 
Try typing  <return>  to proceed.
If that doesn't work, type  X <return>  to quit.


! Package xcolor Error: Undefined color `sqlaccent'.

See the xcolor package documentation for explanation.
Type  H <return>  for immediate help.
 ...                                              
                                                  
l.210 \end{frame}
                 
Try typing  <return>  to proceed.
If that doesn't work, type  X <return>  to quit.


! Package xcolor Error: Undefined color `sqllight'.

See the xcolor package documentation for explanation.
Type  H <return>  for immediate help.
 ...                                              
                                                  
l.210 \end{frame}
                 
Try typing  <return>  to proceed.
If that doesn't work, type  X <return>  to quit.

[4

{/usr/share/texmf-dist/fonts/enc/dvips/lm/lm-mathsy.enc}]

! Package xcolor Error: Undefined color `sqlaccent'.

See the xcolor package documentation for explanation.
Type  H <return>  for immediate help.
 ...                                              
                                                  
l.235 \end{frame}
                 
Try typing  <return>  to proceed.
If that doesn't work, type  X <return>  to quit.


! Package xcolor Error: Undefined color `sqllight'.

See the xcolor package documentation for explanation.
Type  H <return>  for immediate help.
 ...                                              
                                                  
l.235 \end{frame}
                 
Try typing  <return>  to proceed.
If that doesn't work, type  X <return>  to quit.


! Package xcolor Error: Undefined color `sqlaccent'.

See the xcolor package documentation for explanation.
Type  H <return>  for immediate help.
 ...                                              
                                                  
l.235 \end{frame}
                 
Try typing  <return>  to proceed.
If that doesn't work, type  X <return>  to quit.


! Package xcolor Error: Undefined color `sqlaccent'.

See the xcolor package documentation for explanation.
Type  H <return>  for immediate help.
 ...                                              
                                                  
l.235 \end{frame}
                 
Try typing  <return>  to proceed.
If that doesn't work, type  X <return>  to quit.


! Package xcolor Error: Undefined color `sqlaccent'.

See the xcolor package documentation for explanation.
Type  H <return>  for immediate help.
 ...                                              
                                                  
l.235 \end{frame}
                 
Try typing  <return>  to proceed.
If that doesn't work, type  X <return>  to quit.


! Package xcolor Error: Undefined color `sqllight'.

See the xcolor package documentation for explanation.
Type  H <return>  for immediate help.
 ...                                              
                                                  
l.235 \end{frame}
                 
Try typing  <return>  to proceed.
If that doesn't work, type  X <return>  to quit.


! Package xcolor Error: Undefined color `sqlaccent'.

See the xcolor package documentation for explanation.
Type  H <return>  for immediate help.
 ...                                              
                                                  
l.235 \end{frame}
                 
Try typing  <return>  to proceed.
If that doesn't work, type  X <return>  to quit.


! Package xcolor Error: Undefined color `sqlaccent'.

See the xcolor package documentation for explanation.
Type  H <return>  for immediate help.
 ...                                              
                                                  
l.235 \end{frame}
                 
Try typing  <return>  to proceed.
If that doesn't work, type  X <return>  to quit.


! Package xcolor Error: Undefined color `sqlaccent'.

See the xcolor package documentation for explanation.
Type  H <return>  for immediate help.
 ...                                              
                                                  
l.235 \end{frame}
                 
Try typing  <return>  to proceed.
If that doesn't work, type  X <return>  to quit.


! Package xcolor Error: Undefined color `sqlaccent'.

See the xcolor package documentation for explanation.
Type  H <return>  for immediate help.
 ...                                              
                                                  
l.235 \end{frame}
                 
Try typing  <return>  to proceed.
If that doesn't work, type  X <return>  to quit.


! Package xcolor Error: Undefined color `sqllight'.

See the xcolor package documentation for explanation.
Type  H <return>  for immediate help.
 ...                                              
                                                  
l.235 \end{frame}
                 
Try typing  <return>  to proceed.
If that doesn't work, type  X <return>  to quit.


! Package xcolor Error: Undefined color `sqlaccent'.

See the xcolor package documentation for explanation.
Type  H <return>  for immediate help.
 ...                                              
                                                  
l.235 \end{frame}
                 
Try typing  <return>  to proceed.
If that doesn't work, type  X <return>  to quit.


! Package xcolor Error: Undefined color `sqlaccent'.

See the xcolor package documentation for explanation.
Type  H <return>  for immediate help.
 ...                                              
                                                  
l.235 \end{frame}
                 
Try typing  <return>  to proceed.
If that doesn't work, type  X <return>  to quit.


! Package xcolor Error: Undefined color `sqlaccent'.

See the xcolor package documentation for explanation.
Type  H <return>  for immediate help.
 ...                                              
                                                  
l.235 \end{frame}
                 
Try typing  <return>  to proceed.
If that doesn't work, type  X <return>  to quit.


! Package xcolor Error: Undefined color `sqllight'.

See the xcolor package documentation for explanation.
Type  H <return>  for immediate help.
 ...                                              
                                                  
l.235 \end{frame}
                 
Try typing  <return>  to proceed.
If that doesn't work, type  X <return>  to quit.


! Package xcolor Error: Undefined color `sqlaccent'.

See the xcolor package documentation for explanation.
Type  H <return>  for immediate help.
 ...                                              
                                                  
l.235 \end{frame}
                 
Try typing  <return>  to proceed.
If that doesn't work, type  X <return>  to quit.


! Package xcolor Error: Undefined color `sqlaccent'.

See the xcolor package documentation for explanation.
Type  H <return>  for immediate help.
 ...                                              
                                                  
l.235 \end{frame}
                 
Try typing  <return>  to proceed.
If that doesn't work, type  X <return>  to quit.


! Package xcolor Error: Undefined color `sqlaccent'.

See the xcolor package documentation for explanation.
Type  H <return>  for immediate help.
 ...                                              
                                                  
l.235 \end{frame}
                 
Try typing  <return>  to proceed.
If that doesn't work, type  X <return>  to quit.

[5

]

! Package xcolor Error: Undefined color `sqlaccent'.

See the xcolor package documentation for explanation.
Type  H <return>  for immediate help.
 ...                                              
                                                  
l.260 \end{frame}
                 
Try typing  <return>  to proceed.
If that doesn't work, type  X <return>  to quit.


! Package xcolor Error: Undefined color `sqllight'.

See the xcolor package documentation for explanation.
Type  H <return>  for immediate help.
 ...                                              
                                                  
l.260 \end{frame}
                 
Try typing  <return>  to proceed.
If that doesn't work, type  X <return>  to quit.


! Package xcolor Error: Undefined color `sqlaccent'.

See the xcolor package documentation for explanation.
Type  H <return>  for immediate help.
 ...                                              
                                                  
l.260 \end{frame}
                 
Try typing  <return>  to proceed.
If that doesn't work, type  X <return>  to quit.


! Package xcolor Error: Undefined color `sqlaccent'.

See the xcolor package documentation for explanation.
Type  H <return>  for immediate help.
 ...                                              
                                                  
l.260 \end{frame}
                 
Try typing  <return>  to proceed.
If that doesn't work, type  X <return>  to quit.


! Package xcolor Error: Undefined color `sqlaccent'.

See the xcolor package documentation for explanation.
Type  H <return>  for immediate help.
 ...                                              
                                                  
l.260 \end{frame}
                 
Try typing  <return>  to proceed.
If that doesn't work, type  X <return>  to quit.


! Package xcolor Error: Undefined color `sqllight'.

See the xcolor package documentation for explanation.
Type  H <return>  for immediate help.
 ...                                              
                                                  
l.260 \end{frame}
                 
Try typing  <return>  to proceed.
If that doesn't work, type  X <return>  to quit.


! Package xcolor Error: Undefined color `sqlaccent'.

See the xcolor package documentation for explanation.
Type  H <return>  for immediate help.
 ...                                              
                                                  
l.260 \end{frame}
                 
Try typing  <return>  to proceed.
If that doesn't work, type  X <return>  to quit.


! Package xcolor Error: Undefined color `sqlaccent'.

See the xcolor package documentation for explanation.
Type  H <return>  for immediate help.
 ...                                              
                                                  
l.260 \end{frame}
                 
Try typing  <return>  to proceed.
If that doesn't work, type  X <return>  to quit.


! Package xcolor Error: Undefined color `sqlaccent'.

See the xcolor package documentation for explanation.
Type  H <return>  for immediate help.
 ...                                              
                                                  
l.260 \end{frame}
                 
Try typing  <return>  to proceed.
If that doesn't work, type  X <return>  to quit.


! Package xcolor Error: Undefined color `sqlgreen'.

See the xcolor package documentation for explanation.
Type  H <return>  for immediate help.
 ...                                              
                                                  
l.260 \end{frame}
                 
Try typing  <return>  to proceed.
If that doesn't work, type  X <return>  to quit.


! Package xcolor Error: Undefined color `sqlgreen'.

See the xcolor package documentation for explanation.
Type  H <return>  for immediate help.
 ...                                              
                                                  
l.260 \end{frame}
                 
Try typing  <return>  to proceed.
If that doesn't work, type  X <return>  to quit.


! Package xcolor Error: Undefined color `sqlgreen'.

See the xcolor package documentation for explanation.
Type  H <return>  for immediate help.
 ...                                              
                                                  
l.260 \end{frame}
                 
Try typing  <return>  to proceed.
If that doesn't work, type  X <return>  to quit.


! Package xcolor Error: Undefined color `sqlgreen'.

See the xcolor package documentation for explanation.
Type  H <return>  for immediate help.
 ...                                              
                                                  
l.260 \end{frame}
                 
Try typing  <return>  to proceed.
If that doesn't work, type  X <return>  to quit.


! Package xcolor Error: Undefined color `sqlgreen'.

See the xcolor package documentation for explanation.
Type  H <return>  for immediate help.
 ...                                              
                                                  
l.260 \end{frame}
                 
Try typing  <return>  to proceed.
If that doesn't work, type  X <return>  to quit.


! Package xcolor Error: Undefined color `sqlgreen'.

See the xcolor package documentation for explanation.
Type  H <return>  for immediate help.
 ...                                              
                                                  
l.260 \end{frame}
                 
Try typing  <return>  to proceed.
If that doesn't work, type  X <return>  to quit.


! Package xcolor Error: Undefined color `sqlaccent'.

See the xcolor package documentation for explanation.
Type  H <return>  for immediate help.
 ...                                              
                                                  
l.260 \end{frame}
                 
Try typing  <return>  to proceed.
If that doesn't work, type  X <return>  to quit.


! Package xcolor Error: Undefined color `sqllight'.

See the xcolor package documentation for explanation.
Type  H <return>  for immediate help.
 ...                                              
                                                  
l.260 \end{frame}
                 
Try typing  <return>  to proceed.
If that doesn't work, type  X <return>  to quit.


! Package xcolor Error: Undefined color `sqlaccent'.

See the xcolor package documentation for explanation.
Type  H <return>  for immediate help.
 ...                                              
                                                  
l.260 \end{frame}
                 
Try typing  <return>  to proceed.
If that doesn't work, type  X <return>  to quit.


! Package xcolor Error: Undefined color `sqlaccent'.

See the xcolor package documentation for explanation.
Type  H <return>  for immediate help.
 ...                                              
                                                  
l.260 \end{frame}
                 
Try typing  <return>  to proceed.
If that doesn't work, type  X <return>  to quit.


! Package xcolor Error: Undefined color `sqlaccent'.

See the xcolor package documentation for explanation.
Type  H <return>  for immediate help.
 ...                                              
                                                  
l.260 \end{frame}
                 
Try typing  <return>  to proceed.
If that doesn't work, type  X <return>  to quit.


! Package xcolor Error: Undefined color `sqllight'.

See the xcolor package documentation for explanation.
Type  H <return>  for immediate help.
 ...                                              
                                                  
l.260 \end{frame}
                 
Try typing  <return>  to proceed.
If that doesn't work, type  X <return>  to quit.

[6

]

! Package xcolor Error: Undefined color `sqlaccent'.

See the xcolor package documentation for explanation.
Type  H <return>  for immediate help.
 ...                                              
                                                  
l.282 \end{frame}
                 
Try typing  <return>  to proceed.
If that doesn't work, type  X <return>  to quit.


! Package xcolor Error: Undefined color `sqlaccent'.

See the xcolor package documentation for explanation.
Type  H <return>  for immediate help.
 ...                                              
                                                  
l.282 \end{frame}
                 
Try typing  <return>  to proceed.
If that doesn't work, type  X <return>  to quit.


! Package xcolor Error: Undefined color `sqlaccent'.

See the xcolor package documentation for explanation.
Type  H <return>  for immediate help.
 ...                                              
                                                  
l.282 \end{frame}
                 
Try typing  <return>  to proceed.
If that doesn't work, type  X <return>  to quit.


! Package xcolor Error: Undefined color `sqlaccent'.

See the xcolor package documentation for explanation.
Type  H <return>  for immediate help.
 ...                                              
                                                  
l.282 \end{frame}
                 
Try typing  <return>  to proceed.
If that doesn't work, type  X <return>  to quit.


! Package xcolor Error: Undefined color `sqlaccent'.

See the xcolor package documentation for explanation.
Type  H <return>  for immediate help.
 ...                                              
                                                  
l.282 \end{frame}
                 
Try typing  <return>  to proceed.
If that doesn't work, type  X <return>  to quit.


! Package xcolor Error: Undefined color `sqlaccent'.

See the xcolor package documentation for explanation.
Type  H <return>  for immediate help.
 ...                                              
                                                  
l.282 \end{frame}
                 
Try typing  <return>  to proceed.
If that doesn't work, type  X <return>  to quit.


! Package xcolor Error: Undefined color `sqlaccent'.

See the xcolor package documentation for explanation.
Type  H <return>  for immediate help.
 ...                                              
                                                  
l.282 \end{frame}
                 
Try typing  <return>  to proceed.
If that doesn't work, type  X <return>  to quit.


! Package xcolor Error: Undefined color `sqlaccent'.

See the xcolor package documentation for explanation.
Type  H <return>  for immediate help.
 ...                                              
                                                  
l.282 \end{frame}
                 
Try typing  <return>  to proceed.
If that doesn't work, type  X <return>  to quit.

[7

] [8

] [9

]

! Package xcolor Error: Undefined color `sqlaccent'.

See the xcolor package documentation for explanation.
Type  H <return>  for immediate help.
 ...                                              
                                                  
l.329 \end{frame}
                 
Try typing  <return>  to proceed.
If that doesn't work, type  X <return>  to quit.


! Package xcolor Error: Undefined color `sqllight'.

See the xcolor package documentation for explanation.
Type  H <return>  for immediate help.
 ...                                              
                                                  
l.329 \end{frame}
                 
Try typing  <return>  to proceed.
If that doesn't work, type  X <return>  to quit.


! Package xcolor Error: Undefined color `sqlaccent'.

See the xcolor package documentation for explanation.
Type  H <return>  for immediate help.
 ...                                              
                                                  
l.329 \end{frame}
                 
Try typing  <return>  to proceed.
If that doesn't work, type  X <return>  to quit.


! Package xcolor Error: Undefined color `sqlaccent'.

See the xcolor package documentation for explanation.
Type  H <return>  for immediate help.
 ...                                              
                                                  
l.329 \end{frame}
                 
Try typing  <return>  to proceed.
If that doesn't work, type  X <return>  to quit.


! Package xcolor Error: Undefined color `sqlaccent'.

See the xcolor package documentation for explanation.
Type  H <return>  for immediate help.
 ...                                              
                                                  
l.329 \end{frame}
                 
Try typing  <return>  to proceed.
If that doesn't work, type  X <return>  to quit.


! Package xcolor Error: Undefined color `sqllight'.

See the xcolor package documentation for explanation.
Type  H <return>  for immediate help.
 ...                                              
                                                  
l.329 \end{frame}
                 
Try typing  <return>  to proceed.
If that doesn't work, type  X <return>  to quit.


! Package xcolor Error: Undefined color `sqlaccent'.

See the xcolor package documentation for explanation.
Type  H <return>  for immediate help.
 ...                                              
                                                  
l.329 \end{frame}
                 
Try typing  <return>  to proceed.
If that doesn't work, type  X <return>  to quit.


! Package xcolor Error: Undefined color `sqlaccent'.

See the xcolor package documentation for explanation.
Type  H <return>  for immediate help.
 ...                                              
                                                  
l.329 \end{frame}
                 
Try typing  <return>  to proceed.
If that doesn't work, type  X <return>  to quit.


! Package xcolor Error: Undefined color `sqlaccent'.

See the xcolor package documentation for explanation.
Type  H <return>  for immediate help.
 ...                                              
                                                  
l.329 \end{frame}
                 
Try typing  <return>  to proceed.
If that doesn't work, type  X <return>  to quit.


! Package xcolor Error: Undefined color `sqlgreen'.

See the xcolor package documentation for explanation.
Type  H <return>  for immediate help.
 ...                                              
                                                  
l.329 \end{frame}
                 
Try typing  <return>  to proceed.
If that doesn't work, type  X <return>  to quit.


! Package xcolor Error: Undefined color `sqlgreen'.

See the xcolor package documentation for explanation.
Type  H <return>  for immediate help.
 ...                                              
                                                  
l.329 \end{frame}
                 
Try typing  <return>  to proceed.
If that doesn't work, type  X <return>  to quit.


! Package xcolor Error: Undefined color `sqlgreen'.

See the xcolor package documentation for explanation.
Type  H <return>  for immediate help.
 ...                                              
                                                  
l.329 \end{frame}
                 
Try typing  <return>  to proceed.
If that doesn't work, type  X <return>  to quit.


! Package xcolor Error: Undefined color `sqlgreen'.

See the xcolor package documentation for explanation.
Type  H <return>  for immediate help.
 ...                                              
                                                  
l.329 \end{frame}
                 
Try typing  <return>  to proceed.
If that doesn't work, type  X <return>  to quit.


! Package xcolor Error: Undefined color `sqlgreen'.

See the xcolor package documentation for explanation.
Type  H <return>  for immediate help.
 ...                                              
                                                  
l.329 \end{frame}
                 
Try typing  <return>  to proceed.
If that doesn't work, type  X <return>  to quit.


! Package xcolor Error: Undefined color `sqlgreen'.

See the xcolor package documentation for explanation.
Type  H <return>  for immediate help.
 ...                                              
                                                  
l.329 \end{frame}
                 
Try typing  <return>  to proceed.
If that doesn't work, type  X <return>  to quit.

[10

]

! Package xcolor Error: Undefined color `sqlaccent'.

See the xcolor package documentation for explanation.
Type  H <return>  for immediate help.
 ...                                              
                                                  
l.351 \end{frame}
                 
Try typing  <return>  to proceed.
If that doesn't work, type  X <return>  to quit.


! Package xcolor Error: Undefined color `sqllight'.

See the xcolor package documentation for explanation.
Type  H <return>  for immediate help.
 ...                                              
                                                  
l.351 \end{frame}
                 
Try typing  <return>  to proceed.
If that doesn't work, type  X <return>  to quit.


! Package xcolor Error: Undefined color `sqlaccent'.

See the xcolor package documentation for explanation.
Type  H <return>  for immediate help.
 ...                                              
                                                  
l.351 \end{frame}
                 
Try typing  <return>  to proceed.
If that doesn't work, type  X <return>  to quit.


! Package xcolor Error: Undefined color `sqlaccent'.

See the xcolor package documentation for explanation.
Type  H <return>  for immediate help.
 ...                                              
                                                  
l.351 \end{frame}
                 
Try typing  <return>  to proceed.
If that doesn't work, type  X <return>  to quit.


! Package xcolor Error: Undefined color `sqlaccent'.

See the xcolor package documentation for explanation.
Type  H <return>  for immediate help.
 ...                                              
                                                  
l.351 \end{frame}
                 
Try typing  <return>  to proceed.
If that doesn't work, type  X <return>  to quit.


! Package xcolor Error: Undefined color `sqllight'.

See the xcolor package documentation for explanation.
Type  H <return>  for immediate help.
 ...                                              
                                                  
l.351 \end{frame}
                 
Try typing  <return>  to proceed.
If that doesn't work, type  X <return>  to quit.


! Package xcolor Error: Undefined color `sqlaccent'.

See the xcolor package documentation for explanation.
Type  H <return>  for immediate help.
 ...                                              
                                                  
l.351 \end{frame}
                 
Try typing  <return>  to proceed.
If that doesn't work, type  X <return>  to quit.


! Package xcolor Error: Undefined color `sqlaccent'.

See the xcolor package documentation for explanation.
Type  H <return>  for immediate help.
 ...                                              
                                                  
l.351 \end{frame}
                 
Try typing  <return>  to proceed.
If that doesn't work, type  X <return>  to quit.


! Package xcolor Error: Undefined color `sqlaccent'.

See the xcolor package documentation for explanation.
Type  H <return>  for immediate help.
 ...                                              
                                                  
l.351 \end{frame}
                 
Try typing  <return>  to proceed.
If that doesn't work, type  X <return>  to quit.


! Package xcolor Error: Undefined color `sqlaccent'.

See the xcolor package documentation for explanation.
Type  H <return>  for immediate help.
 ...                                              
                                                  
l.351 \end{frame}
                 
Try typing  <return>  to proceed.
If that doesn't work, type  X <return>  to quit.


! Package xcolor Error: Undefined color `sqlaccent'.

See the xcolor package documentation for explanation.
Type  H <return>  for immediate help.
 ...                                              
                                                  
l.351 \end{frame}
                 
Try typing  <return>  to proceed.
If that doesn't work, type  X <return>  to quit.


! Package xcolor Error: Undefined color `sqlaccent'.

See the xcolor package documentation for explanation.
Type  H <return>  for immediate help.
 ...                                              
                                                  
l.351 \end{frame}
                 
Try typing  <return>  to proceed.
If that doesn't work, type  X <return>  to quit.

[11

]
Underfull \hbox (badness 2512) in paragraph at lines 379--379
[]|\T1/lmss/m/n/10.95 (+20) Componente ver-ti-cal es-
 []


! Package xcolor Error: Undefined color `sqlaccent'.

See the xcolor package documentation for explanation.
Type  H <return>  for immediate help.
 ...                                              
                                                  
l.379 \end{frame}
                 
Try typing  <return>  to proceed.
If that doesn't work, type  X <return>  to quit.


! Package xcolor Error: Undefined color `sqllight'.

See the xcolor package documentation for explanation.
Type  H <return>  for immediate help.
 ...                                              
                                                  
l.379 \end{frame}
                 
Try typing  <return>  to proceed.
If that doesn't work, type  X <return>  to quit.


! Package xcolor Error: Undefined color `sqlaccent'.

See the xcolor package documentation for explanation.
Type  H <return>  for immediate help.
 ...                                              
                                                  
l.379 \end{frame}
                 
Try typing  <return>  to proceed.
If that doesn't work, type  X <return>  to quit.


! Package xcolor Error: Undefined color `sqlaccent'.

See the xcolor package documentation for explanation.
Type  H <return>  for immediate help.
 ...                                              
                                                  
l.379 \end{frame}
                 
Try typing  <return>  to proceed.
If that doesn't work, type  X <return>  to quit.


! Package xcolor Error: Undefined color `sqlaccent'.

See the xcolor package documentation for explanation.
Type  H <return>  for immediate help.
 ...                                              
                                                  
l.379 \end{frame}
                 
Try typing  <return>  to proceed.
If that doesn't work, type  X <return>  to quit.


! Package xcolor Error: Undefined color `sqllight'.

See the xcolor package documentation for explanation.
Type  H <return>  for immediate help.
 ...                                              
                                                  
l.379 \end{frame}
                 
Try typing  <return>  to proceed.
If that doesn't work, type  X <return>  to quit.


! Package xcolor Error: Undefined color `sqlaccent'.

See the xcolor package documentation for explanation.
Type  H <return>  for immediate help.
 ...                                              
                                                  
l.379 \end{frame}
                 
Try typing  <return>  to proceed.
If that doesn't work, type  X <return>  to quit.


! Package xcolor Error: Undefined color `sqllight'.

See the xcolor package documentation for explanation.
Type  H <return>  for immediate help.
 ...                                              
                                                  
l.379 \end{frame}
                 
Try typing  <return>  to proceed.
If that doesn't work, type  X <return>  to quit.


! Package xcolor Error: Undefined color `sqlaccent'.

See the xcolor package documentation for explanation.
Type  H <return>  for immediate help.
 ...                                              
                                                  
l.379 \end{frame}
                 
Try typing  <return>  to proceed.
If that doesn't work, type  X <return>  to quit.


! Package xcolor Error: Undefined color `sqlaccent'.

See the xcolor package documentation for explanation.
Type  H <return>  for immediate help.
 ...                                              
                                                  
l.379 \end{frame}
                 
Try typing  <return>  to proceed.
If that doesn't work, type  X <return>  to quit.


! Package xcolor Error: Undefined color `sqlaccent'.

See the xcolor package documentation for explanation.
Type  H <return>  for immediate help.
 ...                                              
                                                  
l.379 \end{frame}
                 
Try typing  <return>  to proceed.
If that doesn't work, type  X <return>  to quit.


! Package xcolor Error: Undefined color `sqllight'.

See the xcolor package documentation for explanation.
Type  H <return>  for immediate help.
 ...                                              
                                                  
l.379 \end{frame}
                 
Try typing  <return>  to proceed.
If that doesn't work, type  X <return>  to quit.


Overfull \vbox (36.73636pt too high) detected at line 379
 []

[12

]

! Package xcolor Error: Undefined color `sqlaccent'.

See the xcolor package documentation for explanation.
Type  H <return>  for immediate help.
 ...                                              
                                                  
l.401 \end{frame}
                 
Try typing  <return>  to proceed.
If that doesn't work, type  X <return>  to quit.


! Package xcolor Error: Undefined color `sqllight'.

See the xcolor package documentation for explanation.
Type  H <return>  for immediate help.
 ...                                              
                                                  
l.401 \end{frame}
                 
Try typing  <return>  to proceed.
If that doesn't work, type  X <return>  to quit.


! Package xcolor Error: Undefined color `sqlaccent'.

See the xcolor package documentation for explanation.
Type  H <return>  for immediate help.
 ...                                              
                                                  
l.401 \end{frame}
                 
Try typing  <return>  to proceed.
If that doesn't work, type  X <return>  to quit.


! Package xcolor Error: Undefined color `sqlaccent'.

See the xcolor package documentation for explanation.
Type  H <return>  for immediate help.
 ...                                              
                                                  
l.401 \end{frame}
                 
Try typing  <return>  to proceed.
If that doesn't work, type  X <return>  to quit.


! Package xcolor Error: Undefined color `sqlaccent'.

See the xcolor package documentation for explanation.
Type  H <return>  for immediate help.
 ...                                              
                                                  
l.401 \end{frame}
                 
Try typing  <return>  to proceed.
If that doesn't work, type  X <return>  to quit.


! Package xcolor Error: Undefined color `sqllight'.

See the xcolor package documentation for explanation.
Type  H <return>  for immediate help.
 ...                                              
                                                  
l.401 \end{frame}
                 
Try typing  <return>  to proceed.
If that doesn't work, type  X <return>  to quit.


! Package xcolor Error: Undefined color `sqlaccent'.

See the xcolor package documentation for explanation.
Type  H <return>  for immediate help.
 ...                                              
                                                  
l.401 \end{frame}
                 
Try typing  <return>  to proceed.
If that doesn't work, type  X <return>  to quit.


! Package xcolor Error: Undefined color `sqllight'.

See the xcolor package documentation for explanation.
Type  H <return>  for immediate help.
 ...                                              
                                                  
l.401 \end{frame}
                 
Try typing  <return>  to proceed.
If that doesn't work, type  X <return>  to quit.


! Package xcolor Error: Undefined color `sqlaccent'.

See the xcolor package documentation for explanation.
Type  H <return>  for immediate help.
 ...                                              
                                                  
l.401 \end{frame}
                 
Try typing  <return>  to proceed.
If that doesn't work, type  X <return>  to quit.


! Package xcolor Error: Undefined color `sqlaccent'.

See the xcolor package documentation for explanation.
Type  H <return>  for immediate help.
 ...                                              
                                                  
l.401 \end{frame}
                 
Try typing  <return>  to proceed.
If that doesn't work, type  X <return>  to quit.


! Package xcolor Error: Undefined color `sqlaccent'.

See the xcolor package documentation for explanation.
Type  H <return>  for immediate help.
 ...                                              
                                                  
l.401 \end{frame}
                 
Try typing  <return>  to proceed.
If that doesn't work, type  X <return>  to quit.


! Package xcolor Error: Undefined color `sqllight'.

See the xcolor package documentation for explanation.
Type  H <return>  for immediate help.
 ...                                              
                                                  
l.401 \end{frame}
                 
Try typing  <return>  to proceed.
If that doesn't work, type  X <return>  to quit.


! Package xcolor Error: Undefined color `sqlaccent'.

See the xcolor package documentation for explanation.
Type  H <return>  for immediate help.
 ...                                              
                                                  
l.401 \end{frame}
                 
Try typing  <return>  to proceed.
If that doesn't work, type  X <return>  to quit.


! Package xcolor Error: Undefined color `sqllight'.

See the xcolor package documentation for explanation.
Type  H <return>  for immediate help.
 ...                                              
                                                  
l.401 \end{frame}
                 
Try typing  <return>  to proceed.
If that doesn't work, type  X <return>  to quit.


! Package xcolor Error: Undefined color `sqlaccent'.

See the xcolor package documentation for explanation.
Type  H <return>  for immediate help.
 ...                                              
                                                  
l.401 \end{frame}
                 
Try typing  <return>  to proceed.
If that doesn't work, type  X <return>  to quit.


! Package xcolor Error: Undefined color `sqlaccent'.

See the xcolor package documentation for explanation.
Type  H <return>  for immediate help.
 ...                                              
                                                  
l.401 \end{frame}
                 
Try typing  <return>  to proceed.
If that doesn't work, type  X <return>  to quit.


! Package xcolor Error: Undefined color `sqlaccent'.

See the xcolor package documentation for explanation.
Type  H <return>  for immediate help.
 ...                                              
                                                  
l.401 \end{frame}
                 
Try typing  <return>  to proceed.
If that doesn't work, type  X <return>  to quit.


! Package xcolor Error: Undefined color `sqllight'.

See the xcolor package documentation for explanation.
Type  H <return>  for immediate help.
 ...                                              
                                                  
l.401 \end{frame}
                 
Try typing  <return>  to proceed.
If that doesn't work, type  X <return>  to quit.


! Package xcolor Error: Undefined color `sqlaccent'.

See the xcolor package documentation for explanation.
Type  H <return>  for immediate help.
 ...                                              
                                                  
l.401 \end{frame}
                 
Try typing  <return>  to proceed.
If that doesn't work, type  X <return>  to quit.


! Package xcolor Error: Undefined color `sqllight'.

See the xcolor package documentation for explanation.
Type  H <return>  for immediate help.
 ...                                              
                                                  
l.401 \end{frame}
                 
Try typing  <return>  to proceed.
If that doesn't work, type  X <return>  to quit.


! Package xcolor Error: Undefined color `sqlaccent'.

See the xcolor package documentation for explanation.
Type  H <return>  for immediate help.
 ...                                              
                                                  
l.401 \end{frame}
                 
Try typing  <return>  to proceed.
If that doesn't work, type  X <return>  to quit.


! Package xcolor Error: Undefined color `sqlaccent'.

See the xcolor package documentation for explanation.
Type  H <return>  for immediate help.
 ...                                              
                                                  
l.401 \end{frame}
                 
Try typing  <return>  to proceed.
If that doesn't work, type  X <return>  to quit.


! Package xcolor Error: Undefined color `sqlaccent'.

See the xcolor package documentation for explanation.
Type  H <return>  for immediate help.
 ...                                              
                                                  
l.401 \end{frame}
                 
Try typing  <return>  to proceed.
If that doesn't work, type  X <return>  to quit.


! Package xcolor Error: Undefined color `sqllight'.

See the xcolor package documentation for explanation.
Type  H <return>  for immediate help.
 ...                                              
                                                  
l.401 \end{frame}
                 
Try typing  <return>  to proceed.
If that doesn't work, type  X <return>  to quit.


! Package xcolor Error: Undefined color `sqlgreen'.

See the xcolor package documentation for explanation.
Type  H <return>  for immediate help.
 ...                                              
                                                  
l.401 \end{frame}
                 
Try typing  <return>  to proceed.
If that doesn't work, type  X <return>  to quit.


! Package xcolor Error: Undefined color `sqlgreen'.

See the xcolor package documentation for explanation.
Type  H <return>  for immediate help.
 ...                                              
                                                  
l.401 \end{frame}
                 
Try typing  <return>  to proceed.
If that doesn't work, type  X <return>  to quit.


! Package xcolor Error: Undefined color `sqlgreen'.

See the xcolor package documentation for explanation.
Type  H <return>  for immediate help.
 ...                                              
                                                  
l.401 \end{frame}
                 
Try typing  <return>  to proceed.
If that doesn't work, type  X <return>  to quit.


! Package xcolor Error: Undefined color `sqlgreen'.

See the xcolor package documentation for explanation.
Type  H <return>  for immediate help.
 ...                                              
                                                  
l.401 \end{frame}
                 
Try typing  <return>  to proceed.
If that doesn't work, type  X <return>  to quit.


! Package xcolor Error: Undefined color `sqlgreen'.

See the xcolor package documentation for explanation.
Type  H <return>  for immediate help.
 ...                                              
                                                  
l.401 \end{frame}
                 
Try typing  <return>  to proceed.
If that doesn't work, type  X <return>  to quit.


! Package xcolor Error: Undefined color `sqlgreen'.

See the xcolor package documentation for explanation.
Type  H <return>  for immediate help.
 ...                                              
                                                  
l.401 \end{frame}
                 
Try typing  <return>  to proceed.
If that doesn't work, type  X <return>  to quit.

[13

]
Underfull \hbox (badness 7168) in paragraph at lines 421--421
[]|\T1/lmss/m/n/10.95 (+20) Operaci�n de da-tos re-si-den-tes: \T1/lmtt/m/n/10.
95 SELECT,
 []


Overfull \vbox (14.2046pt too high) detected at line 421
 []

[14

] [15

]
\openout4 = `beamer.vrb'.

 (./beamer.vrb

! Package xcolor Error: Undefined color `sqlaccent'.

See the xcolor package documentation for explanation.
Type  H <return>  for immediate help.
 ...                                              
                                                  
l.2 \begin{sqlbox}{Sintaxis Canónica}
                                      
Try typing  <return>  to proceed.
If that doesn't work, type  X <return>  to quit.

LaTeX Font Info:    Font shape `T1/lmtt/bx/n' in size <10.95> not available
(Font)              Font shape `T1/lmtt/b/n' tried instead on input line 2.
! Missing $ inserted.
<inserted text> 
                $
l.3 SELECT [ALL | DISTINCT] lista_
                                  columnas
I've inserted a begin-math/end-math symbol since I think
you left one out. Proceed, with fingers crossed.

! Missing $ inserted.
<inserted text> 
                $
l.10   \end{sqlbox}
                   
I've inserted a begin-math/end-math symbol since I think
you left one out. Proceed, with fingers crossed.


Overfull \hbox (829.51813pt too wide) in paragraph at lines 3--10
[]\T1/lmss/m/n/12 (-20) SELECT [ALL | DIS-TINCT] lista$[]\T1/lmss/m/sl/12 (-20)
 olumnasFROMtabla\OT1/lmss/m/n/12 (-20) [[\T1/lmss/m/sl/12 (-20) AS\OT1/lmss/m/
n/12 (-20) ]\T1/lmss/m/sl/12 (-20) alias\OT1/lmss/m/n/12 (-20) ][\T1/lmss/m/sl/
12 (-20) WHEREcondiciones[]e[]iltrado[]ineal\OT1/lmss/m/n/12 (-20) ][\T1/lmss/m
/sl/12 (-20) GROUPBYexpresiones[]e[]grupamiento\OT1/lmss/m/n/12 (-20) ][\T1/lms
s/m/sl/12 (-20) HAVING^^\ltros[]e[]gregacion[]rupal\OT1/lmss/m/n/12 (-20) ][\T1
/lmss/m/sl/12 (-20) ORDERBYcriterio[]rden\OT1/lmss/m/n/12 (-20) [\T1/lmss/m/sl/
12 (-20) ASC\OMS/lmsy/m/n/12 j\T1/lmss/m/sl/12 (-20) DESC\OT1/lmss/m/n/12 (-20)
 ]][\T1/lmss/m/sl/12 (-20) LIMITregistros[]aximosOFFSETdesfasamiento\OT1/lmss/m
/n/12 (-20) ];$ 
 []

LaTeX Font Info:    External font `lmex10' loaded for size
(Font)              <10> on input line 15.
LaTeX Font Info:    External font `lmex10' loaded for size
(Font)              <7> on input line 15.
LaTeX Font Info:    External font `lmex10' loaded for size
(Font)              <5> on input line 15.
LaTeX Font Info:    Font shape `T1/lmss/m/it' in size <10> not available
(Font)              Font shape `T1/lmss/m/sl' tried instead on input line 15.
LaTeX Font Info:    Font shape `T1/lmss/m/it' in size <7> not available
(Font)              Font shape `T1/lmss/m/sl' tried instead on input line 15.
LaTeX Font Info:    Font shape `T1/lmss/m/it' in size <5> not available
(Font)              Font shape `T1/lmss/m/sl' tried instead on input line 15.
) [16

{/usr/share/texmf-dist/fonts/enc/dvips/lm/lm-rm.enc}]
\openout4 = `beamer.vrb'.

 (./beamer.vrb

! Package xcolor Error: Undefined color `sqlaccent'.

See the xcolor package documentation for explanation.
Type  H <return>  for immediate help.
 ...                                              
                                                  
l.2 \begin{sqlbox}{Casos de Proyección Atómica}
                                                 
Try typing  <return>  to proceed.
If that doesn't work, type  X <return>  to quit.

! Missing $ inserted.
<inserted text> 
                $
l.9        salario * 12 AS salario_
                                   anual,
I've inserted a begin-math/end-math symbol since I think
you left one out. Proceed, with fingers crossed.

! Missing $ inserted.
<inserted text> 
                $
l.13   \end{sqlbox}
                   
I've inserted a begin-math/end-math symbol since I think
you left one out. Proceed, with fingers crossed.


Underfull \hbox (badness 10000) in paragraph at lines 7--13
[]\T1/lmss/m/n/12 (+20) -- In-clu-si�n de ex-pre-sio-nes al-ge-brai-cas di-n�-m
i-cas SE-
 []


Underfull \hbox (badness 10000) in paragraph at lines 7--13
\T1/lmss/m/n/12 (+20) LECT nom-bre, sa-la-rio * 12 AS salario$[]\T1/lmss/m/sl/1
2 (+20) nual\OML/lmm/m/it/12 ; \T1/lmss/m/sl/12 (+20) salario \OMS/lmsy/m/n/12 
^^C
 []

) [17

{/usr/share/texmf-dist/fonts/enc/dvips/lm/lm-mathit.enc}]
\openout4 = `beamer.vrb'.

 (./beamer.vrb

! Package xcolor Error: Undefined color `sqlgreen'.

See the xcolor package documentation for explanation.
Type  H <return>  for immediate help.
 ...                                              
                                                  
l.17       \begin{exampleblock}{Mecánica}
                                          
Try typing  <return>  to proceed.
If that doesn't work, type  X <return>  to quit.


! Package xcolor Error: Undefined color `sqlgreen'.

See the xcolor package documentation for explanation.
Type  H <return>  for immediate help.
 ...                                              
                                                  
l.17       \begin{exampleblock}{Mecánica}
                                          
Try typing  <return>  to proceed.
If that doesn't work, type  X <return>  to quit.


! Package xcolor Error: Undefined color `sqlgreen'.

See the xcolor package documentation for explanation.
Type  H <return>  for immediate help.
 ...                                              
                                                  
l.17       \begin{exampleblock}{Mecánica}
                                          
Try typing  <return>  to proceed.
If that doesn't work, type  X <return>  to quit.


! Package xcolor Error: Undefined color `sqlgreen'.

See the xcolor package documentation for explanation.
Type  H <return>  for immediate help.
 ...                                              
                                                  
l.17       \begin{exampleblock}{Mecánica}
                                          
Try typing  <return>  to proceed.
If that doesn't work, type  X <return>  to quit.


! Package xcolor Error: Undefined color `sqlgreen'.

See the xcolor package documentation for explanation.
Type  H <return>  for immediate help.
 ...                                              
                                                  
l.17       \begin{exampleblock}{Mecánica}
                                          
Try typing  <return>  to proceed.
If that doesn't work, type  X <return>  to quit.


! Package xcolor Error: Undefined color `sqlgreen'.

See the xcolor package documentation for explanation.
Type  H <return>  for immediate help.
 ...                                              
                                                  
l.17       \begin{exampleblock}{Mecánica}
                                          
Try typing  <return>  to proceed.
If that doesn't work, type  X <return>  to quit.


! Package xcolor Error: Undefined color `sqlaccent'.

See the xcolor package documentation for explanation.
Type  H <return>  for immediate help.
 ...                                              
                                                  
l.21 ...gin{sqlbox}{Uso de Predicados de Filtrado}
                                                  
Try typing  <return>  to proceed.
If that doesn't work, type  X <return>  to quit.

) [18

]
\openout4 = `beamer.vrb'.

 (./beamer.vrb

! Package xcolor Error: Undefined color `sqlaccent'.

See the xcolor package documentation for explanation.
Type  H <return>  for immediate help.
 ...                                              
                                                  
l.2 ...taxis de Ordenamiento y Control de Bloques}
                                                  
Try typing  <return>  to proceed.
If that doesn't work, type  X <return>  to quit.

) [19

] [20

]
\openout4 = `beamer.vrb'.

 (./beamer.vrb

! Package xcolor Error: Undefined color `sqlaccent'.

See the xcolor package documentation for explanation.
Type  H <return>  for immediate help.
 ...                                              
                                                  
l.2 ...x}{Cláusula DISTINCT para Valores Únicos}
                                                  
Try typing  <return>  to proceed.
If that doesn't work, type  X <return>  to quit.


! Package xcolor Error: Undefined color `sqlaccent'.

See the xcolor package documentation for explanation.
Type  H <return>  for immediate help.
 ...                                              
                                                  
l.6 ...ción de Cadenas mediante LIKE y Comodines}
                                                  
Try typing  <return>  to proceed.
If that doesn't work, type  X <return>  to quit.

! Missing $ inserted.
<inserted text> 
                $
l.11 WHERE nombre LIKE '_
                         o%';    -- Fila con 'o' fijada en segunda posición
I've inserted a begin-math/end-math symbol since I think
you left one out. Proceed, with fingers crossed.

! Missing $ inserted.
<inserted text> 
                $
l.12   \end{sqlbox}
                   
I've inserted a begin-math/end-math symbol since I think
you left one out. Proceed, with fingers crossed.

) [21

]
\openout4 = `beamer.vrb'.

 (./beamer.vrb
Overfull \hbox (4.65373pt too wide) in paragraph at lines 6--16
[][] 
 []


! Package xcolor Error: Undefined color `sqlaccent'.

See the xcolor package documentation for explanation.
Type  H <return>  for immediate help.
 ...                                              
                                                  
l.20 ...x}{Agrupamiento Explicito con Paréntesis}
                                                  
Try typing  <return>  to proceed.
If that doesn't work, type  X <return>  to quit.

) [22

] [23

]
\openout4 = `beamer.vrb'.

 (./beamer.vrb

! Package xcolor Error: Undefined color `sqlaccent'.

See the xcolor package documentation for explanation.
Type  H <return>  for immediate help.
 ...                                              
                                                  
l.2 ...sqlbox}{Métricas de Agregación Estándar}
                                                  
Try typing  <return>  to proceed.
If that doesn't work, type  X <return>  to quit.

! Missing $ inserted.
<inserted text> 
                $
l.4        COUNT(*) AS total_
                             nomina,
I've inserted a begin-math/end-math symbol since I think
you left one out. Proceed, with fingers crossed.

! Missing $ inserted.
<inserted text> 
                $
l.13   \end{sqlbox}
                   
I've inserted a begin-math/end-math symbol since I think
you left one out. Proceed, with fingers crossed.


Overfull \hbox (789.59521pt too wide) in paragraph at lines 3--13
[]\T1/lmss/m/n/12 (-20) SELECT de-par-ta-men-to, COUNT(*) AS total$[]\T1/lmss/m
/sl/12 (-20) omina\OML/lmm/m/it/12 ; \T1/lmss/m/sl/12 (-20) ROUND\OT1/lmss/m/n/
12 (-20) (\T1/lmss/m/sl/12 (-20) AVG\OT1/lmss/m/n/12 (-20) (\T1/lmss/m/sl/12 (-
20) salario\OT1/lmss/m/n/12 (-20) )\OML/lmm/m/it/12 ; \T1/lmss/m/n/12 (-20) 2\O
T1/lmss/m/n/12 (-20) )\T1/lmss/m/sl/12 (-20) ASsalario[]romedio\OML/lmm/m/it/12
 ; \T1/lmss/m/sl/12 (-20) SUM\OT1/lmss/m/n/12 (-20) (\T1/lmss/m/sl/12 (-20) sal
ario\OT1/lmss/m/n/12 (-20) )\T1/lmss/m/sl/12 (-20) AScosto[]perativo\OML/lmm/m/
it/12 ; \T1/lmss/m/sl/12 (-20) MIN\OT1/lmss/m/n/12 (-20) (\T1/lmss/m/sl/12 (-20
) salario\OT1/lmss/m/n/12 (-20) )\T1/lmss/m/sl/12 (-20) ASsueldo[]iso\OML/lmm/m
/it/12 ; \T1/lmss/m/sl/12 (-20) MAX\OT1/lmss/m/n/12 (-20) (\T1/lmss/m/sl/12 (-2
0) salario\OT1/lmss/m/n/12 (-20) )\T1/lmss/m/sl/12 (-20) ASsueldo[]echoFROMempl
eadosGROUPBYdepartamentoHAVINGAVG\OT1/lmss/m/n/12 (-20) (\T1/lmss/m/sl/12 (-20)
 salario\OT1/lmss/m/n/12 (-20) ) \OML/lmm/m/it/12 >
 []


! Package xcolor Error: Undefined color `sqlgreen'.

See the xcolor package documentation for explanation.
Type  H <return>  for immediate help.
 ...                                              
                                                  
l.14 ...k}{Diferenciación Clave en Optimización}
                                                  
Try typing  <return>  to proceed.
If that doesn't work, type  X <return>  to quit.


! Package xcolor Error: Undefined color `sqlgreen'.

See the xcolor package documentation for explanation.
Type  H <return>  for immediate help.
 ...                                              
                                                  
l.14 ...k}{Diferenciación Clave en Optimización}
                                                  
Try typing  <return>  to proceed.
If that doesn't work, type  X <return>  to quit.


! Package xcolor Error: Undefined color `sqlgreen'.

See the xcolor package documentation for explanation.
Type  H <return>  for immediate help.
 ...                                              
                                                  
l.14 ...k}{Diferenciación Clave en Optimización}
                                                  
Try typing  <return>  to proceed.
If that doesn't work, type  X <return>  to quit.


! Package xcolor Error: Undefined color `sqlgreen'.

See the xcolor package documentation for explanation.
Type  H <return>  for immediate help.
 ...                                              
                                                  
l.14 ...k}{Diferenciación Clave en Optimización}
                                                  
Try typing  <return>  to proceed.
If that doesn't work, type  X <return>  to quit.


! Package xcolor Error: Undefined color `sqlgreen'.

See the xcolor package documentation for explanation.
Type  H <return>  for immediate help.
 ...                                              
                                                  
l.14 ...k}{Diferenciación Clave en Optimización}
                                                  
Try typing  <return>  to proceed.
If that doesn't work, type  X <return>  to quit.


! Package xcolor Error: Undefined color `sqlgreen'.

See the xcolor package documentation for explanation.
Type  H <return>  for immediate help.
 ...                                              
                                                  
l.14 ...k}{Diferenciación Clave en Optimización}
                                                  
Try typing  <return>  to proceed.
If that doesn't work, type  X <return>  to quit.

) [24

]
\openout4 = `beamer.vrb'.

 (./beamer.vrb

! Package xcolor Error: Undefined color `sqlaccent'.

See the xcolor package documentation for explanation.
Type  H <return>  for immediate help.
 ...                                              
                                                  
l.2 ...ox}{Predicados de Inclusión: IN y BETWEEN}
                                                  
Try typing  <return>  to proceed.
If that doesn't work, type  X <return>  to quit.


! Package xcolor Error: Undefined color `sqlaccent'.

See the xcolor package documentation for explanation.
Type  H <return>  for immediate help.
 ...                                              
                                                  
l.10 ...x}{Operaciones de Salida y Concatenación}
                                                  
Try typing  <return>  to proceed.
If that doesn't work, type  X <return>  to quit.

! Missing $ inserted.
<inserted text> 
                $
l.12 ...ONCAT(nombre, ' — ', cargo) AS etiqueta_
                                                  puesto
I've inserted a begin-math/end-math symbol since I think
you left one out. Proceed, with fingers crossed.

! Missing $ inserted.
<inserted text> 
                $
l.14   \end{sqlbox}
                   
I've inserted a begin-math/end-math symbol since I think
you left one out. Proceed, with fingers crossed.


Underfull \hbox (badness 7186) in paragraph at lines 11--14
[]\T1/lmss/m/n/12 (+20) SELECT nom-bre AS em-plea-do, CON-CAT(nombre, ' ^^V ', 
car-go) AS
 []

) [25

]
\openout4 = `beamer.vrb'.

 (./beamer.vrb

! Package xcolor Error: Undefined color `sqlaccent'.

See the xcolor package documentation for explanation.
Type  H <return>  for immediate help.
 ...                                              
                                                  
l.2 ...ox}{Evaluación Lógica mediante CASE WHEN}
                                                  
Try typing  <return>  to proceed.
If that doesn't work, type  X <return>  to quit.

! Missing $ inserted.
<inserted text> 
                $
l.8        END AS tabulador_
                            puesto
I've inserted a begin-math/end-math symbol since I think
you left one out. Proceed, with fingers crossed.

! Missing $ inserted.
<inserted text> 
                $
l.10   \end{sqlbox}
                   
I've inserted a begin-math/end-math symbol since I think
you left one out. Proceed, with fingers crossed.


! Package xcolor Error: Undefined color `sqlaccent'.

See the xcolor package documentation for explanation.
Type  H <return>  for immediate help.
 ...                                              
                                                  
l.12 ...jo de la Ausencia de Datos (Valores NULL)}
                                                  
Try typing  <return>  to proceed.
If that doesn't work, type  X <return>  to quit.

! Missing $ inserted.
<inserted text> 
                $
l.17 SELECT COALESCE(tel_
                         celular, tel_fijo, email, 'Incomunicable') AS conta...
I've inserted a begin-math/end-math symbol since I think
you left one out. Proceed, with fingers crossed.

! Missing $ inserted.
<inserted text> 
                $
l.19   \end{sqlbox}
                   
I've inserted a begin-math/end-math symbol since I think
you left one out. Proceed, with fingers crossed.


Underfull \hbox (badness 10000) in paragraph at lines 16--19
[]\T1/lmss/m/n/12 (+20) -- Eva-lua-ci�n de cor-to-cir-cui-to se-cuen-cial vec-t
o-ri-za-da SE-LECT
 []


Overfull \hbox (8.73299pt too wide) in paragraph at lines 16--19
\T1/lmss/m/n/12 (-20) COALESCE(tel$[]\T1/lmss/m/sl/12 (-20) elular\OML/lmm/m/it
/12 ; \T1/lmss/m/sl/12 (-20) tel[]ijo\OML/lmm/m/it/12 ; \T1/lmss/m/sl/12 (-20) 
email\OML/lmm/m/it/12 ;[] \T1/lmss/m/sl/12 (-20) Incomunicable[]\OT1/lmss/m/n/1
2 (-20) )\T1/lmss/m/sl/12 (-20) AScontacto[]^^\cialFROMempleados\OT1/lmss/m/n/1
2 (-20) ;$ 
 []

) [26

] [27

]
Underfull \hbox (badness 10000) in paragraph at lines 640--640
[]|\T1/lmss/bx/n/10.95 (+20) Comportamiento
 []


Underfull \hbox (badness 1354) in paragraph at lines 640--640
[]|\T1/lmss/m/n/10.95 (+20) Universo Iz-quier-do
 []


Overfull \vbox (33.30673pt too high) detected at line 640
 []

[28

]
\openout4 = `beamer.vrb'.

 (./beamer.vrb

! Package xcolor Error: Undefined color `sqlaccent'.

See the xcolor package documentation for explanation.
Type  H <return>  for immediate help.
 ...                                              
                                                  
l.2 ...lbox}{INNER JOIN — Coincidencias Exactas}
                                                  
Try typing  <return>  to proceed.
If that doesn't work, type  X <return>  to quit.

! Missing $ inserted.
<inserted text> 
                $
l.3 SELECT c.nombre, p.pedido_
                              id, p.monto
I've inserted a begin-math/end-math symbol since I think
you left one out. Proceed, with fingers crossed.

! Missing $ inserted.
<inserted text> 
                $
l.6   \end{sqlbox}
                  
I've inserted a begin-math/end-math symbol since I think
you left one out. Proceed, with fingers crossed.


Overfull \hbox (57.15709pt too wide) in paragraph at lines 3--6
[]\T1/lmss/m/n/12 (-20) SELECT c.nombre, p.pedido$[]\T1/lmss/m/sl/12 (-20) d\OM
L/lmm/m/it/12 ; \T1/lmss/m/sl/12 (-20) p\OML/lmm/m/it/12 :\T1/lmss/m/sl/12 (-20
) montoFROMclientesAScINNERJOINpedidosASpONc\OML/lmm/m/it/12 :\T1/lmss/m/sl/12 
(-20) cliente[]d \OT1/lmss/m/n/12 (-20) =
 []


! Package xcolor Error: Undefined color `sqlaccent'.

See the xcolor package documentation for explanation.
Type  H <return>  for immediate help.
 ...                                              
                                                  
l.8 ...— Inclusión Total y Detección de Nulos}
                                                  
Try typing  <return>  to proceed.
If that doesn't work, type  X <return>  to quit.

! Missing $ inserted.
<inserted text> 
                $
l.9 SELECT c.nombre, p.pedido_
                              id, p.monto
I've inserted a begin-math/end-math symbol since I think
you left one out. Proceed, with fingers crossed.

! Missing $ inserted.
<inserted text> 
                $
l.12 
     
I've inserted a begin-math/end-math symbol since I think
you left one out. Proceed, with fingers crossed.


Overfull \hbox (51.0866pt too wide) in paragraph at lines 9--12
[]\T1/lmss/m/n/12 (-20) SELECT c.nombre, p.pedido$[]\T1/lmss/m/sl/12 (-20) d\OM
L/lmm/m/it/12 ; \T1/lmss/m/sl/12 (-20) p\OML/lmm/m/it/12 :\T1/lmss/m/sl/12 (-20
) montoFROMclientesAScLEFTJOINpedidosASpONc\OML/lmm/m/it/12 :\T1/lmss/m/sl/12 (
-20) cliente[]d \OT1/lmss/m/n/12 (-20) =
 []

! Missing $ inserted.
<inserted text> 
                $
l.14 -- WHERE p.pedido_
                       id IS NULL;
I've inserted a begin-math/end-math symbol since I think
you left one out. Proceed, with fingers crossed.

! Missing $ inserted.
<inserted text> 
                $
l.15   \end{sqlbox}
                   
I've inserted a begin-math/end-math symbol since I think
you left one out. Proceed, with fingers crossed.


Underfull \hbox (badness 3068) in paragraph at lines 13--15
[]\T1/lmss/m/n/12 (+20) -- De-tec-ci�n ana-l�-ti-ca de clien-tes inac-ti-vos (s
in tran-sac-cio-nes) -- WHE-RE
 []

) [29

] [30

]
\openout4 = `beamer.vrb'.

 (./beamer.vrb

! Package xcolor Error: Undefined color `sqlaccent'.

See the xcolor package documentation for explanation.
Type  H <return>  for immediate help.
 ...                                              
                                                  
l.2 ...Escritura, Mutación y Eliminación Masiva}
                                                  
Try typing  <return>  to proceed.
If that doesn't work, type  X <return>  to quit.


! Package pgfkeys Error: I do not know the key '/tcb/Mutación y Eliminación M
asiva' and I am going to ignore it. Perhaps you misspelled it.

See the pgfkeys package documentation for explanation.
Type  H <return>  for immediate help.
 ...                                              
                                                  
l.2 ...Escritura, Mutación y Eliminación Masiva}
                                                  
This error message was generated by an \errmessage
command, so I can't give any explicit help.
Pretend that you're Hercule Poirot: Examine all clues,
and deduce the truth by order and method.


! LaTeX Error: \begin{tcb@savebox} on input line 2 ended by \end{quoting}.

See the LaTeX manual or LaTeX Companion for explanation.
Type  H <return>  for immediate help.
 ...                                              
                                                  
l.6 ('Monitor 24"'
                  , 3200.00, 15);
Your command was ignored.
Type  I <command> <return>  to replace it with another command,
or  <return>  to continue without it.

! Missing $ inserted.
<inserted text> 
                $
l.11 WHERE categoria_
                     id = 3;
I've inserted a begin-math/end-math symbol since I think
you left one out. Proceed, with fingers crossed.

! Missing $ inserted.
<inserted text> 
                $
l.12 
     
I've inserted a begin-math/end-math symbol since I think
you left one out. Proceed, with fingers crossed.

! Missing $ inserted.
<inserted text> 
                $
l.15 WHERE stock = 0 AND categoria_
                                   id = 5;
I've inserted a begin-math/end-math symbol since I think
you left one out. Proceed, with fingers crossed.

! Missing $ inserted.
<inserted text> 
                $
l.16   \end{sqlbox}
                   
I've inserted a begin-math/end-math symbol since I think
you left one out. Proceed, with fingers crossed.

! Missing } inserted.
<inserted text> 
                }
l.16   \end{sqlbox}
                   
I've inserted something that you may have forgotten.
(See the <inserted text> above.)
With luck, this will get me unwedged. But if you
really didn't forget anything, try typing `2' now; then
my insertion and my current dilemma will both disappear.

! Extra }, or forgotten \endgroup.
\endtcb@savebox ...efalse \color@endgroup \egroup 
                                                  \expandafter \@iiiparbox \...
l.16   \end{sqlbox}
                   
I've deleted a group-closing symbol because it seems to be
spurious, as in `$x}$'. But perhaps the } is legitimate and
you forgot something else, as in `\hbox{$x}'. In such cases
the way to recover is to insert both the forgotten and the
deleted material, e.g., by typing `I$}'.

! Undefined control sequence.
\endtcb@savebox ...pandafter \@iiiparbox \@mpargs 
                                                  {\unvbox \@tempboxa }
l.16   \end{sqlbox}
                   
The control sequence at the end of the top line
of your error message was never \def'ed. If you have
misspelled it (e.g., `\hobx'), type `I' and the correct
spelling (e.g., `I\hbox'). Otherwise just continue,
and I'll forget about whatever was undefined.

)
Runaway argument?
\@checkend {tcb@savebox}\endgroup \UseHook {env/tcb@savebox/after}\if@ignore \E
TC.
! File ended while scanning use of \@iiiparbox.
<inserted text> 
                \par 
l.679 \end{frame}
                 
I suspect you have forgotten a `}', causing me
to read past where you wanted me to stop.
I'll try to recover; but if the error is serious,
you'd better type `E' or `X' now and fix your file.

! Extra }, or forgotten \endgroup.
\endbeamer@frameslide ...amer@framepauses}\egroup 
                                                  \ifx \beamer@frametitle \@...
l.679 \end{frame}
                 
I've deleted a group-closing symbol because it seems to be
spurious, as in `$x}$'. But perhaps the } is legitimate and
you forgot something else, as in `\hbox{$x}'. In such cases
the way to recover is to insert both the forgotten and the
deleted material, e.g., by typing `I$}'.


! LaTeX Error: \begin{beamer@framepauses} on input line 679 ended by \end{beame
r@frameslide}.

See the LaTeX manual or LaTeX Companion for explanation.
Type  H <return>  for immediate help.
 ...                                              
                                                  
l.679 \end{frame}
                 
Your command was ignored.
Type  I <command> <return>  to replace it with another command,
or  <return>  to continue without it.


Underfull \hbox (badness 10000) in paragraph at lines 696--696
[]|\T1/lmss/m/n/10.95 (+20) Preserva el es-ta-do de
 []

! Extra }, or forgotten \endgroup.
\endframe ->\egroup 
                    \begingroup \def \@currenvir {frame}
l.701 \end{frame}
                 
I've deleted a group-closing symbol because it seems to be
spurious, as in `$x}$'. But perhaps the } is legitimate and
you forgot something else, as in `\hbox{$x}'. In such cases
the way to recover is to insert both the forgotten and the
deleted material, e.g., by typing `I$}'.

! Missing } inserted.
<inserted text> 
                }
l.704 \section{Administración de Tablas}
                                         
I've inserted something that you may have forgotten.
(See the <inserted text> above.)
With luck, this will get me unwedged. But if you
really didn't forget anything, try typing `2' now; then
my insertion and my current dilemma will both disappear.

! You can't use `\hrule' here except with leaders.
\frame  ... #1\vrule \@width \@wholewidth }\hrule 
                                                  \@height \@wholewidth \vsk...
l.704 \section{Administración de Tablas}
                                         
To put a horizontal rule in an hbox or an alignment,
you should use \leaders or \hrulefill (see The TeXbook).

! Missing number, treated as zero.
<to be read again> 
                   \vskip 
l.704 \section{Administración de Tablas}
                                         
A number should have been here; I inserted `0'.
(If you can't figure out why I needed to see a number,
look up `weird error' in the index to The TeXbook.)

! Illegal unit of measure (pt inserted).
<to be read again> 
                   \vskip 
l.704 \section{Administración de Tablas}
                                         
Dimensions can be in units of em, ex, in, pt, pc,
cm, mm, dd, cc, nd, nc, bp, or sp; but yours is a new one!
I'll assume that you meant to say pt, for printer's points.
To recover gracefully from this error, it's best to
delete the erroneous units; e.g., type `2' to delete
two letters. (See Chapter 27 of The TeXbook.)

! Missing } inserted.
<inserted text> 
                }
l.704 \section{Administración de Tablas}
                                         
I've inserted something that you may have forgotten.
(See the <inserted text> above.)
With luck, this will get me unwedged. But if you
really didn't forget anything, try typing `2' now; then
my insertion and my current dilemma will both disappear.


Overfull \hbox (29.76pt too wide) in paragraph at lines 704--704
[][]  
 []

! Extra }, or forgotten \endgroup.
<recently read> }
                 
l.704 \section{Administración de Tablas}
                                         
I've deleted a group-closing symbol because it seems to be
spurious, as in `$x}$'. But perhaps the } is legitimate and
you forgot something else, as in `\hbox{$x}'. In such cases
the way to recover is to insert both the forgotten and the
deleted material, e.g., by typing `I$}'.

! Extra }, or forgotten \endgroup.
<recently read> }
                 
l.704 \section{Administración de Tablas}
                                         
I've deleted a group-closing symbol because it seems to be
spurious, as in `$x}$'. But perhaps the } is legitimate and
you forgot something else, as in `\hbox{$x}'. In such cases
the way to recover is to insert both the forgotten and the
deleted material, e.g., by typing `I$}'.

! Extra }, or forgotten \endgroup.
\endframe ->\egroup 
                    \begingroup \def \@currenvir {frame}
l.704 \section{Administración de Tablas}
                                         
I've deleted a group-closing symbol because it seems to be
spurious, as in `$x}$'. But perhaps the } is legitimate and
you forgot something else, as in `\hbox{$x}'. In such cases
the way to recover is to insert both the forgotten and the
deleted material, e.g., by typing `I$}'.


! Package xcolor Error: Undefined color `sqlaccent'.

See the xcolor package documentation for explanation.
Type  H <return>  for immediate help.
 ...                                              
                                                  
l.708 ...ización del Contenedor de Base de Datos}
                                                  
Try typing  <return>  to proceed.
If that doesn't work, type  X <return>  to quit.

! Missing $ inserted.
<inserted text> 
                $
l.709 CREATE DATABASE IF NOT EXISTS tienda_
                                           online
I've inserted a begin-math/end-math symbol since I think
you left one out. Proceed, with fingers crossed.

! Missing $ inserted.
<inserted text> 
                $
l.712 
      
I've inserted a begin-math/end-math symbol since I think
you left one out. Proceed, with fingers crossed.


Overfull \hbox (99.18336pt too wide) in paragraph at lines 709--712
[]\T1/lmss/m/n/12 (-20) CREATE DA-TA-BA-SE IF NOT EXISTS tienda$[]\T1/lmss/m/sl
/12 (-20) nlineCHARACTERSETutf\T1/lmss/m/n/12 (-20) 8\T1/lmss/m/sl/12 (-20) mb\
T1/lmss/m/n/12 (-20) 4\T1/lmss/m/sl/12 (-20) COLLATEutf\T1/lmss/m/n/12 (-20) 8\
T1/lmss/m/sl/12 (-20) mb\T1/lmss/m/n/12 (-20) 4[]\T1/lmss/m/sl/12 (-20) nicode[
]i\OT1/lmss/m/n/12 (-20) ;$ 
 []

! Missing $ inserted.
<inserted text> 
                $
l.713 USE tienda_
                 online;
I've inserted a begin-math/end-math symbol since I think
you left one out. Proceed, with fingers crossed.

! Missing $ inserted.
<inserted text> 
                $
l.714   \end{sqlbox}
                    
I've inserted a begin-math/end-math symbol since I think
you left one out. Proceed, with fingers crossed.

LaTeX Font Info:    Font shape `T1/lmtt/bx/n' in size <12> not available
(Font)              Font shape `T1/lmtt/b/n' tried instead on input line 717.
! Extra }, or forgotten \endgroup.
\endframe ->\egroup 
                    \begingroup \def \@currenvir {frame}
l.719 \end{frame}
                 
I've deleted a group-closing symbol because it seems to be
spurious, as in `$x}$'. But perhaps the } is legitimate and
you forgot something else, as in `\hbox{$x}'. In such cases
the way to recover is to insert both the forgotten and the
deleted material, e.g., by typing `I$}'.


! Package xcolor Error: Undefined color `sqlaccent'.

See the xcolor package documentation for explanation.
Type  H <return>  for immediate help.
 ...                                              
                                                  
l.724       \begin{block}{Relaciones 1:1}
                                         
Try typing  <return>  to proceed.
If that doesn't work, type  X <return>  to quit.


! Package xcolor Error: Undefined color `sqllight'.

See the xcolor package documentation for explanation.
Type  H <return>  for immediate help.
 ...                                              
                                                  
l.724       \begin{block}{Relaciones 1:1}
                                         
Try typing  <return>  to proceed.
If that doesn't work, type  X <return>  to quit.


! Package xcolor Error: Undefined color `sqlaccent'.

See the xcolor package documentation for explanation.
Type  H <return>  for immediate help.
 ...                                              
                                                  
l.724       \begin{block}{Relaciones 1:1}
                                         
Try typing  <return>  to proceed.
If that doesn't work, type  X <return>  to quit.


! Package xcolor Error: Undefined color `sqlaccent'.

See the xcolor package documentation for explanation.
Type  H <return>  for immediate help.
 ...                                              
                                                  
l.724       \begin{block}{Relaciones 1:1}
                                         
Try typing  <return>  to proceed.
If that doesn't work, type  X <return>  to quit.


! Package xcolor Error: Undefined color `sqlaccent'.

See the xcolor package documentation for explanation.
Type  H <return>  for immediate help.
 ...                                              
                                                  
l.724       \begin{block}{Relaciones 1:1}
                                         
Try typing  <return>  to proceed.
If that doesn't work, type  X <return>  to quit.


! Package xcolor Error: Undefined color `sqllight'.

See the xcolor package documentation for explanation.
Type  H <return>  for immediate help.
 ...                                              
                                                  
l.724       \begin{block}{Relaciones 1:1}
                                         
Try typing  <return>  to proceed.
If that doesn't work, type  X <return>  to quit.


! Package xcolor Error: Undefined color `sqlaccent'.

See the xcolor package documentation for explanation.
Type  H <return>  for immediate help.
 ...                                              
                                                  
l.728       \begin{block}{Relaciones 1:N}
                                         
Try typing  <return>  to proceed.
If that doesn't work, type  X <return>  to quit.


! Package xcolor Error: Undefined color `sqllight'.

See the xcolor package documentation for explanation.
Type  H <return>  for immediate help.
 ...                                              
                                                  
l.728       \begin{block}{Relaciones 1:N}
                                         
Try typing  <return>  to proceed.
If that doesn't work, type  X <return>  to quit.


! Package xcolor Error: Undefined color `sqlaccent'.

See the xcolor package documentation for explanation.
Type  H <return>  for immediate help.
 ...                                              
                                                  
l.728       \begin{block}{Relaciones 1:N}
                                         
Try typing  <return>  to proceed.
If that doesn't work, type  X <return>  to quit.


! Package xcolor Error: Undefined color `sqlaccent'.

See the xcolor package documentation for explanation.
Type  H <return>  for immediate help.
 ...                                              
                                                  
l.728       \begin{block}{Relaciones 1:N}
                                         
Try typing  <return>  to proceed.
If that doesn't work, type  X <return>  to quit.


! Package xcolor Error: Undefined color `sqlaccent'.

See the xcolor package documentation for explanation.
Type  H <return>  for immediate help.
 ...                                              
                                                  
l.728       \begin{block}{Relaciones 1:N}
                                         
Try typing  <return>  to proceed.
If that doesn't work, type  X <return>  to quit.


! Package xcolor Error: Undefined color `sqllight'.

See the xcolor package documentation for explanation.
Type  H <return>  for immediate help.
 ...                                              
                                                  
l.728       \begin{block}{Relaciones 1:N}
                                         
Try typing  <return>  to proceed.
If that doesn't work, type  X <return>  to quit.


! Package xcolor Error: Undefined color `sqlaccent'.

See the xcolor package documentation for explanation.
Type  H <return>  for immediate help.
 ...                                              
                                                  
l.732       \begin{block}{Relaciones N:M}
                                         
Try typing  <return>  to proceed.
If that doesn't work, type  X <return>  to quit.


! Package xcolor Error: Undefined color `sqllight'.

See the xcolor package documentation for explanation.
Type  H <return>  for immediate help.
 ...                                              
                                                  
l.732       \begin{block}{Relaciones N:M}
                                         
Try typing  <return>  to proceed.
If that doesn't work, type  X <return>  to quit.


! Package xcolor Error: Undefined color `sqlaccent'.

See the xcolor package documentation for explanation.
Type  H <return>  for immediate help.
 ...                                              
                                                  
l.732       \begin{block}{Relaciones N:M}
                                         
Try typing  <return>  to proceed.
If that doesn't work, type  X <return>  to quit.


! Package xcolor Error: Undefined color `sqlaccent'.

See the xcolor package documentation for explanation.
Type  H <return>  for immediate help.
 ...                                              
                                                  
l.732       \begin{block}{Relaciones N:M}
                                         
Try typing  <return>  to proceed.
If that doesn't work, type  X <return>  to quit.


! Package xcolor Error: Undefined color `sqlaccent'.

See the xcolor package documentation for explanation.
Type  H <return>  for immediate help.
 ...                                              
                                                  
l.732       \begin{block}{Relaciones N:M}
                                         
Try typing  <return>  to proceed.
If that doesn't work, type  X <return>  to quit.


! Package xcolor Error: Undefined color `sqllight'.

See the xcolor package documentation for explanation.
Type  H <return>  for immediate help.
 ...                                              
                                                  
l.732       \begin{block}{Relaciones N:M}
                                         
Try typing  <return>  to proceed.
If that doesn't work, type  X <return>  to quit.

! Extra }, or forgotten \endgroup.
\endframe ->\egroup 
                    \begingroup \def \@currenvir {frame}
l.741 \end{frame}
                 
I've deleted a group-closing symbol because it seems to be
spurious, as in `$x}$'. But perhaps the } is legitimate and
you forgot something else, as in `\hbox{$x}'. In such cases
the way to recover is to insert both the forgotten and the
deleted material, e.g., by typing `I$}'.


! Package xcolor Error: Undefined color `sqlaccent'.

See the xcolor package documentation for explanation.
Type  H <return>  for immediate help.
 ...                                              
                                                  
l.748 ...de Índices y Optimización de Consultas}
                                                  
Try typing  <return>  to proceed.
If that doesn't work, type  X <return>  to quit.

! Missing $ inserted.
<inserted text> 
                $
l.750 CREATE INDEX idx_
                       apellido ON clientes(apellido);
I've inserted a begin-math/end-math symbol since I think
you left one out. Proceed, with fingers crossed.

! Missing $ inserted.
<inserted text> 
                $
l.751 
      
I've inserted a begin-math/end-math symbol since I think
you left one out. Proceed, with fingers crossed.


Underfull \hbox (badness 10000) in paragraph at lines 749--751
[]\T1/lmss/m/n/12 (+20) -- �n-di-ce B-Tree es-t�n-dar pa-ra b�s-que-das r�-pi-d
as CREA-TE IN-DEX
 []

! Missing $ inserted.
<inserted text> 
                $
l.753 CREATE INDEX idx_
                       cat_precio ON productos(categoria_id, precio);
I've inserted a begin-math/end-math symbol since I think
you left one out. Proceed, with fingers crossed.

! Missing $ inserted.
<inserted text> 
                $
l.754 
      
I've inserted a begin-math/end-math symbol since I think
you left one out. Proceed, with fingers crossed.

! Missing $ inserted.
<inserted text> 
                $
l.756 CREATE UNIQUE INDEX uq_
                             correo ON usuarios(correo);
I've inserted a begin-math/end-math symbol since I think
you left one out. Proceed, with fingers crossed.

! Missing $ inserted.
<inserted text> 
                $
l.757 
      
I've inserted a begin-math/end-math symbol since I think
you left one out. Proceed, with fingers crossed.

! Missing $ inserted.
<inserted text> 
                $
l.759 CREATE FULLTEXT INDEX ft_
                               desc ON productos(descripcion);
I've inserted a begin-math/end-math symbol since I think
you left one out. Proceed, with fingers crossed.

! Missing $ inserted.
<inserted text> 
                $
l.760   \end{sqlbox}
                    
I've inserted a begin-math/end-math symbol since I think
you left one out. Proceed, with fingers crossed.

! Extra }, or forgotten \endgroup.
\endframe ->\egroup 
                    \begingroup \def \@currenvir {frame}
l.761 \end{frame}
                 
I've deleted a group-closing symbol because it seems to be
spurious, as in `$x}$'. But perhaps the } is legitimate and
you forgot something else, as in `\hbox{$x}'. In such cases
the way to recover is to insert both the forgotten and the
deleted material, e.g., by typing `I$}'.


! Package xcolor Error: Undefined color `sqlaccent'.

See the xcolor package documentation for explanation.
Type  H <return>  for immediate help.
 ...                                              
                                                  
l.764 ...ger Corporativo de Auditoría de Precios}
                                                  
Try typing  <return>  to proceed.
If that doesn't work, type  X <return>  to quit.


Overfull \hbox (1014.05898pt too wide) detected at line 774
\T1/lmss/m/sl/12 CREATETRIGGERtrg[]uditoria[]recioAFTERUPDATEONproductosFOREACH
ROWBEGINIFOLD\OML/lmm/m/it/12 :\T1/lmss/m/sl/12 precio \OML/lmm/m/it/12 <> \T1/
lmss/m/sl/12 NEW\OML/lmm/m/it/12 :\T1/lmss/m/sl/12 precioTHENINSERTINTOauditori
a[]recios\OT1/lmss/m/n/12 (\T1/lmss/m/sl/12 producto[]d\OML/lmm/m/it/12 ; \T1/l
mss/m/sl/12 precio[]nt\OML/lmm/m/it/12 ; \T1/lmss/m/sl/12 precio[]ew\OML/lmm/m/
it/12 ; \T1/lmss/m/sl/12 usuario\OML/lmm/m/it/12 ; \T1/lmss/m/sl/12 fecha\OT1/l
mss/m/n/12 )\T1/lmss/m/sl/12 VALUES\OT1/lmss/m/n/12 (\T1/lmss/m/sl/12 NEW\OML/l
mm/m/it/12 :\T1/lmss/m/sl/12 producto[]d\OML/lmm/m/it/12 ; \T1/lmss/m/sl/12 OLD
\OML/lmm/m/it/12 :\T1/lmss/m/sl/12 precio\OML/lmm/m/it/12 ; \T1/lmss/m/sl/12 NE
W\OML/lmm/m/it/12 :\T1/lmss/m/sl/12 precio\OML/lmm/m/it/12 ; \T1/lmss/m/sl/12 U
SER\OT1/lmss/m/n/12 ()\OML/lmm/m/it/12 ; \T1/lmss/m/sl/12 NOW\OT1/lmss/m/n/12 (
)); \T1/lmss/m/sl/12 ENDIF\OT1/lmss/m/n/12 ; \T1/lmss/m/sl/12 END
 []

! Extra }, or forgotten \endgroup.
\endframe ->\egroup 
                    \begingroup \def \@currenvir {frame}
l.777 \end{frame}
                 
I've deleted a group-closing symbol because it seems to be
spurious, as in `$x}$'. But perhaps the } is legitimate and
you forgot something else, as in `\hbox{$x}'. In such cases
the way to recover is to insert both the forgotten and the
deleted material, e.g., by typing `I$}'.


! Package xcolor Error: Undefined color `sqlaccent'.

See the xcolor package documentation for explanation.
Type  H <return>  for immediate help.
 ...                                              
                                                  
l.780 ...x}{Encapsulamiento Lógico Mediante VIEW}
                                                  
Try typing  <return>  to proceed.
If that doesn't work, type  X <return>  to quit.

! Missing $ inserted.
<inserted text> 
                $
l.781 CREATE VIEW vista_
                        pedidos_activos AS
I've inserted a begin-math/end-math symbol since I think
you left one out. Proceed, with fingers crossed.

! Missing $ inserted.
<inserted text> 
                $
l.786   \end{sqlbox}
                    
I've inserted a begin-math/end-math symbol since I think
you left one out. Proceed, with fingers crossed.


Overfull \hbox (272.08223pt too wide) in paragraph at lines 781--786
[]\T1/lmss/m/n/12 (-20) CREATE VIEW vista$[]\T1/lmss/m/sl/12 (-20) edidos[]ctiv
osASSELECTp\OML/lmm/m/it/12 :\T1/lmss/m/sl/12 (-20) pedido[]d\OML/lmm/m/it/12 ;
 \T1/lmss/m/sl/12 (-20) c\OML/lmm/m/it/12 :\T1/lmss/m/sl/12 (-20) nombreASclien
te\OML/lmm/m/it/12 ; \T1/lmss/m/sl/12 (-20) p\OML/lmm/m/it/12 :\T1/lmss/m/sl/12
 (-20) totalFROMpedidosASpINNERJOINclientesAScONp\OML/lmm/m/it/12 :\T1/lmss/m/s
l/12 (-20) cliente[]d \OT1/lmss/m/n/12 (-20) =
 []


! Package xcolor Error: Undefined color `sqlaccent'.

See the xcolor package documentation for explanation.
Type  H <return>  for immediate help.
 ...                                              
                                                  
l.788 ...imientos Almacenados (Stored Procedures)}
                                                  
Try typing  <return>  to proceed.
If that doesn't work, type  X <return>  to quit.

! Missing $ inserted.
<inserted text> 
                $
l.790 CALL sp_
              resumen_cliente(7, @num_pedidos, @monto);
I've inserted a begin-math/end-math symbol since I think
you left one out. Proceed, with fingers crossed.

! Missing $ inserted.
<inserted text> 
                $
l.792   \end{sqlbox}
                    
I've inserted a begin-math/end-math symbol since I think
you left one out. Proceed, with fingers crossed.


Underfull \hbox (badness 10000) in paragraph at lines 789--792
[]\T1/lmss/m/n/12 (+20) -- Eje-cu-ci�n mo-du-lar pa-ra-me-tri-za-da de al-ta se
-gu-ri-dad CALL
 []


Overfull \hbox (42.64645pt too wide) in paragraph at lines 789--792
\T1/lmss/m/n/12 (-20) sp$[]\T1/lmss/m/sl/12 (-20) esumen[]liente\OT1/lmss/m/n/1
2 (-20) (\T1/lmss/m/n/12 (-20) 7\OML/lmm/m/it/12 ; \OT1/lmss/m/n/12 (-20) @\T1/
lmss/m/sl/12 (-20) num[]edidos\OML/lmm/m/it/12 ; \OT1/lmss/m/n/12 (-20) @\T1/lm
ss/m/sl/12 (-20) monto\OT1/lmss/m/n/12 (-20) ); \T1/lmss/m/sl/12 (-20) SELECT\O
T1/lmss/m/n/12 (-20) @\T1/lmss/m/sl/12 (-20) num[]edidosASpedidos\OML/lmm/m/it/
12 ; \OT1/lmss/m/n/12 (-20) @\T1/lmss/m/sl/12 (-20) montoAStotal\OT1/lmss/m/n/1
2 (-20) ;$ 
 []

! Extra }, or forgotten \endgroup.
\endframe ->\egroup 
                    \begingroup \def \@currenvir {frame}
l.793 \end{frame}
                 
I've deleted a group-closing symbol because it seems to be
spurious, as in `$x}$'. But perhaps the } is legitimate and
you forgot something else, as in `\hbox{$x}'. In such cases
the way to recover is to insert both the forgotten and the
deleted material, e.g., by typing `I$}'.


! Package xcolor Error: Undefined color `sqlaccent'.

See the xcolor package documentation for explanation.
Type  H <return>  for immediate help.
 ...                                              
                                                  
l.796 ...nzado de Bloques Operativos y Savepoints}
                                                  
Try typing  <return>  to proceed.
If that doesn't work, type  X <return>  to quit.

! Missing $ inserted.
<inserted text> 
                $
l.799 INSERT INTO pedidos (cliente_
                                   id, total, fecha) VALUES (12, 1500.00, CU...
I've inserted a begin-math/end-math symbol since I think
you left one out. Proceed, with fingers crossed.

! Missing $ inserted.
<inserted text> 
                $
l.801 
      
I've inserted a begin-math/end-math symbol since I think
you left one out. Proceed, with fingers crossed.


Overfull \hbox (110.77142pt too wide) in paragraph at lines 799--801
[]\T1/lmss/m/n/12 (-20) INSERT IN-TO pe-di-dos (cliente$[]\T1/lmss/m/sl/12 (-20
) d\OML/lmm/m/it/12 ; \T1/lmss/m/sl/12 (-20) total\OML/lmm/m/it/12 ; \T1/lmss/m
/sl/12 (-20) fecha\OT1/lmss/m/n/12 (-20) )\T1/lmss/m/sl/12 (-20) VALUES\OT1/lms
s/m/n/12 (-20) (\T1/lmss/m/n/12 (-20) 12\OML/lmm/m/it/12 ; \T1/lmss/m/n/12 (-20
) 1500[]00\OML/lmm/m/it/12 ; \T1/lmss/m/sl/12 (-20) CURDATE\OT1/lmss/m/n/12 (-2
0) ()); \T1/lmss/m/sl/12 (-20) SAVEPOINTsp[]edido[]ase\OT1/lmss/m/n/12 (-20) ;$
 
 []

! Missing $ inserted.
<inserted text> 
                $
l.802 ...tos SET stock = stock - 3 WHERE producto_
                                                  id = 5;
I've inserted a begin-math/end-math symbol since I think
you left one out. Proceed, with fingers crossed.

! Missing $ inserted.
<inserted text> 
                $
l.803 
      
I've inserted a begin-math/end-math symbol since I think
you left one out. Proceed, with fingers crossed.

! Missing $ inserted.
<inserted text> 
                $
l.805 -- ROLLBACK TO sp_
                        pedido_base;
I've inserted a begin-math/end-math symbol since I think
you left one out. Proceed, with fingers crossed.

! Missing $ inserted.
<inserted text> 
                $
l.806 
      
I've inserted a begin-math/end-math symbol since I think
you left one out. Proceed, with fingers crossed.


! Package xcolor Error: Undefined color `sqlgreen'.

See the xcolor package documentation for explanation.
Type  H <return>  for immediate help.
 ...                                              
                                                  
l.809 ...nismo de Aislamiento de Motores (InnoDB)}
                                                  
Try typing  <return>  to proceed.
If that doesn't work, type  X <return>  to quit.


! Package xcolor Error: Undefined color `sqlgreen'.

See the xcolor package documentation for explanation.
Type  H <return>  for immediate help.
 ...                                              
                                                  
l.809 ...nismo de Aislamiento de Motores (InnoDB)}
                                                  
Try typing  <return>  to proceed.
If that doesn't work, type  X <return>  to quit.


! Package xcolor Error: Undefined color `sqlgreen'.

See the xcolor package documentation for explanation.
Type  H <return>  for immediate help.
 ...                                              
                                                  
l.809 ...nismo de Aislamiento de Motores (InnoDB)}
                                                  
Try typing  <return>  to proceed.
If that doesn't work, type  X <return>  to quit.


! Package xcolor Error: Undefined color `sqlgreen'.

See the xcolor package documentation for explanation.
Type  H <return>  for immediate help.
 ...                                              
                                                  
l.809 ...nismo de Aislamiento de Motores (InnoDB)}
                                                  
Try typing  <return>  to proceed.
If that doesn't work, type  X <return>  to quit.


! Package xcolor Error: Undefined color `sqlgreen'.

See the xcolor package documentation for explanation.
Type  H <return>  for immediate help.
 ...                                              
                                                  
l.809 ...nismo de Aislamiento de Motores (InnoDB)}
                                                  
Try typing  <return>  to proceed.
If that doesn't work, type  X <return>  to quit.


! Package xcolor Error: Undefined color `sqlgreen'.

See the xcolor package documentation for explanation.
Type  H <return>  for immediate help.
 ...                                              
                                                  
l.809 ...nismo de Aislamiento de Motores (InnoDB)}
                                                  
Try typing  <return>  to proceed.
If that doesn't work, type  X <return>  to quit.

! Extra }, or forgotten \endgroup.
\endframe ->\egroup 
                    \begingroup \def \@currenvir {frame}
l.812 \end{frame}
                 
I've deleted a group-closing symbol because it seems to be
spurious, as in `$x}$'. But perhaps the } is legitimate and
you forgot something else, as in `\hbox{$x}'. In such cases
the way to recover is to insert both the forgotten and the
deleted material, e.g., by typing `I$}'.

! Missing } inserted.
<inserted text> 
                }
l.815 \section{Conexión desde Código}
                                       
I've inserted something that you may have forgotten.
(See the <inserted text> above.)
With luck, this will get me unwedged. But if you
really didn't forget anything, try typing `2' now; then
my insertion and my current dilemma will both disappear.

! You can't use `\hrule' here except with leaders.
\frame  ... #1\vrule \@width \@wholewidth }\hrule 
                                                  \@height \@wholewidth \vsk...
l.815 \section{Conexión desde Código}
                                       
To put a horizontal rule in an hbox or an alignment,
you should use \leaders or \hrulefill (see The TeXbook).

! Missing number, treated as zero.
<to be read again> 
                   \vskip 
l.815 \section{Conexión desde Código}
                                       
A number should have been here; I inserted `0'.
(If you can't figure out why I needed to see a number,
look up `weird error' in the index to The TeXbook.)

! Illegal unit of measure (pt inserted).
<to be read again> 
                   \vskip 
l.815 \section{Conexión desde Código}
                                       
Dimensions can be in units of em, ex, in, pt, pc,
cm, mm, dd, cc, nd, nc, bp, or sp; but yours is a new one!
I'll assume that you meant to say pt, for printer's points.
To recover gracefully from this error, it's best to
delete the erroneous units; e.g., type `2' to delete
two letters. (See Chapter 27 of The TeXbook.)

! Missing } inserted.
<inserted text> 
                }
l.815 \section{Conexión desde Código}
                                       
I've inserted something that you may have forgotten.
(See the <inserted text> above.)
With luck, this will get me unwedged. But if you
really didn't forget anything, try typing `2' now; then
my insertion and my current dilemma will both disappear.


Overfull \hbox (29.76pt too wide) in paragraph at lines 815--815
 [][] 
 []

! Extra }, or forgotten \endgroup.
<recently read> }
                 
l.815 \section{Conexión desde Código}
                                       
I've deleted a group-closing symbol because it seems to be
spurious, as in `$x}$'. But perhaps the } is legitimate and
you forgot something else, as in `\hbox{$x}'. In such cases
the way to recover is to insert both the forgotten and the
deleted material, e.g., by typing `I$}'.

! Extra }, or forgotten \endgroup.
<recently read> }
                 
l.815 \section{Conexión desde Código}
                                       
I've deleted a group-closing symbol because it seems to be
spurious, as in `$x}$'. But perhaps the } is legitimate and
you forgot something else, as in `\hbox{$x}'. In such cases
the way to recover is to insert both the forgotten and the
deleted material, e.g., by typing `I$}'.

! Extra }, or forgotten \endgroup.
\endframe ->\egroup 
                    \begingroup \def \@currenvir {frame}
l.815 \section{Conexión desde Código}
                                       
I've deleted a group-closing symbol because it seems to be
spurious, as in `$x}$'. But perhaps the } is legitimate and
you forgot something else, as in `\hbox{$x}'. In such cases
the way to recover is to insert both the forgotten and the
deleted material, e.g., by typing `I$}'.


! Package xcolor Error: Undefined color `sqlaccent'.

See the xcolor package documentation for explanation.
Type  H <return>  for immediate help.
 ...                                              
                                                  
l.819 ...mentación Orientada a Objetos en Python}
                                                  
Try typing  <return>  to proceed.
If that doesn't work, type  X <return>  to quit.

! Missing $ inserted.
<inserted text> 
                $
l.822     host="localhost", user="app_
                                      user", password="s3cr3to", database="t...
I've inserted a begin-math/end-math symbol since I think
you left one out. Proceed, with fingers crossed.

! Missing $ inserted.
<inserted text> 
                $
l.828   \end{sqlbox}
                    
I've inserted a begin-math/end-math symbol since I think
you left one out. Proceed, with fingers crossed.


Underfull \hbox (badness 10000) in paragraph at lines 820--828
[]\T1/lmss/m/n/12 (+20) import mysql.connector conn = mysql.connector.connect(
 []


Underfull \hbox (badness 10000) in paragraph at lines 820--828
\T1/lmss/m/n/12 (+20) host="localhost", user=.[]pp$[]\T1/lmss/m/sl/12 (+20) ser
\OT1/lmss/m/n/12 (+20) "\OML/lmm/m/it/12 ; \T1/lmss/m/sl/12 (+20) password \OT1
/lmss/m/n/12 (+20) = "\T1/lmss/m/sl/12 (+20) s\T1/lmss/m/n/12 (+20) 3\T1/lmss/m
/sl/12 (+20) cr\T1/lmss/m/n/12 (+20) 3\T1/lmss/m/sl/12 (+20) to\OT1/lmss/m/n/12
 (+20) "\OML/lmm/m/it/12 ; \T1/lmss/m/sl/12 (+20) database \OT1/lmss/m/n/12 (+2
0) =
 []


Underfull \hbox (badness 10000) in paragraph at lines 820--828
\OT1/lmss/m/n/12 (+20) "\T1/lmss/m/sl/12 (+20) tienda[]nline\OT1/lmss/m/n/12 (+
20) ")\T1/lmss/m/sl/12 (+20) cursor \OT1/lmss/m/n/12 (+20) = \T1/lmss/m/sl/12 (
+20) conn\OML/lmm/m/it/12 :\T1/lmss/m/sl/12 (+20) cursor\OT1/lmss/m/n/12 (+20) 
(\T1/lmss/m/sl/12 (+20) dictionary \OT1/lmss/m/n/12 (+20) =
 []


Overfull \hbox (48.53348pt too wide) in paragraph at lines 820--828
\T1/lmss/m/sl/12 (-20) True\OT1/lmss/m/n/12 (-20) )\T1/lmss/m/sl/12 (-20) curso
r\OML/lmm/m/it/12 :\T1/lmss/m/sl/12 (-20) execute\OT1/lmss/m/n/12 (-20) ("\T1/l
mss/m/sl/12 (-20) SELECTnombre\OML/lmm/m/it/12 ; \T1/lmss/m/sl/12 (-20) precioF
ROMproductosLIMIT\T1/lmss/m/n/12 (-20) 5\OT1/lmss/m/n/12 (-20) ")\T1/lmss/m/sl/
12 (-20) for^^\laincursor\OML/lmm/m/it/12 :\T1/lmss/m/sl/12 (-20) fetchall\OT1/
lmss/m/n/12 (-20) () :
 []

(/usr/share/texmf-dist/tex/latex/listings/lstlang1.sty
File: lstlang1.sty 2025/11/14 1.11b listings language file
)
! Extra }, or forgotten \endgroup.
\endframe ->\egroup 
                    \begingroup \def \@currenvir {frame}
l.839 \end{frame}
                 
I've deleted a group-closing symbol because it seems to be
spurious, as in `$x}$'. But perhaps the } is legitimate and
you forgot something else, as in `\hbox{$x}'. In such cases
the way to recover is to insert both the forgotten and the
deleted material, e.g., by typing `I$}'.

! Missing } inserted.
<inserted text> 
                }
l.842 \section{Próximos Pasos}
                               
I've inserted something that you may have forgotten.
(See the <inserted text> above.)
With luck, this will get me unwedged. But if you
really didn't forget anything, try typing `2' now; then
my insertion and my current dilemma will both disappear.

! You can't use `\hrule' here except with leaders.
\frame  ... #1\vrule \@width \@wholewidth }\hrule 
                                                  \@height \@wholewidth \vsk...
l.842 \section{Próximos Pasos}
                               
To put a horizontal rule in an hbox or an alignment,
you should use \leaders or \hrulefill (see The TeXbook).

! Missing number, treated as zero.
<to be read again> 
                   \vskip 
l.842 \section{Próximos Pasos}
                               
A number should have been here; I inserted `0'.
(If you can't figure out why I needed to see a number,
look up `weird error' in the index to The TeXbook.)

! Illegal unit of measure (pt inserted).
<to be read again> 
                   \vskip 
l.842 \section{Próximos Pasos}
                               
Dimensions can be in units of em, ex, in, pt, pc,
cm, mm, dd, cc, nd, nc, bp, or sp; but yours is a new one!
I'll assume that you meant to say pt, for printer's points.
To recover gracefully from this error, it's best to
delete the erroneous units; e.g., type `2' to delete
two letters. (See Chapter 27 of The TeXbook.)

! Missing } inserted.
<inserted text> 
                }
l.842 \section{Próximos Pasos}
                               
I've inserted something that you may have forgotten.
(See the <inserted text> above.)
With luck, this will get me unwedged. But if you
really didn't forget anything, try typing `2' now; then
my insertion and my current dilemma will both disappear.


Overfull \hbox (29.76pt too wide) in paragraph at lines 842--842
 [][] 
 []

! Extra }, or forgotten \endgroup.
<recently read> }
                 
l.842 \section{Próximos Pasos}
                               
I've deleted a group-closing symbol because it seems to be
spurious, as in `$x}$'. But perhaps the } is legitimate and
you forgot something else, as in `\hbox{$x}'. In such cases
the way to recover is to insert both the forgotten and the
deleted material, e.g., by typing `I$}'.

! Extra }, or forgotten \endgroup.
<recently read> }
                 
l.842 \section{Próximos Pasos}
                               
I've deleted a group-closing symbol because it seems to be
spurious, as in `$x}$'. But perhaps the } is legitimate and
you forgot something else, as in `\hbox{$x}'. In such cases
the way to recover is to insert both the forgotten and the
deleted material, e.g., by typing `I$}'.

! Extra }, or forgotten \endgroup.
\endframe ->\egroup 
                    \begingroup \def \@currenvir {frame}
l.842 \section{Próximos Pasos}
                               
I've deleted a group-closing symbol because it seems to be
spurious, as in `$x}$'. But perhaps the } is legitimate and
you forgot something else, as in `\hbox{$x}'. In such cases
the way to recover is to insert both the forgotten and the
deleted material, e.g., by typing `I$}'.


! Package xcolor Error: Undefined color `sqlaccent'.

See the xcolor package documentation for explanation.
Type  H <return>  for immediate help.
 ...                                              
                                                  
l.848 ...{block}{Hitos de Consolidación Técnico}
                                                  
Try typing  <return>  to proceed.
If that doesn't work, type  X <return>  to quit.


! Package xcolor Error: Undefined color `sqllight'.

See the xcolor package documentation for explanation.
Type  H <return>  for immediate help.
 ...                                              
                                                  
l.848 ...{block}{Hitos de Consolidación Técnico}
                                                  
Try typing  <return>  to proceed.
If that doesn't work, type  X <return>  to quit.


! Package xcolor Error: Undefined color `sqlaccent'.

See the xcolor package documentation for explanation.
Type  H <return>  for immediate help.
 ...                                              
                                                  
l.848 ...{block}{Hitos de Consolidación Técnico}
                                                  
Try typing  <return>  to proceed.
If that doesn't work, type  X <return>  to quit.


! Package xcolor Error: Undefined color `sqlaccent'.

See the xcolor package documentation for explanation.
Type  H <return>  for immediate help.
 ...                                              
                                                  
l.848 ...{block}{Hitos de Consolidación Técnico}
                                                  
Try typing  <return>  to proceed.
If that doesn't work, type  X <return>  to quit.


! Package xcolor Error: Undefined color `sqlaccent'.

See the xcolor package documentation for explanation.
Type  H <return>  for immediate help.
 ...                                              
                                                  
l.848 ...{block}{Hitos de Consolidación Técnico}
                                                  
Try typing  <return>  to proceed.
If that doesn't work, type  X <return>  to quit.


! Package xcolor Error: Undefined color `sqllight'.

See the xcolor package documentation for explanation.
Type  H <return>  for immediate help.
 ...                                              
                                                  
l.848 ...{block}{Hitos de Consolidación Técnico}
                                                  
Try typing  <return>  to proceed.
If that doesn't work, type  X <return>  to quit.


! Package xcolor Error: Undefined color `sqlaccent'.

See the xcolor package documentation for explanation.
Type  H <return>  for immediate help.
 ...                                              
                                                  
l.850           \item D
                       iseñar diagramas entidad-relación (DER) normalizado...

Try typing  <return>  to proceed.
If that doesn't work, type  X <return>  to quit.


! Package xcolor Error: Undefined color `sqlaccent'.

See the xcolor package documentation for explanation.
Type  H <return>  for immediate help.
 ...                                              
                                                  
l.851           \item P
                       racticar perfiles de ejecución analizando consultas ...

Try typing  <return>  to proceed.
If that doesn't work, type  X <return>  to quit.


! Package xcolor Error: Undefined color `sqlgreen'.

See the xcolor package documentation for explanation.
Type  H <return>  for immediate help.
 ...                                              
                                                  
l.855 ...ock}{Laboratorios de Práctica Sugeridos}
                                                  
Try typing  <return>  to proceed.
If that doesn't work, type  X <return>  to quit.


! Package xcolor Error: Undefined color `sqlgreen'.

See the xcolor package documentation for explanation.
Type  H <return>  for immediate help.
 ...                                              
                                                  
l.855 ...ock}{Laboratorios de Práctica Sugeridos}
                                                  
Try typing  <return>  to proceed.
If that doesn't work, type  X <return>  to quit.


! Package xcolor Error: Undefined color `sqlgreen'.

See the xcolor package documentation for explanation.
Type  H <return>  for immediate help.
 ...                                              
                                                  
l.855 ...ock}{Laboratorios de Práctica Sugeridos}
                                                  
Try typing  <return>  to proceed.
If that doesn't work, type  X <return>  to quit.


! Package xcolor Error: Undefined color `sqlgreen'.

See the xcolor package documentation for explanation.
Type  H <return>  for immediate help.
 ...                                              
                                                  
l.855 ...ock}{Laboratorios de Práctica Sugeridos}
                                                  
Try typing  <return>  to proceed.
If that doesn't work, type  X <return>  to quit.


! Package xcolor Error: Undefined color `sqlgreen'.

See the xcolor package documentation for explanation.
Type  H <return>  for immediate help.
 ...                                              
                                                  
l.855 ...ock}{Laboratorios de Práctica Sugeridos}
                                                  
Try typing  <return>  to proceed.
If that doesn't work, type  X <return>  to quit.


! Package xcolor Error: Undefined color `sqlgreen'.

See the xcolor package documentation for explanation.
Type  H <return>  for immediate help.
 ...                                              
                                                  
l.855 ...ock}{Laboratorios de Práctica Sugeridos}
                                                  
Try typing  <return>  to proceed.
If that doesn't work, type  X <return>  to quit.


! Package xcolor Error: Undefined color `sqlaccent'.

See the xcolor package documentation for explanation.
Type  H <return>  for immediate help.
 ...                                              
                                                  
l.857           \item I
                       nstalación local y configuración óptima de motores...

Try typing  <return>  to proceed.
If that doesn't work, type  X <return>  to quit.


! Package xcolor Error: Undefined color `sqlaccent'.

See the xcolor package documentation for explanation.
Type  H <return>  for immediate help.
 ...                                              
                                                  
l.858           \item R
                       esolución de retos relacionales avanzados en platafo...

Try typing  <return>  to proceed.
If that doesn't work, type  X <return>  to quit.

! Extra }, or forgotten \endgroup.
\endframe ->\egroup 
                    \begingroup \def \@currenvir {frame}
l.867 \end{frame}
                 
I've deleted a group-closing symbol because it seems to be
spurious, as in `$x}$'. But perhaps the } is legitimate and
you forgot something else, as in `\hbox{$x}'. In such cases
the way to recover is to insert both the forgotten and the
deleted material, e.g., by typing `I$}'.

\tf@nav=\write6
\openout6 = `beamer.nav'.

\tf@toc=\write7
\openout7 = `beamer.toc'.

\tf@snm=\write8
\openout8 = `beamer.snm'.


! LaTeX Error: \begin{frame} on input line 845 ended by \end{document}.

See the LaTeX manual or LaTeX Companion for explanation.
Type  H <return>  for immediate help.
 ...                                              
                                                  
l.869 \end{document}
                    
Your command was ignored.
Type  I <command> <return>  to replace it with another command,
or  <return>  to continue without it.

(./beamer.aux
LaTeX Info: Redefining \. on input line 11.
LaTeX Info: Redefining \% on input line 11.
)
 ***********
LaTeX2e <2025-11-01>
L3 programming layer <2026-01-19>
 ***********
Package rerunfilecheck Info: File `beamer.out' has not changed.
(rerunfilecheck)             Checksum: A420C18AD6B8851CBAC0E991443EAA32;1203.

! You can't use `\end' in internal vertical mode.
\enddocument ...cument/end}\deadcycles \z@ \@@end 
                                                  
l.869 \end{document}
                    
Sorry, but I'm not programmed to handle this case;
I'll just pretend that you didn't ask for it.
If you're in the wrong mode, you might be able to
return to the right one by typing `I}' or `I$' or `I\par'.


! LaTeX Error: \begin{frame} on input line 845 ended by \end{document}.

See the LaTeX manual or LaTeX Companion for explanation.
Type  H <return>  for immediate help.
 ...                                              
                                                  
l.869 \end{document}
                    
Your command was ignored.
Type  I <command> <return>  to replace it with another command,
or  <return>  to continue without it.

)
! Emergency stop.
<*> beamer.tex
              
*** (job aborted, no legal \end found)

 
Here is how much of TeX's memory you used:
 35525 strings out of 469453
 719796 string characters out of 5469038
 1393813 words of memory out of 5000000
 63305 multiletter control sequences out of 15000+600000
 733018 words of font info for 185 fonts, out of 8000000 for 9000
 40 hyphenation exceptions out of 8191
 128i,15n,123p,1003b,1912s stack positions out of 10000i,1000n,20000p,200000b,200000s
!  ==> Fatal error occurred, no output PDF file produced!
